level,code,terrain,game_mode,player_powers,enemy_powers,speed,strategic_side,outcome,ticks,seconds,blue_population,red_population,blue_living_population,red_living_population,blue_mana,red_mana,blue_castles,red_castles,blue_peak_castles,red_peak_castles,blue_towns,red_towns,blue_action_markers,red_action_markers,blue_alive_slots,red_alive_slots,dead_slots,ruins,slots,war_tick,first_offense_tick,last_offense_tick,both_quakes,both_volcanoes,both_floods,both_knights,both_wars,blue_initial_population,red_initial_population,blue_initial_mana,red_initial_mana,state_hash,blue_exact_quakes,red_exact_quakes,blue_exact_swamps,red_exact_swamps,blue_exact_knights,red_exact_knights,blue_exact_volcanoes,red_exact_volcanoes,blue_exact_floods,red_exact_floods,blue_exact_wars,red_exact_wars,blue_unclassified_power_score,red_unclassified_power_score,blue_actual_towns,red_actual_towns,blue_actual_castles,red_actual_castles,blue_actual_knights,red_actual_knights,blue_actual_battles_won,red_actual_battles_won,blue_peak_actual_population,red_peak_actual_population,blue_peak_actual_towns,red_peak_actual_towns,blue_peak_actual_castles,red_peak_actual_castles,blue_peak_actual_knights,red_peak_actual_knights,blue_peak_actual_battles_won,red_peak_actual_battles_won
0,SHISODING,0,3,63,0,10,0,win,9218,1152.250,30595,0,30595,0,33352,30894,0,0,19,3,0,0,611,1461,2,0,138,0,140,8981,1920,8981,26,0,0,2,1,135,135,399,399,44d029b220943aa4f8df7bcd75ef98aa8765f7ea082f406cc2d161136e92a335,26,0,0,0,2,0,0,0,0,0,1,0,0,0,0,0,0,0,0,0,67,56,43708,22520,56,85,19,3,1,0,67,56
0,SHISODING,0,3,63,0,10,1,ongoing,9600,1200.000,58192,38337,58192,38337,6936,101116,25,3,25,8,10,38,1040,942,41,61,23,0,125,0,1121,9511,24,23,0,12,0,135,135,399,399,52c686938589471acdb6359ef84ba25222728cfa473aba4071176d31c12e3d3b,24,0,0,0,12,0,23,0,0,0,0,0,0,0,10,38,25,3,1,0,90,4,64632,67674,23,61,25,8,4,0,90,4
1,HURTOUTORD,0,3,63,0,10,0,win,2986,373.250,12712,1,12712,0,2282,-250,4,0,4,0,16,0,299,244,23,0,21,1,45,0,1501,2911,8,0,0,1,0,135,135,399,399,10b9fc8de01e518cf500d769fc61dc5de426b8268a77ad4a0c4b04df429530f0,8,0,0,0,1,0,0,0,0,0,0,0,0,0,16,0,4,0,1,0,28,0,12736,2677,17,22,4,0,1,0,28,0
1,HURTOUTORD,0,3,63,0,10,1,win,5503,687.875,0,32385,0,32385,6270,49977,0,7,5,7,0,29,546,547,0,53,41,0,94,0,2281,4111,0,3,0,1,0,135,135,399,399,9a70ce5d388a7978eaa45cb97a774bc4d7f3fffb4912e9fd65ebef3260273a5d,0,0,0,0,1,0,3,0,0,0,0,0,0,0,0,29,0,7,0,0,38,37,17126,33804,32,55,5,7,1,0,38,37
2,JOSAMAR,0,3,63,0,10,0,win,8668,1083.500,34687,0,34687,0,10545,66149,0,0,10,6,0,0,896,1115,6,0,79,0,85,8441,1921,8441,15,0,0,2,1,135,135,399,399,cd298baca5cb84bc323e6091f0261f95bc27c873487fac268f87b6769a866387,15,0,0,0,2,0,0,0,0,0,1,0,0,0,0,0,0,0,0,0,113,50,41657,19354,62,62,10,6,1,0,113,50
2,JOSAMAR,0,3,63,0,10,1,ongoing,9600,1200.000,87108,1123,87108,1122,1803,15230,20,0,20,8,37,12,1051,960,79,16,19,1,115,0,1321,9591,33,17,0,10,0,135,135,399,399,a0d1f9cd8408a7773593ac2b888df219dfa6e602c69d362b3972dcc7d813537f,33,0,1,0,10,0,17,0,0,0,0,0,0,0,37,12,20,0,5,0,213,5,87108,28650,49,40,20,8,5,0,213,5
3,TIMUSLUG,0,3,63,0,10,0,win,5605,700.625,29457,0,29457,0,21552,8859,2,0,2,4,48,0,539,523,72,0,9,0,81,0,1911,5511,9,0,0,3,0,135,135,399,399,74d4680affe59c503abc8fd3376bcc8011c7db00432e96457b074bbf31fbc4fc,9,0,0,0,3,0,0,0,0,0,0,0,0,0,48,0,2,0,2,0,95,28,29530,5548,49,27,2,4,2,0,95,28
3,TIMUSLUG,0,3,63,0,10,1,win,5317,664.625,0,41675,0,41675,5796,66804,0,3,1,5,0,65,460,532,0,92,9,0,101,0,2081,2981,2,0,0,0,0,135,135,399,399,af38ab91796a547a20edc571e038eed6dd3e73c6f0cd953f50d2e2e683a7a05f,2,0,0,0,0,0,0,0,0,0,0,0,0,0,0,65,0,3,0,0,36,60,10427,41747,28,69,1,5,0,0,36,60
4,CALDIEHILL,0,3,63,0,10,0,win,4611,576.375,32472,0,32472,0,16427,5856,0,0,11,3,0,0,496,551,3,0,93,0,96,4361,1281,4361,6,0,0,2,1,135,135,399,399,51a68fdd845b3579702135c4ca6214b0f99ce7f30673ea1f4e4475e7843eba6f,6,0,0,0,2,0,0,0,0,0,1,0,0,0,0,0,0,0,0,0,66,27,47277,14234,96,47,11,3,1,0,66,27
4,CALDIEHILL,0,3,63,0,10,1,win,9549,1193.625,0,57011,0,57011,1911,156445,0,7,7,8,0,73,1024,929,0,136,54,0,190,0,1631,8181,6,5,0,3,0,135,135,399,399,cf4483483a7d40d9fcb803b25d03d9a6b3b3adc8f04073819f9d50820a6534f7,6,0,0,0,3,0,5,0,0,0,0,0,0,0,0,73,0,7,0,0,154,88,16307,63035,51,101,7,8,1,0,154,88
5,SCOQUEMET,1,0,63,16,10,0,win,6214,776.750,25696,0,25696,0,31607,21904,4,0,4,9,69,0,545,591,89,0,35,0,124,0,1401,5861,4,2,0,2,0,135,135,399,399,528188af9ef93b4f56ea3a003a01025c387efdcd3e9ffcfa3b27cdee9d149a2e,4,0,0,0,2,0,2,0,0,0,0,0,0,0,69,0,4,0,1,0,19,5,25842,16623,69,35,4,9,1,0,19,5
5,SCOQUEMET,1,0,63,16,10,1,ongoing,9600,1200.000,31489,36326,31489,36326,8200,30078,7,4,11,5,14,40,1004,936,25,53,36,0,114,0,3001,8801,0,4,2,0,0,135,135,399,399,a888f7b4d6d632d9ae4d8b4c53349f2d4697bf5b5c004ef8d19453f0a6f9384a,0,0,0,0,0,0,4,0,0,2,0,0,0,0,14,40,7,4,0,0,2,2,31489,36326,25,64,11,5,0,0,2,2
6,SWAUER,1,0,63,16,10,0,win,8136,1017.000,8332,0,8332,0,2074,-234,0,0,8,8,8,0,814,792,14,0,73,0,87,0,1381,7991,16,2,1,5,0,135,135,399,399,04070e676cb1d90c3c0a618688b34bde13f0ced18564e1e71810d0b9b2793860,16,0,0,0,5,0,2,0,0,1,0,0,0,0,8,0,0,0,1,0,30,1,31509,21875,52,35,8,8,2,0,30,1
6,SWAUER,1,0,63,16,10,1,loss,7675,959.375,77907,1,77907,0,6974,-250,19,0,20,2,22,0,925,430,51,0,18,1,70,0,2801,7391,0,5,0,6,0,135,135,399,399,96f0c15ea0e9488393fb28d0da85d742ca19408541a7133a608f73c8c7510d2a,0,0,0,0,6,0,5,0,0,0,0,0,0,0,22,0,19,0,3,0,51,3,77961,5349,27,22,20,2,5,0,51,3
7,KILLPEING,1,0,63,16,10,0,win,8473,1059.125,15055,0,15055,0,68806,-250,0,0,8,6,27,0,848,788,39,0,65,0,104,0,1341,8371,12,0,1,2,0,135,135,399,399,71ede1879b1992ab40920fe3fe01beccd3b7e80f694b3124fc3f06a0e212056c,12,0,0,0,2,0,0,0,0,1,0,0,0,0,27,0,0,0,1,0,67,30,30347,10099,63,37,8,6,1,0,67,30
7,KILLPEING,1,0,63,16,10,1,ongoing,9600,1200.000,80740,246,80740,246,10554,17602,18,0,18,3,24,1,987,890,52,1,63,0,116,0,2141,9221,13,6,0,9,0,135,135,399,399,7353fdecd43810478aa4b16029eb48301d703197b6fa079b306f80e8659d6c19,13,0,0,0,9,0,6,0,0,0,0,0,0,0,24,1,18,0,2,0,196,6,80740,15277,45,51,18,3,4,0,196,6
8,EOAOZORD,1,0,63,16,10,0,ongoing,9600,1200.000,19154,15762,19154,15762,48292,12026,5,7,5,7,29,21,736,1166,43,31,15,0,89,0,1417,7511,18,0,1,2,0,135,135,399,399,316e11ec42373d7d0aa7b816e62861ed77878e3660a81af4fe73ad8f8d75759d,18,0,0,0,2,0,0,0,0,1,0,0,0,0,29,21,5,7,0,0,37,7,30847,15762,67,46,5,7,1,0,37,7
8,EOAOZORD,1,0,63,16,10,1,ongoing,9600,1200.000,25763,4133,25763,4133,4948,6480,9,0,19,8,14,37,1227,823,27,44,43,0,114,0,1641,9311,9,8,1,2,0,135,135,399,399,ff0b48ccd18ee78941ba0452c4f76b72ce15ab477e493f93a706cb882664ebb3,9,0,0,0,2,0,8,0,0,1,0,0,0,0,14,37,9,0,1,0,167,32,57113,21101,33,67,19,8,2,0,167,32
9,BURWILCON,1,0,63,16,10,0,win,7817,977.125,16356,0,16356,0,37572,2985,1,0,3,7,56,0,656,827,76,0,38,0,114,0,1341,7781,21,2,1,1,0,135,135,399,399,8ca51004dee583befdf222d2e4970704209b199bccb8e6300750331f2ed2056d,21,0,0,0,1,0,2,0,0,1,0,0,0,0,56,0,1,0,1,0,58,65,24185,18926,72,30,3,7,1,0,58,65
9,BURWILCON,1,0,63,16,10,1,loss,8053,1006.625,72265,1,72265,0,8622,-246,18,0,18,2,26,0,832,477,55,0,44,1,100,0,3031,7711,0,6,0,6,0,135,135,399,399,2f351be8d6347873b7bf3966fddd7eee1fb291e8895ce5ca5c27f04d0e2d4158,0,0,0,0,6,0,6,0,0,0,0,0,0,0,26,0,18,0,1,0,118,6,72313,7586,27,48,18,2,4,0,118,6
10,MORINGILL,2,0,63,11,10,0,ongoing,9600,1200.000,4118,2642,4118,2642,2351,2898,0,0,2,3,45,29,945,665,48,29,16,0,93,0,4345,9491,21,5,0,0,0,90,90,399,399,878345e99570cae757f212b3a2c19abd91594ca5c90aa7a1cb8d1803099de425,21,0,0,1,0,0,0,5,0,0,0,0,0,0,45,29,0,0,0,0,0,0,6356,3919,53,31,2,3,0,0,0,0
10,MORINGILL,2,0,63,11,10,1,ongoing,9600,1200.000,5260,11731,5260,11731,2975,806,0,2,5,6,31,30,950,960,41,37,0,0,78,0,1921,9591,25,4,0,1,0,90,90,399,399,bf63140f4675b1916eda88e37a95fe4b9f45f6619418a5a69c67c5c455853269,9,16,0,0,1,0,4,0,0,0,0,0,0,0,31,30,0,2,0,0,3,3,8558,12844,37,30,5,6,1,0,3,3
11,NIMIHILL,2,0,63,11,10,0,ongoing,9600,1200.000,15311,11184,15311,11184,19268,4927,4,7,6,11,48,26,960,879,57,35,2,0,94,0,3261,9011,11,6,0,1,0,90,90,399,399,5c631b68f634cc37fb3fca3adb161bff89d3b825a6c96ef8a0cb601162489909,11,0,0,0,1,0,1,5,0,0,0,0,0,0,48,26,4,7,0,0,3,1,19497,14470,50,31,6,11,1,0,3,1
11,NIMIHILL,2,0,63,11,10,1,ongoing,9600,1200.000,9447,19372,9447,19371,1410,1444,2,0,9,7,30,29,908,930,37,38,0,1,76,0,3151,9571,16,4,0,3,0,90,90,399,399,71a999f9d8ba215f93c87b3b0a18e2291a72fe4e3c4540b1226290635278a307,5,11,0,0,3,0,4,0,0,0,0,0,0,0,30,29,2,0,1,0,30,2,16049,20373,39,30,9,7,1,0,30,2
12,BILCEMET,2,0,63,11,10,0,ongoing,9600,1200.000,16135,11063,16135,11063,10423,9313,3,1,3,13,54,30,513,840,60,36,4,0,100,0,2511,9141,24,8,0,0,0,90,90,399,399,e62737c549c44cea2e36b527d82667d42cbf3310fe807146c2be3f2a1256353d,24,0,0,0,0,0,4,4,0,0,0,0,0,0,54,30,3,1,0,0,0,0,16135,14528,60,32,3,13,0,0,0,0
12,BILCEMET,2,0,63,11,10,1,win,8644,1080.500,0,18832,0,18832,3593,10584,0,7,3,7,0,67,760,657,0,80,5,0,85,0,1561,8261,29,3,0,0,0,90,90,399,399,a4a81a4d9bcde0a99d23ab2e65be7f82dfba11353fbbd885add49894462e9285,4,25,0,0,0,0,3,0,0,0,0,0,0,0,0,67,0,7,0,0,10,29,4548,18858,34,69,3,7,0,0,10,29
13,RINGMPED,2,0,63,11,10,0,ongoing,9600,1200.000,6944,6750,6944,6750,2720,966,2,0,8,9,56,26,925,1131,64,29,13,0,106,0,2191,9561,36,6,0,0,0,90,90,399,399,e3ed3c65f4bb368915852e30187a452f39156708971fec324b2a5d0e20c3f29f,22,14,0,0,0,0,0,6,0,0,0,0,0,0,56,26,2,0,0,0,8,27,11419,20582,62,41,8,9,0,0,8,27
13,RINGMPED,2,0,63,11,10,1,loss,6429,803.625,12993,1,12993,0,3944,-237,6,0,7,2,34,0,718,410,42,0,43,1,86,0,3161,6251,4,5,0,1,0,90,90,399,399,23b6fbb06cbe8b48e074cd4292f43b7407c98e96c21be260aa94ec4de692e9c1,0,4,0,0,1,0,5,0,0,0,0,0,0,0,34,0,6,0,1,0,48,0,13009,4892,41,41,7,2,1,0,48,0
14,WEAVHIPHAM,2,0,63,11,10,0,ongoing,9600,1200.000,37878,11647,37878,11647,79186,9695,13,6,13,6,53,19,797,959,75,28,6,0,109,0,2241,8341,17,3,0,0,0,90,90,399,399,d9bcfeec4c0f69984e34b3e86c1c23ae70ecb4cac873c5af3bdcc21ed340ac7c,9,8,0,0,0,0,0,3,0,0,0,0,0,0,53,19,13,6,0,0,32,19,37878,11647,57,31,13,6,0,0,32,19
14,WEAVHIPHAM,2,0,63,11,10,1,ongoing,9600,1200.000,290,13582,290,13582,536,1454,0,3,5,5,5,63,913,831,7,75,12,0,94,0,2161,9561,43,4,0,0,0,90,90,399,399,61103b84434ddfd33f3ab8f83d794330adf63809d3e3fbf3e051848684c9eff6,9,34,0,0,0,0,4,0,0,0,0,0,0,0,5,63,0,3,0,0,8,13,5889,13806,35,63,5,5,0,0,8,13
15,ALPOUTOND,3,0,63,2,9,0,win,6101,762.625,28969,0,28969,0,16573,23520,0,0,13,5,0,0,492,737,1,0,96,0,97,5869,595,5869,18,0,0,2,1,135,135,399,399,1fdb629622292ebce2c2a693eaed5040e0570f4f90c752cd7925896b2dee7901,18,0,0,0,2,0,0,0,0,0,1,0,0,0,0,0,0,0,0,0,87,72,48128,12846,53,41,13,5,1,0,87,72
15,ALPOUTOND,3,0,63,2,9,1,win,4691,586.375,0,16787,0,16787,379,5963,0,1,5,4,0,82,485,522,0,128,9,0,137,0,1684,4647,0,3,0,2,0,135,135,399,399,23bde2016efed0519075c157adafdc3c8b689eda62cc527942de1b3182c151a1,0,0,2,1,2,0,3,0,0,0,0,0,0,0,0,82,0,1,0,0,132,13,14949,17754,31,82,5,4,2,0,132,13
16,BADACON,3,0,63,2,9,0,win,4900,612.500,32272,0,32272,0,16509,47731,0,0,8,9,0,0,520,616,2,0,79,0,81,4681,964,4681,4,0,0,2,1,135,135,399,399,420bbb1b8abe6f02de8ab492373d1255ff97be89cf81649249ca2b067ae0ecb4,4,0,0,0,2,0,0,0,0,0,1,0,0,0,0,0,0,0,0,0,107,27,51998,18983,60,41,8,9,1,0,107,27
16,BADACON,3,0,63,2,9,1,win,6734,841.750,0,80630,0,80630,-132,51053,0,7,4,8,0,109,842,533,0,180,8,0,188,0,1018,5131,4,1,0,2,0,135,135,399,399,7281dbc531b29724db750300c16864ed09bdb2d10bf408d4fb5891334ae0c19b,4,0,1,26,2,0,1,0,0,0,0,0,0,0,0,109,0,7,0,0,21,47,11496,80936,35,109,4,8,1,0,21,47
17,IMMUSILL,3,0,63,2,9,0,win,5401,675.125,29003,0,29003,0,35647,40461,8,0,8,5,38,0,557,602,64,0,14,0,78,0,4996,4996,0,0,0,1,0,135,135,399,399,560a5e3260015a105ec3c0642bb2e8445a936da8088eb17d78ea264982156e44,0,0,0,1,1,0,0,0,0,0,0,0,0,0,38,0,8,0,1,0,114,81,29021,8201,46,17,8,5,1,0,114,81
17,IMMUSILL,3,0,63,2,9,1,win,1582,197.750,0,5818,0,5818,-211,6746,0,3,0,3,0,19,159,174,0,29,2,0,31,0,0,0,0,0,0,0,0,135,135,399,399,9a0661eacefaad677b58aaffbf62e8ee6231b3ab656092bef0125960c8cceb6f,0,0,0,0,0,0,0,0,0,0,0,0,0,0,0,20,0,3,0,0,2,14,613,5880,8,20,0,3,0,0,2,14
18,HOBDIETORY,3,0,63,2,9,0,win,5742,717.750,30700,2,30700,0,33091,1200,5,0,6,6,48,0,631,665,82,0,10,2,94,0,1414,5203,3,0,0,5,0,135,135,399,399,e1ee84be30c0f8882fe6504b1a4dc5c63019833f60b60e5d0faba02f642d1c7e,3,0,0,8,5,0,0,0,0,0,0,0,0,0,48,0,5,0,1,0,66,9,30826,12934,54,30,6,6,2,0,66,9
18,HOBDIETORY,3,0,63,2,9,1,win,6036,754.500,0,78287,0,78287,1642,66000,0,17,3,17,0,51,664,644,0,109,4,0,113,0,2890,4924,0,2,0,0,0,135,135,399,399,8e5abf657ca7a1f71bb9e35fb8268d1823e56cf8d6571812ff9fcee2c5f45f62,0,0,0,26,0,0,2,0,0,0,0,0,0,0,0,51,0,17,0,0,15,25,7463,78399,30,54,3,17,0,0,15,25
19,BUGQUEEND,3,0,63,2,9,0,win,4003,500.375,25246,0,25246,0,35831,-250,0,0,19,5,0,0,413,490,1,0,29,0,30,3772,865,3772,9,0,0,1,1,135,135,399,399,fea52c974096c50927c0633cce9cadb6b5e3bb1ade5709cc690524c69c6a2b05,9,0,0,0,1,0,0,0,0,0,1,0,0,0,0,0,0,0,0,0,12,3,41767,18763,15,28,19,5,1,0,12,3
19,BUGQUEEND,3,0,63,2,9,1,win,9276,1159.500,0,127221,0,127221,4574,130645,0,27,6,27,0,75,1113,1005,0,148,15,0,163,0,1720,5941,0,2,0,1,0,135,135,399,399,3b9898606d35e85dc7a91d878c35d084a8fd0b59bca60893ec1322462c55fc97,0,0,1,41,1,0,2,0,0,0,0,0,0,0,0,76,0,26,0,0,39,87,14025,128270,35,85,6,27,1,0,39,87
20,SHADTED,2,0,63,32,9,0,ongoing,9600,1200.000,43388,15136,43388,15136,68824,76049,16,7,16,19,61,21,742,927,90,35,4,0,129,0,2521,9478,1,2,0,2,0,270,135,399,399,ecf797e67c18dd826908889bc4dc6f15c6011e5610749cbf8a1e14eff6d5db59,1,0,0,0,2,0,2,0,0,0,0,0,0,0,61,21,16,7,1,0,17,40,53077,41446,65,34,16,19,1,0,17,40
20,SHADTED,2,0,63,32,9,1,ongoing,9600,1200.000,105256,11124,105256,11124,3858,87632,30,0,30,2,33,75,1184,974,77,81,4,0,162,0,3241,9460,0,8,0,3,0,270,135,399,399,feabd39459a739c3515dec06d157a46317bd005e52c1a310983c9f4382ffe13c,0,0,0,0,3,0,8,0,0,0,0,0,0,0,33,75,30,0,2,0,48,1,105779,12882,36,75,30,2,2,0,48,1
21,CORPEHAM,2,0,63,32,9,0,win,9408,1176.000,1892,0,1892,0,4080,59321,0,0,5,11,0,0,779,1049,1,0,90,0,91,9118,2152,9118,5,2,0,0,1,270,135,399,399,81d7bf0840c776e5116a4d39c2628d71b13835a74e25be946936a36913e37e9a,5,0,0,0,0,0,2,0,0,0,1,0,0,0,0,0,0,0,0,0,8,19,28784,20762,73,27,5,11,0,0,8,19
21,CORPEHAM,2,0,63,32,9,1,ongoing,9600,1200.000,55482,11600,55482,11600,8806,49108,10,5,20,7,17,42,1118,960,33,52,13,0,98,0,1873,8776,8,3,0,4,0,270,135,399,399,82dd46c1c0fbd70af25ee920f45025ff4ae39dc9cfe803addafea11164f75576,8,0,0,0,4,0,3,0,0,0,0,0,0,0,17,42,10,5,1,0,57,17,58472,16924,24,45,20,7,2,0,57,17
22,BINOZOND,2,0,63,32,9,0,win,7344,918.000,4699,0,4699,0,2805,31693,0,0,7,9,0,0,661,809,1,0,31,0,32,7093,1765,7093,9,0,0,0,1,270,135,399,399,ae9c10192b4f88247056cdb27b07e228fe40c148d518e21aed85c38f8788f3f7,9,0,0,0,0,0,0,0,0,0,1,0,0,0,0,0,0,0,0,0,23,22,25033,13938,77,28,7,9,0,0,23,22
22,BINOZOND,2,0,63,32,9,1,loss,8566,1070.750,52785,1,52785,0,3667,18472,13,0,20,6,23,0,967,945,45,0,20,1,66,0,1666,8470,9,4,0,6,0,270,135,399,399,16daf372dd77303f05dbb158e8bdfd222611447020f19ad1260c222fb94350fb,9,0,0,0,6,0,4,0,0,0,0,0,0,0,23,0,13,0,0,0,159,4,52897,11603,25,63,20,6,4,0,159,4
23,SADWILLOW,2,0,63,32,9,0,ongoing,9600,1200.000,20393,13082,20393,13082,32694,60380,3,2,3,10,54,24,753,1116,68,30,4,0,102,0,1864,8848,20,4,0,0,0,270,135,399,399,e6c05c19549d83a8028d1076d7c44d7a8ad49007d5ec2f33a3f136cd0bfde7d8,20,0,0,0,0,0,4,0,0,0,0,0,0,0,54,24,3,2,0,0,0,0,20542,15037,56,27,3,10,0,0,0,0
23,SADWILLOW,2,0,63,32,9,1,loss,7564,945.500,65695,1,65695,0,2265,4998,22,0,22,4,29,0,898,553,64,0,15,1,80,0,2152,7516,5,4,0,4,0,270,135,399,399,fe602ef224a923597db2416d200f32874e6160314381ff722fe58c46a1c7524f,5,0,0,0,4,0,4,0,0,0,0,0,0,0,29,0,22,0,2,0,76,3,65802,10509,34,32,22,4,3,0,76,3
24,LOWINGICK,2,0,63,32,9,0,ongoing,9600,1200.000,16019,762,16019,762,25302,39745,4,0,4,2,85,5,781,903,99,5,2,0,106,0,2368,9023,42,0,0,0,0,270,135,399,399,62853dc232be10d55c09979bceacdc3f4eef61653a1841e8138fbf0d8a9a7641,42,0,0,0,0,0,0,0,0,0,0,0,0,0,85,5,4,0,0,0,4,1,16019,3293,89,28,4,2,0,0,4,1
24,LOWINGICK,2,0,63,32,9,1,win,7742,967.750,0,26824,0,26824,6874,1315,0,0,2,12,0,0,590,805,0,13,63,0,76,7633,7633,7633,0,0,0,0,1,270,135,399,399,5c6603fc81c8e25407bbaffa81cffda35b63f7b3a2cf5c82b07adc9c22906620,0,0,1,0,0,0,0,0,0,0,0,1,0,0,0,0,0,0,0,0,12,31,1833,33490,19,63,2,12,0,0,12,31
25,QAZITORY,3,17,15,11,9,0,win,7055,881.875,98079,0,98079,0,15313,6570,14,0,14,2,102,0,784,890,176,0,10,0,186,0,973,6805,99,0,0,1,0,135,135,399,399,e5e4bcbe90268fa7e6abed7c7289439c10d6639b377a1a40c97d59fed1012ae0,98,1,0,0,1,0,0,0,0,0,0,0,0,0,102,0,14,0,1,0,86,67,98436,7313,105,32,14,2,1,0,86,67
25,QAZITORY,3,17,15,11,9,1,win,5825,728.125,0,104571,0,104571,1608,14881,0,4,1,4,0,133,720,413,0,207,1,0,208,0,1072,5281,40,0,0,0,0,135,135,399,399,7396cfdd027434d9ddb284bd277b868448be489d7b2d0da42fc3a3b42e36fb0b,0,40,0,0,0,0,0,0,0,0,0,0,0,0,0,134,0,4,0,0,19,31,6732,104629,28,137,1,4,0,0,19,31
26,VERYMEEND,3,17,15,11,9,0,win,4717,589.625,67273,1,67273,0,30341,-250,19,0,19,2,48,0,522,511,100,0,1,1,102,0,1225,4429,50,0,0,1,0,135,135,399,399,7679aba6da4aa3c1924ba038fdcc2d0194e93506ae1dc6f7a7638e33c7ec240c,49,1,0,0,1,0,0,0,0,0,0,0,0,0,48,0,19,0,1,0,29,12,67464,3877,50,25,19,2,1,0,29,12
26,VERYMEEND,3,17,15,11,9,1,win,6102,762.750,0,52172,0,52172,9992,22211,0,19,3,19,0,41,715,671,0,88,14,0,102,0,1441,5779,29,1,0,0,0,135,135,399,399,984edcfad2d55be3ce265bd2c8b5be909392dcb027914a2be94a17f63171ea92,0,29,1,0,0,0,1,0,0,0,0,0,0,0,0,41,0,19,0,0,27,30,8783,52284,31,50,3,19,0,0,27,30
27,MINMPME,3,17,15,11,9,0,win,5456,682.000,64205,1,64205,0,32385,4469,10,0,10,1,78,0,551,546,136,0,10,1,147,0,1369,4744,26,0,0,1,0,135,135,399,399,cd66b55cd3a2ec9bcbd1dc44be1ace2c8350330b1801b7c8e68bcb284c65fd53,25,1,0,0,1,0,0,0,0,0,0,0,0,0,78,0,10,0,1,0,43,66,64205,7144,86,26,10,1,1,0,43,66
27,MINMPME,3,17,15,11,9,1,ongoing,9600,1200.000,1793,106561,1793,106561,6238,1986,0,7,2,7,14,68,1049,586,21,116,1,0,138,0,991,9561,94,0,0,0,0,135,135,399,399,c8e5e123501d9b68eb21486eb634b51f1d1d781f1beb413204a645a0e7499976,2,92,0,0,0,0,0,0,0,0,0,0,0,0,14,68,0,7,0,0,6,18,7565,108085,24,75,2,7,0,0,6,18
28,HAMHIPOLD,3,17,15,11,9,0,win,7483,935.375,24918,0,24918,0,12188,1451,2,0,6,8,93,0,821,1009,138,0,13,0,151,0,1738,7390,20,7,0,0,0,135,135,399,399,9d6ccd62b37673eb4304e9db7a122a5490762e7da331a8c698b813193d70027d,20,0,0,1,0,0,0,7,0,0,0,0,0,0,93,0,2,0,0,0,90,61,26588,17491,93,43,6,8,0,0,90,61
28,HAMHIPOLD,3,17,15,11,9,1,win,6299,787.375,0,56788,0,56788,2461,14461,0,5,1,5,0,74,715,700,0,124,16,0,140,0,1117,5770,40,0,0,0,0,135,135,399,399,e6f3c3674bcda554b27ef4c07171e41c68133ba90fd1ac455e78ed2b0f1775e8,1,39,0,0,0,0,0,0,0,0,0,0,0,0,0,74,0,5,0,0,6,20,9196,56848,26,74,1,5,0,0,6,20
29,FUTOUTBOY,3,17,15,11,9,0,win,8159,1019.875,71473,0,71473,0,5813,-3,5,0,7,4,83,0,773,1003,139,0,7,0,146,0,1027,8002,69,1,0,0,0,135,135,399,399,5f9bb8ffcaba4107c5ab51ef6a866040f232897e741c09a28df450b8775b7976,67,2,0,0,0,0,0,1,0,0,0,0,0,0,83,0,5,0,0,0,23,10,75909,13422,84,27,7,4,0,0,23,10
29,FUTOUTBOY,3,17,15,11,9,1,win,7254,906.750,0,85268,0,85268,2476,10515,0,13,2,13,0,86,977,673,0,140,10,0,150,0,1054,7192,82,0,0,0,0,135,135,399,399,0deb70471b040f4561d8cdb9c3dbfe055ca4b6ffb1fffa310303ee2b2868bea4,1,81,0,0,0,0,0,0,0,0,0,0,0,0,0,86,0,13,0,0,38,128,8286,85432,42,87,2,13,0,0,38,128
30,SUZALOW,0,16,55,8,8,0,ongoing,9600,1200.000,28670,2870,28670,2869,13656,3767,5,0,8,4,60,21,731,1825,90,27,0,1,118,0,721,9153,39,5,0,1,0,135,135,399,399,3d5d9d14127c597b47bb6e6c6a0a482b0dddf4ec4b4ff7a759d814880d8af8a7,39,0,0,0,1,0,0,5,0,0,0,0,0,0,60,21,5,0,1,0,92,83,28670,22106,61,41,8,4,1,0,92,83
30,SUZALOW,0,16,55,8,8,1,win,9141,1142.625,0,54054,0,54054,-209,117456,0,4,7,4,0,82,1359,1060,0,122,26,0,148,0,1137,8081,1,7,0,5,0,135,135,399,399,01060f8e0517bdcc5a4f8a03b71abc2be8bf82b029103e0859feb73571d8eb6b,1,0,0,0,5,0,0,7,0,0,0,0,0,0,0,82,0,4,0,0,130,121,14883,54966,31,83,7,4,2,0,130,121
31,DOUUSICK,0,16,55,8,8,0,loss,4780,597.500,0,27715,0,27715,-207,4076,0,11,3,11,0,23,251,598,0,40,12,0,52,0,809,4657,6,7,0,0,0,135,135,399,399,7ad7acda5fd7b1adab363fb02ac9e10b0dbec41de45bec4918cd22d45907aefa,6,0,0,0,0,0,0,7,0,0,0,0,0,0,0,24,0,11,0,0,5,31,4962,27719,10,35,3,11,0,0,5,31
31,DOUUSICK,0,16,55,8,8,1,ongoing,9600,1200.000,2607,34215,2607,34215,4618,90467,0,11,5,12,16,30,1755,1129,20,60,0,0,80,0,1665,8809,0,2,1,5,0,135,135,399,399,10348df341ecc24eff79c27425d94f0ab2df532e46a9b568015635e3b7ea1452,0,0,0,0,5,0,0,2,1,0,0,0,0,0,16,30,0,11,0,0,114,44,12599,37346,28,35,5,12,2,0,114,44
32,SHIDIEHOLE,0,16,55,8,8,0,win,6599,824.875,54426,0,54426,0,8979,-250,1,0,7,5,105,0,633,916,147,0,12,0,159,0,1129,6289,31,3,0,2,0,135,135,399,399,65cbccd23cc0a7545dab4a8e52854b50666bd33712d68da31c6bcc18315a3c5f,31,0,0,0,2,0,0,3,0,0,0,0,0,0,105,0,1,0,0,0,65,50,54551,12336,106,27,7,5,1,0,65,50
32,SHIDIEHOLE,0,16,55,8,8,1,ongoing,9600,1200.000,8319,76063,8319,76062,21181,164346,0,25,4,25,21,52,1250,1017,32,93,0,1,126,0,1561,9257,0,9,0,9,0,135,135,399,399,dbf49e27327c7465724972dd92518f0a3fddf0a3db442231411f5b0efb48041b,0,0,0,0,9,0,0,9,0,0,0,0,0,0,21,52,0,25,2,0,148,49,12112,76063,35,52,4,25,2,0,148,49
33,HURTLOPLAS,0,16,55,8,8,0,win,6258,782.250,48099,0,48099,0,7627,-250,0,0,14,9,0,0,778,860,14,0,149,0,163,6073,1001,6073,27,3,0,2,1,135,135,399,399,58395e2a9832f4b45a4256cbe1b67a44acdfd83a9451637121e867592d55c3b4,27,0,0,0,2,0,0,3,0,0,1,0,0,0,0,0,0,0,0,0,77,53,50959,18279,100,29,14,9,1,0,77,53
33,HURTLOPLAS,0,16,55,8,8,1,win,8887,1110.875,0,86678,0,86678,619,85356,0,2,6,4,0,94,1192,932,0,138,24,0,162,0,1233,5825,2,4,1,4,0,135,135,399,399,981ec179fcf63835b6be4225fa62ba7ea5274527738c25787add35013f31c891,2,0,0,0,4,0,0,4,1,0,0,0,0,0,0,94,0,2,0,0,173,47,13488,86789,22,99,6,4,2,0,173,47
34,JOSTME,0,16,55,8,8,0,win,5743,717.875,28132,0,28132,0,10152,-250,0,0,8,8,0,0,691,807,2,0,25,0,27,5489,1281,5489,5,2,0,4,1,135,135,399,399,d4be9cc0c0451a85752530d8241c23d924cfd92c57dc89b8ba802bf2ef6e031b,5,0,0,0,4,0,0,2,0,0,1,0,0,0,0,0,0,0,0,0,48,22,45134,11753,57,22,8,8,1,0,48,22
34,JOSTME,0,16,55,8,8,1,win,8944,1118.000,0,102572,0,102572,1542,260596,0,21,3,21,0,76,1165,1044,0,132,5,0,137,0,1465,8418,1,7,0,4,0,135,135,399,399,1948324392a31ff22ecc84822d6c7ad75502819651bf1d204a46ff132c699346,1,0,0,0,4,0,0,7,0,0,0,0,0,0,0,76,0,21,0,0,114,70,12002,102572,24,77,3,21,2,0,114,70
35,TIMPEOLD,1,16,63,3,8,0,win,8970,1121.250,30088,0,30088,0,18938,32639,0,0,17,13,0,0,849,1286,1,0,92,0,93,8721,1665,8721,4,2,0,3,1,45,135,399,399,491a639acd9fdc41069ab81d3f2d0ebe7650b04f268b780fbefac6d07cab2d12,3,1,0,0,3,0,2,0,0,0,1,0,0,0,0,0,0,0,0,0,83,94,53524,19069,88,31,17,13,1,0,83,94
35,TIMPEOLD,1,16,63,3,8,1,ongoing,9600,1200.000,2485,35200,2485,35200,1720,7327,0,2,2,4,20,50,1191,628,24,68,11,0,103,0,1289,9401,62,1,0,0,0,45,135,399,399,fae0dfaf0d09e6ed87feb9c018d1ef71c15d3ae1103006a0a3106fa88a615f08,2,60,0,0,0,0,1,0,0,0,0,0,0,0,20,50,0,2,0,0,0,0,3132,35227,23,59,2,4,0,0,0,0
36,CALOZBOY,1,16,63,3,8,0,win,9111,1138.875,57847,0,57847,0,13124,50197,0,0,26,9,0,0,763,1123,11,0,128,0,139,8969,2537,8969,3,0,0,5,1,45,135,399,399,ab5d36b41fef338877070fbf6cda5148e1f135b7b9acfbe09c5514152caf132a,3,0,0,0,5,0,0,0,0,0,1,0,0,0,0,0,0,0,0,0,79,64,78046,20143,80,23,26,9,1,0,79,64
36,CALOZBOY,1,16,63,3,8,1,win,5439,679.875,0,26601,0,26601,7144,1930,0,4,6,4,0,100,716,615,0,126,13,0,139,0,1449,5425,28,0,0,1,0,45,135,399,399,19ad9114ca12dad88b7583e51b575f899bf9d5d4dbda042a9568af7c2023e46d,1,27,0,0,1,0,0,0,0,0,0,0,0,0,0,100,0,4,0,0,28,17,7294,26810,22,100,6,4,1,0,28,17
37,SCOWILDOR,1,16,63,3,8,0,win,7856,982.000,27958,0,27958,0,16344,21574,0,0,17,13,0,0,779,1046,18,0,101,0,119,7705,1505,7705,8,1,0,3,1,45,135,399,399,a190f7a66cf2baaf112c2b6141614a9571d06a24fc61899ac559f0c8784a3580,6,2,0,0,3,0,1,0,0,0,1,0,0,0,0,0,0,0,0,0,101,34,47984,17265,66,20,17,13,1,0,101,34
37,SCOWILDOR,1,16,63,3,8,1,win,8492,1061.500,0,74148,0,74148,-79,29005,0,13,3,13,0,83,924,836,0,120,7,0,127,0,1849,8090,41,1,0,0,0,45,135,399,399,ef6e72159fa708ae05a52439624d36efa575bf9b392c03ba32360f19a34e9447,0,41,0,0,0,0,1,0,0,0,0,0,0,0,0,83,0,13,0,0,30,46,3804,74277,21,85,3,13,0,0,30,46
38,SWAINGPAL,1,16,63,3,8,0,win,8226,1028.250,12935,0,12935,0,15948,18491,0,0,15,10,0,0,867,1026,3,0,111,0,114,8009,1681,8009,11,1,0,2,1,45,135,399,399,29e58ebfd6f5b28b30cb2bd072e06fcef14141bff70c00eafbeb4b36947ace1c,9,2,0,0,2,0,1,0,0,0,1,0,0,0,0,0,0,0,0,0,28,20,43782,25217,73,21,15,10,1,0,28,20
38,SWAINGPAL,1,16,63,3,8,1,ongoing,9600,1200.000,2302,85974,2302,85974,4275,2496,0,12,2,12,17,55,1219,1149,22,88,0,0,110,0,1401,9545,74,1,0,0,0,45,135,399,399,955a762422cb55f819410295a8793aa8562e4b6c8090970629f76de9d8a2c9dd,0,74,0,0,0,0,1,0,0,0,0,0,0,0,17,55,0,12,0,0,0,0,3407,85974,25,55,2,12,0,0,0,0
39,KILLOHOLE,1,16,63,3,8,0,ongoing,9600,1200.000,40218,17695,40218,17695,66236,52666,15,12,15,15,86,7,493,1229,127,26,2,0,155,0,1417,6479,26,0,0,0,0,45,135,399,399,0f6e8723adff991462ed85d087926fe219bb81fb1962998204a4970b25664355,24,2,0,0,0,0,0,0,0,0,0,0,0,0,86,7,15,12,0,0,53,36,40218,19514,91,26,15,15,0,0,53,36
39,KILLOHOLE,1,16,63,3,8,1,win,8428,1053.500,0,99563,0,99563,121,11957,0,24,3,24,0,113,1107,781,0,169,3,0,172,0,1487,8145,50,1,0,1,0,45,135,399,399,f948ef20520d9098f0aef4f423be1e4111106c2f2559f2431540479bf778d6fd,3,47,0,0,1,0,1,0,0,0,0,0,0,0,0,113,0,24,0,0,19,35,7632,99708,27,114,3,24,1,0,19,35
40,EOAMELAS,2,16,63,16,8,0,win,8647,1080.875,214,0,214,0,6388,35223,0,0,9,16,0,0,721,767,1,0,95,0,96,8337,8337,8337,0,0,0,0,1,135,135,399,399,7472f2a54b2c14585d3b2e00b319cd0c99d780f6e3c853a57d09dcd195910f43,0,0,0,0,0,0,0,0,0,0,1,0,0,0,0,0,0,0,0,0,24,60,27287,20993,88,14,9,16,0,0,24,60
40,EOAMELAS,2,16,63,16,8,1,loss,6841,855.125,57851,2,57851,0,6804,-250,20,0,20,2,3,0,816,696,28,0,40,2,70,0,4273,6641,0,2,0,4,0,135,135,399,399,c284fd2d4de209350818e8076e7efe6cabdf35302fbf049dad3b573266c37e4d,0,0,2,0,4,0,2,0,0,0,0,0,0,0,3,0,20,0,3,0,95,1,57869,6286,10,44,20,2,3,0,95,1
41,BURMPAL,2,16,63,16,8,0,loss,7392,924.000,0,20089,0,20089,-250,12779,0,5,4,14,0,13,742,996,0,20,28,0,48,0,4545,6073,2,0,1,0,0,135,135,399,399,b2b0717c94a29b864e289d6c3d6bb95ee95e42412683168bb84191c56dcb6bdd,2,0,0,0,0,0,0,0,0,1,0,0,0,0,0,13,0,5,0,0,2,32,6070,29729,21,19,4,14,0,0,2,32
41,BURMPAL,2,16,63,16,8,1,ongoing,9600,1200.000,25878,15527,25878,15527,1216,40825,17,9,18,11,5,51,1065,1118,30,72,10,0,112,0,2465,9593,6,2,0,9,0,135,135,399,399,1e56c7469acd047eb672d7d563aee81babecb9b4924492c07226ce4631924ea7,6,0,0,0,9,0,2,0,0,0,0,0,0,0,5,51,17,9,2,0,118,10,32834,24992,13,74,18,11,3,0,118,10
42,MORHIPPIL,2,16,63,16,8,0,ongoing,9600,1200.000,8368,6770,8368,6770,1954,29719,6,0,7,10,25,18,1000,1334,31,22,1,0,54,0,3145,9281,7,0,1,0,0,135,135,399,399,deac9f03d2f9661b02bf7b8afd1910d502991f0a3d360f082f7da0b5444a9fae,7,0,0,0,0,0,0,0,0,1,0,0,0,0,25,18,6,0,0,0,22,57,8368,29969,32,19,7,10,0,0,22,57
42,MORHIPPIL,2,16,63,16,8,1,ongoing,9600,1200.000,30744,4450,30744,4450,3768,24270,13,0,16,10,3,50,1046,1114,24,52,8,0,84,0,2569,9505,4,3,0,7,0,135,135,399,399,b762e62773764e635cc2cfc3c5a4245e0372f50464bca4ea2276f06ef8db90a9,4,0,1,0,7,0,3,0,0,0,0,0,0,0,3,50,13,0,1,0,135,6,30785,19951,12,58,16,10,3,0,135,6
43,NIMOUTJOB,2,16,63,16,8,0,ongoing,9600,1200.000,8569,1942,8569,1942,2146,5992,7,0,9,11,9,19,869,1252,19,19,29,0,67,0,3401,9273,20,0,1,0,0,135,135,399,399,83eef46726a10e2377f10c5bb9c6e1c30a6f2369da5889efd7b219576a0e0224,20,0,0,0,0,0,0,0,0,1,0,0,0,0,9,19,7,0,0,0,3,16,20126,17050,61,19,9,11,0,0,3,16
43,NIMOUTJOB,2,16,63,16,8,1,loss,6158,769.750,37580,1,37580,0,4443,-250,19,0,19,3,5,0,702,518,32,0,1,1,34,0,2129,6009,2,1,0,4,0,135,135,399,399,2b2a55a8f74c2dbf063cae1e6b597d68686c8ecf0a0c8712920d4ecb30d9ab39,2,0,0,0,4,0,1,0,0,0,0,0,0,0,5,0,19,0,2,0,37,2,37694,6267,12,12,19,3,2,0,37,2
44,BILADOR,2,16,63,16,8,0,ongoing,9600,1200.000,7027,5307,7027,5307,1941,7803,6,3,16,15,4,14,803,1274,10,19,39,0,68,0,1937,9065,17,0,1,0,0,135,135,399,399,c30ebad60f4ec03f19da7dc74a0a43543b93f990c9f9a1b9a520bfc5d5059a55,17,0,0,0,0,0,0,0,0,1,0,0,0,0,4,14,6,3,0,0,9,26,44863,27162,38,18,16,15,0,0,9,26
44,BILADOR,2,16,63,16,8,1,ongoing,9600,1200.000,59849,4509,59849,4506,7119,31105,21,1,21,5,0,29,771,1200,31,30,27,3,91,0,3569,9359,0,5,0,4,0,135,135,399,399,c37f0a2187308f25e504eb5e7a672a180235b6bcfb590249229613ad441c127a,0,0,2,0,4,0,5,0,0,0,0,0,0,0,0,29,21,1,3,0,110,1,59896,8457,6,53,21,5,3,0,110,1
45,RINGGBPAL,3,17,63,4,7,0,ongoing,9600,1200.000,384,116325,384,116325,-243,389970,0,36,2,36,5,9,194,1427,5,55,39,0,99,0,1169,9528,4,0,0,24,0,45,270,399,399,7c8e882ac4f9eff5f227337ac23f75e5ab0250f462f9d76e8a5325d21c5e34ae,4,0,0,0,0,24,0,0,0,0,0,0,0,0,5,10,0,35,0,4,5,371,4231,117707,24,47,2,36,0,5,5,371
45,RINGGBPAL,3,17,63,4,7,1,ongoing,9600,1200.000,561,171467,561,171467,8683,513908,0,30,12,31,0,62,1320,1217,3,134,6,0,143,0,1646,6952,0,12,0,6,0,45,270,399,399,8ed61aa2e69f6ee330f841bf8ce270e2fa837bd3c39968a312f03c96c3ee1c4b,0,0,0,0,1,5,12,0,0,0,0,0,0,0,0,62,0,30,0,1,36,87,28688,171467,27,62,12,31,1,1,36,87
46,WEAVINPERT,3,17,63,4,7,0,loss,2451,306.375,1,14550,0,14550,-250,3647,0,1,1,7,0,42,37,385,0,62,3,1,66,0,849,2402,4,0,0,3,0,45,270,399,399,29135c9480c159b5c15e70c28927a4d5ff4265454a7122773e426b010d30d048,4,0,0,0,0,3,0,0,0,0,0,0,0,0,0,42,0,1,0,2,1,1,2453,15597,1,47,1,7,0,2,1,1
46,WEAVINPERT,3,17,63,4,7,1,ongoing,9600,1200.000,41700,17769,41700,17769,10048,23261,5,6,13,7,18,75,1376,1213,39,131,17,0,187,0,1394,9332,0,28,0,9,0,45,270,399,399,893010a8f88d0b014800e0d42638e1cdfeeb164325c3ed30b6d7e474502699e2,0,0,0,0,6,3,28,0,0,0,0,0,0,0,18,75,5,6,1,0,439,72,52073,20382,32,87,13,7,2,1,439,72
47,ALPLOPOUT,3,17,63,4,7,0,win,5629,703.625,35581,0,35581,0,4626,29295,3,0,7,9,52,0,504,841,77,0,85,0,162,0,1702,5447,5,0,1,9,0,45,270,399,399,0e70d9ed4f0f412c2545c23c8449e036fa3b2e2977362e7a9cc17be591fa900f,5,0,2,0,4,5,0,0,1,0,0,0,0,0,52,0,3,0,0,0,67,97,39685,18794,80,44,7,9,1,2,67,97
47,ALPLOPOUT,3,17,63,4,7,1,win,7566,945.750,1,99115,0,99115,-250,235361,0,19,7,19,0,94,1051,1028,0,165,28,1,194,0,1527,6644,7,3,0,10,0,45,270,399,399,c52fe8e08215d6b6f32756cbd91699ab8f3fd9f94da6d0c2cf31959fdd099f04,7,0,1,0,4,6,3,0,0,0,0,0,0,0,0,94,0,19,0,1,57,156,17507,100818,40,103,7,19,2,2,57,156
48,BADTAL,3,17,63,4,7,0,ongoing,9600,1200.000,95,115748,95,115748,-201,372423,0,34,3,34,1,32,171,1442,1,86,9,0,96,0,865,9353,4,0,0,26,0,45,270,399,399,f4e53ebd8791c1831d2820067cceee6ae94c52f32ee50bbb2a0a8abc61b29eeb,4,0,0,0,0,26,0,0,0,0,0,0,0,0,1,32,0,34,0,1,12,292,3613,129694,22,40,3,34,0,4,12,292
48,BADTAL,3,17,63,4,7,1,win,9132,1141.500,1,37119,0,37119,5921,39412,0,16,16,16,0,81,1329,1298,0,157,20,1,178,0,988,8674,18,17,0,14,0,45,270,399,399,e50f03705c706c0ba941919de4593fcc2c94c70058d1d95de45d71a186096094,18,0,0,0,6,8,17,0,0,0,0,0,0,0,0,81,0,16,0,1,184,77,46008,37283,31,105,16,16,3,2,184,77
49,IMMPEPIL,3,17,63,4,7,0,win,8902,1112.750,45875,0,45875,0,1603,174977,0,0,5,14,0,0,1014,1275,6,0,179,0,185,8688,1793,8688,5,0,0,14,1,45,270,399,399,fa205b61734e0fa2e423ea2ad814edc678a790366d9391e2bd5d30e3d4ce385c,5,0,2,0,5,9,0,0,0,0,1,0,0,0,0,0,0,0,0,0,181,290,70293,28719,110,41,5,14,1,4,181,290
49,IMMPEPIL,3,17,63,4,7,1,ongoing,9600,1200.000,72,120421,72,120421,-221,299063,0,17,11,17,1,90,1336,922,1,171,19,0,191,0,2073,6644,0,7,0,9,0,45,270,399,399,d8971aaf30fca61ed03ca13535f03156505a4c8bbda7d69ae498404d14234912,0,0,0,0,3,6,7,0,0,0,0,0,0,0,1,90,0,17,0,1,93,209,18481,120421,41,100,11,17,1,1,93,209
50,HOBOZJOB,0,1,47,20,7,0,loss,3543,442.875,1,11344,0,11344,-250,4618,0,1,1,4,0,32,40,491,0,49,4,1,54,0,1187,3385,4,0,0,2,0,45,45,399,399,ffde9bc903ec154edf7ebffd22c83f318a05f90f69d27a6a6cf6bf1ff2837399,4,0,0,0,0,2,0,0,0,0,0,0,0,0,0,32,0,1,0,1,1,1,1986,12904,1,35,1,4,0,1,1,1
50,HOBOZJOB,0,1,47,20,7,1,win,8693,1086.625,0,42715,0,42715,1081,21997,0,3,16,7,0,116,1227,1201,0,154,20,0,174,0,1268,8324,11,10,0,17,0,45,45,399,399,b4193cd9d47dfbf39b60d856cffdd847c4ef3dd98e7b7705a1b4213476407744,11,0,1,0,8,9,10,0,0,0,0,0,0,0,0,116,0,3,0,1,90,96,24406,43458,36,116,16,7,1,2,90,96
51,BUGWILLIN,0,1,47,20,7,0,win,7471,933.875,17828,0,17828,0,51230,2210,2,0,5,7,35,0,734,1048,53,0,89,0,142,0,1555,7351,12,0,1,6,0,45,45,399,399,f7180ea8893cbdd6ba8d0ec4a0733fe9999fcb7d081244a708651d0305972b89,12,0,0,0,4,2,0,0,0,1,0,0,0,0,35,0,2,0,2,0,88,27,58467,13321,80,42,5,7,2,1,88,27
51,BUGWILLIN,0,1,47,20,7,1,loss,6274,784.250,41470,1,41470,0,10504,-250,14,0,14,2,39,0,893,339,87,0,9,1,97,0,3284,6056,0,6,0,7,0,45,45,399,399,57100f87af4edae84fdd1d9d23553386c039ec04062d9d8b8fda9175f72b5388,0,0,1,0,6,1,6,0,0,0,0,0,0,0,39,0,14,0,2,0,115,1,41498,10364,44,38,14,2,3,1,115,1
52,SHADOGODON,0,1,47,20,7,0,win,5246,655.750,52835,0,52835,0,5002,1106,0,0,7,2,0,0,712,654,14,0,100,0,114,5076,1625,5076,6,0,0,3,1,45,45,399,399,24ac86fff88ff8870cc102e73d5bc07a58a11666cb5d333872fe49d0933ff0a4,6,0,0,0,3,0,0,0,0,0,1,0,0,0,0,0,0,0,0,0,58,11,56557,9385,77,38,7,2,1,0,58,11
52,SHADOGODON,0,1,47,20,7,1,win,7646,955.750,0,40399,0,40399,-250,21352,0,6,9,6,0,87,1016,1045,0,131,14,0,145,0,1793,7204,14,7,0,9,0,45,45,399,399,d740616966098bbf16491a760e39bba78f7f2000e9cb8e20cdd13b7a2d147de7,14,0,0,0,2,7,7,0,0,0,0,0,0,0,0,87,0,6,0,2,82,69,18504,40496,37,87,9,6,1,2,82,69
53,COROPERT,0,1,47,20,7,0,win,7006,875.750,20578,0,20578,0,15140,2433,7,0,7,7,29,0,933,951,51,0,59,0,110,0,1597,6434,16,0,1,7,0,45,45,399,399,8750d35dce7cd4b04108ba872ee61ac5f422455c896ff0a51986e76a9f0e5df7,16,0,0,0,3,4,0,0,0,1,0,0,0,0,29,0,7,0,1,0,43,61,27934,12320,55,38,7,7,1,1,43,61
53,COROPERT,0,1,47,20,7,1,win,9068,1133.500,0,85414,0,85414,4842,144024,0,18,7,18,0,66,1093,1052,0,119,9,0,128,0,1513,8682,10,4,0,4,0,45,45,399,399,74e3e2a29cb661c7372de898b19cc2a870b2af4edcf7c792182fa8fd2f3aeda0,10,0,0,0,0,4,4,0,0,0,0,0,0,0,0,66,0,18,0,1,31,64,13781,88388,34,85,7,18,0,1,31,64
54,BINMEOUT,0,1,47,20,7,0,win,6142,767.750,22144,0,22144,0,76394,2129,4,0,9,6,43,0,767,790,70,0,114,0,184,0,1317,6140,8,0,1,7,0,45,45,399,399,e4be5fc3bba05be4764259b89b42d4d988fb9634fb4c00c5cfa9cbc51e196f53,8,0,0,0,4,3,0,0,0,1,0,0,0,0,43,0,4,0,0,0,58,65,50285,14030,94,34,9,6,1,2,58,65
54,BINMEOUT,0,1,47,20,7,1,ongoing,9600,1200.000,3301,44420,3301,44420,1227,17315,0,0,14,7,14,104,1373,1183,21,153,9,0,183,0,1639,9213,15,14,0,9,0,45,45,399,399,1a29ffa28ebc366aefc919db6cec4116df67f6c654665a33558703670f6c8107,15,0,1,0,3,6,14,0,0,0,0,0,0,0,14,104,0,0,0,1,160,133,25342,44420,32,104,14,7,2,1,160,133
55,SADMPT,2,1,47,20,7,0,loss,7268,908.500,2,59763,0,59763,-250,11568,0,26,4,28,0,5,728,983,0,42,22,2,66,0,3480,7225,2,0,0,10,0,135,135,399,399,356e455d4660f9e339f875b5f37dec734339d37a7f4b50718887aa37ee27f5ac,2,0,0,0,0,10,0,0,0,0,0,0,0,0,0,5,0,26,0,5,3,91,8847,59908,27,30,4,28,0,5,3,91
55,SADMPT,2,1,47,20,7,1,loss,7645,955.625,103601,1,103601,0,2083,-250,33,0,33,5,10,0,1101,1059,51,0,37,1,89,0,1737,7589,6,5,0,6,0,135,135,399,399,ecbd78fcbc3a12e11c38a3c1a377991265f798ea6c5d9d2917f19131cb3e5957,6,0,0,0,5,1,5,0,0,0,0,0,0,0,10,0,33,0,3,0,117,1,103663,10132,20,47,33,5,3,1,117,1
56,LOWHIPBAR,2,1,47,20,7,0,ongoing,9600,1200.000,13105,7223,13105,7223,2130,15947,7,5,7,18,4,26,769,1433,14,36,16,0,66,0,4404,8561,3,0,1,4,0,135,135,399,399,6fc67eb095138abe8b645fc74c828171f3a688afd7ac3f676f5fdc842d345a3c,3,0,0,0,0,4,0,0,0,1,0,0,0,0,4,26,7,5,0,0,1,50,13105,32888,20,39,7,18,0,2,1,50
56,LOWHIPBAR,2,1,47,20,7,1,ongoing,9600,1200.000,84828,14536,84828,14535,3206,86682,37,2,37,11,8,78,1321,1023,51,85,3,1,140,0,2199,9486,5,4,0,9,0,135,135,399,399,043da5fcb74bdce28cb931bcfa8fa5d97b3a82944bb44588a738bc34183b2387,5,0,1,0,9,0,4,0,0,0,0,0,0,0,8,78,37,2,2,0,125,3,86424,18614,16,96,37,11,3,0,125,3
57,QAZOUTER,2,1,47,20,7,0,win,9450,1181.250,60370,0,60370,0,2170,11293,0,0,22,6,0,0,1018,994,14,0,82,0,96,9325,2673,9325,2,0,0,1,1,135,135,399,399,383aaaeedbd82677fa620a9068eb98c81593d3a4e2c276d8c21bc7dd8ad8bd42,2,0,0,0,1,0,0,0,0,0,1,0,0,0,0,0,0,0,0,0,74,7,70414,6644,57,17,22,6,1,0,74,7
57,QAZOUTER,2,1,47,20,7,1,loss,6423,802.875,64578,2,64578,0,7694,-250,28,0,28,1,13,0,929,523,51,0,15,2,68,0,3207,6105,0,3,0,3,0,135,135,399,399,890070722c1c11ea30f55922b97eaae93f4678007fc25351d34ab2c4f74e2730,0,0,0,0,3,0,3,0,0,0,0,0,0,0,13,0,28,0,2,0,43,0,64723,4752,16,32,28,1,2,0,43,0
58,VERYELIN,2,1,47,20,7,0,loss,4808,601.000,1,34373,0,34373,-250,19570,0,18,2,18,0,13,573,678,0,39,20,1,60,0,3515,4103,1,0,0,3,0,135,135,399,399,7a82e4650c59150db9b7d393cafef5944d7ac0a4981152117cfec84fef6d15ab,1,0,0,0,0,3,0,0,0,0,0,0,0,0,0,13,0,18,0,1,1,34,5232,34373,17,33,2,18,0,3,1,34
58,VERYELIN,2,1,47,20,7,1,ongoing,9600,1200.000,79117,2291,79117,2290,832,38458,35,0,35,7,12,22,1237,1237,58,32,17,1,108,0,2038,9591,10,4,0,9,0,135,135,399,399,91d04b55aebef40750416c9d5de67f28e90f3d6aee137ad34ed5bcf69d68ec66,10,0,0,0,9,0,4,0,0,0,0,0,0,0,12,22,35,0,1,0,137,5,82136,18064,19,68,35,7,3,0,137,5
59,MINGBDON,2,1,47,20,7,0,ongoing,9600,1200.000,9216,341,9216,341,1732,3535,4,0,7,13,21,4,1297,987,28,4,53,0,85,0,3949,9479,10,2,1,3,0,135,135,399,399,17670a80f9e7eff422e58b787f7f7f79bcd43d312caa537a7dd1aacea6dd208d,10,0,0,0,1,2,2,0,0,1,0,0,0,0,21,4,4,0,0,0,1,24,27391,20436,42,30,7,13,1,2,1,24
59,MINGBDON,2,1,47,20,7,1,ongoing,9600,1200.000,72962,146,72962,146,2564,1405,30,0,30,6,7,2,1437,1165,44,2,24,0,70,0,2059,9444,8,4,0,8,0,135,135,399,399,6344f23af0dda8172c095250354825a82ab5fbca7eea486d66f56825bf149701,8,0,1,0,7,1,4,0,0,0,0,0,0,0,7,2,30,0,1,0,101,8,80448,10205,27,41,30,6,3,1,101,8
60,HAMINMAR,3,1,46,20,6,0,win,3461,432.625,7536,0,7536,0,3794,-208,2,0,8,9,4,0,521,583,9,0,53,0,62,0,1891,2797,0,0,1,2,0,135,135,399,399,00d61833222997a672876bbc2ee9cedadf38320a7587fcf4b50a4ece6a0bcf6b,0,0,5,0,1,1,0,0,0,1,0,0,0,0,4,0,2,0,1,0,16,6,13931,16541,10,27,8,9,1,1,16,6
60,HAMINMAR,3,1,46,20,6,1,ongoing,9600,1200.000,206,63337,206,63337,4407,153230,0,30,24,30,1,64,1611,1600,1,147,8,0,156,0,1315,9373,0,30,0,8,0,135,135,399,399,3475df26e7510a18fdd0062b0bfd3841a23332ebe2ce245d811e36e8d71336a7,0,0,0,0,3,5,30,0,0,0,0,0,0,0,1,64,0,30,0,1,144,75,83145,64553,27,91,24,30,2,1,144,75
61,FUTLOPLUG,3,1,46,20,6,0,win,6459,807.375,11268,0,11268,0,30065,2109,0,0,3,13,41,0,1034,1129,74,0,105,0,179,0,2077,6457,0,0,2,5,0,135,135,399,399,ff9810c7725ff03fe5ca2e8356b9a83b561d1bbac0cb2c138798d3287d477aae,0,0,6,0,1,4,0,0,0,2,0,0,0,0,42,0,0,0,0,0,29,2,47084,25470,90,30,3,13,1,2,29,2
61,FUTLOPLUG,3,1,46,20,6,1,ongoing,9600,1200.000,8628,138998,8628,138998,8123,218335,0,23,19,23,3,121,1600,1493,6,202,0,0,208,0,1537,7321,0,19,0,14,0,135,135,399,399,462a002bb20759f4a7eca9c86a1a4d3e55412cd948bca5d2f3fef6490f2d3631,0,0,0,0,8,6,19,0,0,0,0,0,0,0,3,121,0,23,1,1,206,84,52321,138998,29,123,19,23,4,1,206,84
62,SUZTT,3,1,46,20,6,0,win,2848,356.000,23565,1,23565,0,6470,493,1,0,1,12,45,0,398,481,63,0,28,1,92,0,2245,2473,0,0,1,1,0,135,135,399,399,3c9906cdb777b21bf727c7f5d5216fdf2523d73a401521237fee0ba9fd63c3f5,0,0,0,0,1,0,0,0,0,1,0,0,0,0,45,0,1,0,1,0,7,0,23565,21828,52,25,1,12,1,0,7,0
62,SUZTT,3,1,46,20,6,1,ongoing,9600,1200.000,7615,64726,7615,64726,1960,127017,0,24,23,24,4,61,1561,1540,10,129,17,0,156,0,1885,9246,0,30,0,13,0,135,135,399,399,d70ad57df0ecbfd53582f1ade3cc154e0c77a33d3fb1c154035f69846feac26d,0,0,1,0,4,9,30,0,0,0,0,0,0,0,4,61,0,24,0,1,68,65,48487,64726,24,78,23,24,1,1,68,65
63,DOUPEBAR,3,1,46,20,6,0,win,4401,550.125,27892,0,27892,0,13283,19174,0,0,11,10,0,0,595,718,1,0,166,0,167,4165,1651,4165,0,1,0,5,1,135,135,399,399,19ce177b9418d6554ee49419cd84d6c1ea99868968a6df7c2189a7f75113a6ac,0,0,2,0,2,3,1,0,0,0,1,0,0,0,0,0,0,0,0,0,33,43,58986,20377,110,43,11,10,1,2,33,43
63,DOUPEBAR,3,1,46,20,6,1,win,5361,670.125,0,43447,0,43447,9663,37966,0,14,11,14,0,105,856,764,0,198,9,0,207,0,1345,5197,0,7,0,8,0,135,135,399,399,24db68655cb9495d4bc00829872a986df83f828f6f3daca30390203e248f21cf,0,0,0,0,3,5,7,0,0,0,0,0,0,0,0,105,0,14,0,1,91,37,24344,45761,31,131,11,14,2,1,91,37
64,SHIOZER,3,1,46,20,6,0,win,7221,902.625,28626,0,28626,0,4393,27177,0,0,11,15,0,0,1166,1275,1,0,76,0,77,6907,1873,6907,0,0,1,6,1,135,135,399,399,3c429ba177ba202fb7fbd2552e627271f90c83505fa9ecbb23a976bdeecce921,0,0,3,0,3,3,0,0,0,1,1,0,0,0,0,0,0,0,0,0,40,9,47825,20861,39,37,11,15,1,2,40,9
64,SHIOZER,3,1,46,20,6,1,win,9512,1189.000,0,67806,0,67805,2087,118683,0,23,22,27,0,94,1486,1552,0,181,9,1,191,0,1489,9241,0,28,0,19,0,135,135,399,399,9f4556adc3826c232e6e300426f8670ba14bb489102ba0a67e34423f64cb3ec0,0,0,3,0,9,10,28,0,0,0,0,0,0,0,0,94,0,23,0,0,269,51,59309,70145,29,113,22,27,5,1,269,51
65,HURTIKEING,1,1,45,36,6,0,ongoing,9600,1200.000,77584,26077,77584,26077,61015,76463,23,17,24,19,107,7,1192,1632,153,30,6,0,189,0,1721,9547,8,0,0,15,0,135,45,399,399,f4eceb601d9b2260abd2395f66c4e69e06eb175f172ae6c34eaadc9b410b4e61,8,0,0,0,6,9,0,0,0,0,0,0,0,0,107,7,23,17,1,0,42,164,77584,31363,107,29,24,19,1,3,42,164
65,HURTIKEING,1,1,45,36,6,1,loss,9561,1195.125,148325,2,148325,0,8609,-250,50,0,50,10,7,0,1595,1244,66,0,37,2,105,0,1585,9403,18,8,0,19,0,135,45,399,399,e599676cee50ec8184b928161713d8635cd03bac1e4026f8db19e80995d719da,18,0,0,0,17,2,8,0,0,0,0,0,0,0,7,0,50,0,1,0,264,3,172008,24389,13,63,50,10,5,1,264,3
66,JOSOGOORD,1,1,45,36,6,0,win,7962,995.250,5697,0,5697,0,5766,19580,0,0,12,12,0,0,905,1201,1,0,172,0,173,7717,1603,7717,4,2,0,7,1,135,45,399,399,3c583051557f21c7814f9701cabd9b593035496a640ecb0dbe387002606a41aa,4,0,0,0,4,3,2,0,0,0,1,0,0,0,0,0,0,0,0,0,51,24,33510,19308,114,31,12,12,1,1,51,24
66,JOSOGOORD,1,1,45,36,6,1,ongoing,9600,1200.000,139420,246,139420,244,6768,-240,41,0,41,5,9,3,1499,1062,56,5,50,2,113,0,1987,9475,9,8,0,16,0,135,45,399,399,451ba69da1184841a07c8e22e748d3d4a3e9746926e0745b9ef9ef9834d251da,9,0,0,0,16,0,8,0,0,0,0,0,0,0,9,3,41,0,3,0,257,3,139420,10787,17,54,41,5,5,0,257,3
67,TIMOMAR,1,1,45,36,6,0,ongoing,9600,1200.000,73674,1891,73674,1891,75830,61303,20,2,21,16,106,5,1355,1497,155,10,16,0,181,0,1783,9085,5,2,0,12,0,135,45,399,399,05b34451bac6af83e7f81b0ddc9686be9beb80c7c2cb8a8909b40fe1afbdac82,5,0,0,0,7,5,2,0,0,0,0,0,0,0,106,5,20,2,1,0,93,87,74714,31009,106,33,21,16,1,2,93,87
67,TIMOMAR,1,1,45,36,6,1,loss,8358,1044.750,139949,0,139949,0,1453,48,45,0,45,3,19,0,1334,768,77,0,35,0,112,0,1801,8329,10,10,0,9,0,135,45,399,399,23a66deeeaa4670b2631e1c061d9df7b235627daea124a077674675eae6ecaf9,10,0,0,0,8,1,10,0,0,0,0,0,0,0,19,0,45,0,1,0,143,1,141885,11386,20,53,45,3,3,1,143,1
68,CALMELUG,1,1,45,36,6,0,win,5638,704.750,31386,0,31386,0,14409,9367,16,0,16,4,14,0,676,653,36,0,3,0,39,0,4747,5149,0,0,0,2,0,135,45,399,399,8b60d8834eab132062ccc7fe16eed0b33dce09d4ae6e8915afe2355ab6d61373,0,0,0,0,2,0,0,0,0,0,0,0,0,0,14,0,16,0,1,0,86,15,31492,4095,17,29,16,4,1,0,86,15
68,CALMELUG,1,1,45,36,6,1,win,7237,904.625,0,27373,0,27373,8307,66915,0,9,10,9,0,64,1174,944,0,93,11,0,104,0,2665,6865,0,3,0,2,0,135,45,399,399,daa0ba78bb5d1989ce0a3f45d04eeffbf1629c1cbb0a8fcbe3b70827ddbb815f,0,0,0,0,1,1,3,0,0,0,0,0,0,0,0,64,0,9,0,1,85,46,15550,27513,28,69,10,9,1,1,85,46
69,SCOMPHILL,1,1,45,36,6,0,win,8698,1087.250,15738,0,15738,0,4395,32252,0,0,8,11,0,0,996,1363,6,0,118,0,124,8481,2209,8481,3,2,0,6,1,135,45,399,399,ef0102c366278180670e4b034c5269d1347104206b23439b0ace0b961bdf89e7,3,0,0,0,4,2,2,0,0,0,1,0,0,0,0,0,0,0,0,0,66,11,36097,15713,70,43,8,11,2,1,66,11
69,SCOMPHILL,1,1,45,36,6,1,loss,8156,1019.500,125388,1,125388,0,4449,-250,38,0,38,6,46,0,1440,543,104,0,12,1,117,0,2065,8083,14,7,0,7,0,135,45,399,399,107e1103b9cba6b400760cc3ddb6cfa8a4812ba0169099f7889caf51f14dd178,14,0,0,0,7,0,7,0,0,0,0,0,0,0,46,0,38,0,3,0,140,4,125483,10464,48,42,38,6,3,0,140,4
70,SWAHIPMET,1,1,45,36,6,0,ongoing,9600,1200.000,21187,16077,21186,16077,9110,32676,4,8,5,16,60,18,581,1630,81,30,3,1,115,0,859,9247,8,4,0,13,0,1350,1350,399,399,0f1c8a22c926240da9aa3f35da36785ed4076c20333193faad7b3d1eeb713129,8,0,0,0,8,5,4,0,0,0,0,0,0,0,60,18,4,8,0,1,44,11,23802,18832,60,33,5,16,1,3,44,11
70,SWAHIPMET,1,1,45,36,6,1,win,8330,1041.250,0,13912,0,13912,1370,17038,0,8,10,8,0,60,1364,1261,0,83,28,0,111,0,2713,8302,0,8,0,2,0,1350,1350,399,399,4f97ee3011161c61e1db269331aeb589a6055a788667eb7319406c00be4ed70a,0,0,0,0,2,0,8,0,0,0,0,0,0,0,0,60,0,8,0,0,198,55,25605,13945,24,75,10,8,1,0,198,55
71,KILLQAZED,1,1,45,36,6,0,win,7373,921.625,39477,0,39477,0,78932,5845,14,0,14,4,103,0,666,1250,148,0,2,0,150,0,1003,6691,15,1,0,3,0,1350,1350,399,399,23653432b3ad6bebd7ee0ac409164752341cea01c0ea82cf97323fbd58adf043,15,0,0,0,2,1,1,0,0,0,0,0,0,0,103,0,14,0,1,0,38,11,39629,7646,104,34,14,4,1,1,38,11
71,KILLQAZED,1,1,45,36,6,1,ongoing,9600,1200.000,58274,18197,58274,18197,2693,39782,25,6,25,10,3,75,1528,1553,32,98,12,0,142,0,1861,9475,14,7,0,14,0,1350,1350,399,399,b3d536b7c17478b4512e9b0dbb2ab702c910724b5b2d40dd12aeaacb89e71d53,14,0,0,0,10,4,7,0,0,0,0,0,0,0,3,75,25,6,1,0,179,14,58274,34969,23,81,25,10,3,1,179,14
72,EOAEING,1,1,45,36,6,0,win,3636,454.500,18293,0,18293,0,18847,12990,2,0,2,5,79,0,464,607,103,0,10,0,113,0,979,3629,10,0,0,0,0,1350,1350,399,399,280403d02b103c34a729453573398587669f3a054b710d10153a4685bbdd9f4e,10,0,0,0,0,0,0,0,0,0,0,0,0,0,79,0,2,0,0,0,23,22,18365,7214,81,27,2,5,0,0,23,22
72,EOAEING,1,1,45,36,6,1,win,8987,1123.375,0,46900,0,46900,3501,1353,0,0,14,23,0,0,1473,1477,0,42,61,0,103,8905,1879,8905,7,6,0,2,1,1350,1350,399,399,510aea611f6c2d8896eeef83a69bac1467479cdb279fcf518eba3c29411e4d74,7,0,0,0,0,2,6,0,0,0,0,1,0,0,0,0,0,0,0,0,152,123,16541,54040,25,67,14,23,0,1,152,123
73,BURGBORD,1,1,45,36,6,0,win,6437,804.625,48559,0,48559,0,1692,74437,0,0,26,10,0,0,803,1040,11,0,131,0,142,6249,865,6249,2,0,0,4,1,1350,1350,399,399,b631806dcedf2e61e3320e144e68439db98eaa709591e0c32733ae22810ae5cc,2,0,0,0,4,0,0,0,0,0,1,0,0,0,0,0,0,0,0,0,81,79,65200,14737,81,27,26,10,1,0,81,79
73,BURGBORD,1,1,45,36,6,1,win,7870,983.750,0,25439,0,25439,-250,4594,0,0,15,11,0,0,1304,1184,0,2,135,0,137,7633,1891,7633,5,5,0,5,1,1350,1350,399,399,80647a9f7b6df9734f048a941a70cf323f9cec81586fc5f15e6aeb4baefaf63e,5,0,0,0,0,5,5,0,0,0,0,1,0,0,0,0,0,0,0,0,61,88,30404,38068,28,83,15,11,0,2,61,88
74,MORINCON,1,1,45,36,6,0,win,4219,527.375,57015,0,57015,0,59995,9003,22,0,22,5,67,0,588,669,110,0,4,0,114,0,865,3553,3,0,0,2,0,1350,1350,399,399,a57eb44f6b5d8a05731a63cdf28039e8f682796afba47f5ed001f3475181cf6e,3,0,0,0,2,0,0,0,0,0,0,0,0,0,67,0,22,0,1,0,36,9,57081,6381,68,11,22,5,1,0,36,9
74,MORINCON,1,1,45,36,6,1,win,7099,887.375,0,30068,0,30068,-250,13719,0,0,18,18,0,0,1208,1148,0,1,53,0,54,6865,1627,6865,0,6,0,5,1,1350,1350,399,399,7fee7fe73d77268b96996eb075edf9a0abefec5bfc9ec30653fb12e22a9bcec1,0,0,0,0,0,5,6,0,0,0,0,1,0,0,0,0,0,0,0,0,88,90,33221,56861,25,89,18,18,0,1,88,90
75,NIMLOPILL,0,16,47,20,5,0,win,8678,1084.750,43266,0,43266,0,21947,-250,0,0,20,14,0,0,1356,1912,4,0,59,0,63,8449,1521,8449,16,0,1,16,1,45,45,399,399,a0ad939eaaa6a9993a241f1edbd6cfdb1b06f0a7c8e38ffc2060c635227acdf8,16,0,0,0,8,8,0,0,0,1,1,0,0,0,0,0,0,0,0,0,89,148,58790,22405,80,34,20,14,1,3,89,148
75,NIMLOPILL,0,16,47,20,5,1,loss,6081,760.125,61609,0,61609,0,7057,-243,26,0,26,7,40,0,1123,456,83,0,17,0,100,0,2001,5996,12,11,0,7,0,45,45,399,399,d19095bfa8fb41d4abaa3e05f019ad875570c736080774ab314c21d48cd88de9,12,0,1,0,7,0,11,0,0,0,0,0,0,0,40,0,26,0,1,0,119,0,61620,4230,52,31,26,7,3,0,119,0
76,BILTHILL,0,16,47,20,5,0,loss,3799,474.875,1,14181,0,14181,78,9498,0,7,1,7,0,20,36,669,0,40,2,1,43,0,1083,3361,4,0,0,2,0,45,45,399,399,23c99ebbcda969d1fbb4db2887b5b41d3059ab0553cdaa4956702dfe855acca3,4,0,0,0,0,2,0,0,0,0,0,0,0,0,0,20,0,7,0,1,1,1,2030,15050,1,23,1,7,0,1,1,1
76,BILTHILL,0,16,47,20,5,1,loss,8913,1114.125,64033,0,64033,0,1714,-235,27,0,27,4,6,0,1573,796,41,0,78,0,119,0,1741,8901,0,29,0,13,0,45,45,399,399,ee7a3597da1e1ea1cbf49b77baefabe1b5806d40162aaf3979d352de9fe37a57,0,0,0,0,10,3,29,0,0,0,0,0,0,0,6,0,27,0,2,0,194,10,64045,17792,21,61,27,4,5,1,194,10
77,RINGOXMET,0,16,47,20,5,0,loss,2897,362.125,1,12653,0,12653,-250,17088,0,10,1,10,0,13,34,472,0,29,6,1,36,0,1121,2793,3,0,0,2,0,45,45,399,399,28add7a081450bc1bdf4259fdea14787014b556335a60e47e87f6f581278c2a9,3,0,0,0,0,2,0,0,0,0,0,0,0,0,0,13,0,10,0,2,0,1,1821,14322,1,27,1,10,0,2,0,1
77,RINGOXMET,0,16,47,20,5,1,ongoing,9600,1200.000,41927,32139,41927,32138,3040,23152,1,0,25,17,6,136,1816,1512,15,189,2,1,207,0,2106,9446,40,19,0,15,0,45,45,399,399,ed4a25fbe7d617a4928f73f91387af6769c1284700de737bc677adaaf860d99d,40,0,1,0,12,3,19,0,0,0,0,0,0,0,6,136,1,0,3,0,304,28,48745,32139,31,136,25,17,5,1,304,28
78,WEAVEAED,0,16,47,20,5,0,win,6011,751.375,31897,0,31897,0,16916,-250,0,0,14,10,0,0,1086,1107,1,0,59,0,60,5701,1436,5701,8,0,1,4,1,45,45,399,399,7f33c1c8f559c2eadea65f6d2c00749f0e00b1089c98738ed6e6fcfaf48916f2,8,0,0,0,2,2,0,0,0,1,1,0,0,0,0,0,0,0,0,0,72,49,38939,13861,71,25,14,10,1,1,72,49
78,WEAVEAED,0,16,47,20,5,1,ongoing,9600,1200.000,49793,5339,49793,5338,4593,-246,17,0,19,6,7,29,1842,755,30,44,23,1,98,0,2801,9521,19,18,0,8,0,45,45,399,399,041c64fd9990ae33b5c8cfee7b0449846d61feeb18d92c25e7fa489c73020fe1,19,0,1,0,8,0,18,0,0,0,0,0,0,0,7,29,17,0,2,0,297,35,49793,7244,24,45,19,6,4,0,297,35
79,ALPIKEHAM,0,16,47,20,5,0,loss,2633,329.125,1,8959,0,8959,247,23364,0,9,1,10,0,15,41,425,0,30,0,1,31,0,1201,2131,2,0,0,1,0,45,45,399,399,a7590be291a565f564814cc2e87ea1484757c222eac0786022fc8afa27bba279,2,0,0,0,0,1,0,0,0,0,0,0,0,0,0,15,0,9,0,1,0,1,1650,11818,1,23,1,10,0,1,0,1
79,ALPIKEHAM,0,16,47,20,5,1,loss,3702,462.750,19004,1,19004,0,5574,-250,14,0,14,3,11,0,602,217,33,0,3,1,37,0,2081,3581,3,2,0,2,0,45,45,399,399,3110408570cf7ebcb5cc8ec6147d0e5b2dda307e1bae36704bf208c634a6658d,3,0,0,0,2,0,2,0,0,0,0,0,0,0,12,0,14,0,1,0,16,0,19050,3094,23,7,14,3,2,0,16,0
80,BADOGOOND,2,16,47,20,5,0,loss,3662,457.750,2,25468,0,25468,-250,10388,0,21,0,21,0,5,49,680,0,34,2,2,38,0,2801,3016,1,0,0,1,0,90,180,399,399,d058d784822dfb9e1c763f34791fffdf066cae976d02c5876b2db59eaaa68aa3,1,0,0,0,0,1,0,0,0,0,0,0,0,0,0,5,0,21,0,1,0,9,869,25562,5,13,0,21,0,1,0,9
80,BADOGOOND,2,16,47,20,5,1,ongoing,9600,1200.000,23155,14011,23155,14011,4128,24432,16,6,19,10,5,33,1518,1369,24,41,25,0,90,0,3066,9176,5,4,0,7,0,90,180,399,399,7ed3ef74e4c63874e4a9ee8f60581bdef9f0407dee0f7a255c5510cefbb79010,5,0,0,0,5,2,4,0,0,0,0,0,0,0,5,33,16,6,0,0,134,25,24092,19922,19,49,19,10,2,1,134,25
81,IMMOCON,2,16,47,20,5,0,ongoing,9600,1200.000,714,38202,714,38202,24,31430,0,22,5,22,6,18,708,1634,6,45,5,0,56,0,1955,9511,6,0,0,9,0,90,180,399,399,6cd4b6b273a26222cc3ad708fc6741d0067e3f38cc65df4888aa2b836bc7a960,6,0,0,0,0,9,0,0,0,0,0,0,0,0,6,18,0,22,0,2,7,111,6386,38202,31,23,5,22,0,3,7,111
81,IMMOCON,2,16,47,20,5,1,loss,5058,632.250,30077,0,30077,0,9113,-250,17,0,17,3,9,0,970,522,29,0,14,0,43,0,3001,4541,0,1,0,2,0,90,180,399,399,c0b817879f2613e4f331418390eb4ce94b60771655b0086251c671a1edd2b137,0,0,0,0,2,0,1,0,0,0,0,0,0,0,9,0,17,0,0,0,34,1,30105,3995,14,12,17,3,1,0,34,1
82,HOBMEILL,2,16,47,20,5,0,loss,3992,499.000,2,32711,0,32711,-250,3880,0,21,2,21,0,5,155,760,0,29,7,2,38,0,2581,3801,1,0,0,3,0,90,180,399,399,3fc39f8f06a47854b9d78d2ae147b98b076b8f689bd0199ebae115e3df75a71b,1,0,0,0,0,3,0,0,0,0,0,0,0,0,0,5,0,21,0,1,1,17,3481,32711,8,15,2,21,0,2,1,17
82,HOBMEILL,2,16,47,20,5,1,loss,7974,996.750,83488,2,83488,0,3796,-250,27,0,30,8,11,0,1458,647,42,0,30,2,74,0,3196,7791,0,6,0,6,0,90,180,399,399,05cba3df81323c910bc0d2e55e5bed67f72fc57f1e6b68d35bf46061b739b43c,0,0,0,0,6,0,6,0,0,0,0,0,0,0,11,0,27,0,1,0,146,3,83570,11132,13,35,30,8,3,0,146,3
83,BUGMPTORY,2,16,47,20,5,0,loss,3510,438.750,2,28327,0,28327,-250,12025,0,18,0,18,0,8,420,647,0,28,10,2,40,0,2561,2561,0,0,0,1,0,90,180,399,399,845806d17a131c473030348ddcc21ac4fa87e0e0d3dab1a8ad5d51e1f1e14835,0,0,0,0,0,1,0,0,0,0,0,0,0,0,0,8,0,18,0,1,0,13,1178,28393,10,12,0,18,0,1,0,13
83,BUGMPTORY,2,16,47,20,5,1,loss,4793,599.125,29604,2,29604,0,7134,-250,19,0,19,3,14,0,992,548,38,0,6,2,46,0,2426,4436,4,1,0,1,0,90,180,399,399,6dbe1b2bbda1949d131c734bcad9b6d808d9ebc5d8740ce636e346272c40598a,4,0,0,0,1,0,1,0,0,0,0,0,0,0,14,0,19,0,1,0,24,0,29614,4442,17,10,19,3,1,0,24,0
84,SHADKOPEND,2,16,47,20,5,0,ongoing,9600,1200.000,3254,54153,3254,54153,404,11228,2,27,11,27,1,5,651,1521,3,37,14,0,54,0,2297,9596,3,0,0,13,0,90,180,399,399,44aed0ac012e7e6c7a620184b31ec177b7e04ada1d3f445765953397bac3848b,3,0,0,0,0,13,0,0,0,0,0,0,0,0,1,5,2,27,0,2,5,149,20859,54153,33,16,11,27,0,4,5,149
84,SHADKOPEND,2,16,47,20,5,1,loss,4717,589.625,43835,1,43835,0,5212,-250,23,0,23,5,10,0,935,446,39,0,6,1,46,0,1881,4466,2,1,0,2,0,90,180,399,399,50fa058a71d35f4f3e0503481d9b8677897bd8fdbc58f44c7253ddd5b5f22de5,2,0,0,0,2,0,1,0,0,0,0,0,0,0,10,0,23,0,2,0,26,0,43920,4455,13,14,23,5,2,0,26,0
85,CORQAZME,3,16,46,20,5,0,win,4979,622.375,23185,0,23185,0,1871,-250,0,0,15,12,0,0,770,1074,2,0,52,0,54,4793,1811,4793,0,1,1,3,1,90,180,399,399,0f99595d103caa6bd958e33e7a4bd29193e8d9ff10527928ed78a3d19b6e75a5,0,0,3,0,1,2,1,0,0,1,1,0,0,0,0,0,0,0,0,0,72,17,24416,13633,13,19,15,12,1,2,72,17
85,CORQAZME,3,16,46,20,5,1,ongoing,9600,1200.000,14363,38855,14363,38855,9800,80435,8,12,16,12,7,64,1910,1741,21,125,3,0,149,0,1866,9541,0,22,0,18,0,90,180,399,399,1afac609f3edc3c71b8e120bd229dafef468433974543183319f2c5b8fa0df60,0,0,0,0,11,7,22,0,0,0,0,0,0,0,7,64,8,12,0,1,362,62,24071,38855,20,81,16,12,3,1,362,62
86,BINEHAM,3,16,46,20,5,0,loss,7719,964.875,1,10806,0,10806,-250,8518,0,5,4,10,0,14,429,1613,0,25,16,1,42,0,2066,7366,0,0,2,7,0,90,180,399,399,157d6f22e9b748cbcbe182258782f73763cdaacd96eeeaa521ae2e6cae2c7568,0,0,5,0,0,7,0,0,0,2,0,0,0,0,0,14,0,5,0,1,23,196,11406,14237,24,21,4,10,0,2,23,196
86,BINEHAM,3,16,46,20,5,1,win,5756,719.500,0,59294,0,59294,1124,126555,0,19,9,19,0,60,1012,1082,0,115,11,0,126,0,1076,5081,0,5,0,2,0,90,180,399,399,47bd4702eccf3a78e6639082331fef41986d6e1fc83655a93703d5c4bf1602fd,0,0,0,0,1,1,5,0,0,0,0,0,0,0,0,60,0,19,0,1,61,30,13138,59462,14,63,9,19,1,1,61,30
87,SADGBOND,3,16,46,20,5,0,loss,1821,227.625,1,8239,0,8239,-250,16090,0,8,2,8,0,13,80,376,0,27,3,1,31,0,1341,1341,0,0,0,1,0,90,180,399,399,fffc104c0450775ddb5738e59f7dd7b043ea217a6880569e737336c95761e5f6,0,0,1,0,0,1,0,0,0,0,0,0,0,0,0,13,0,8,0,1,0,3,3181,10021,2,18,2,8,0,1,0,3
87,SADGBOND,3,16,46,20,5,1,win,6178,772.250,0,45288,0,45288,1004,53630,0,14,10,14,0,73,1232,1172,0,135,15,0,150,0,1786,5646,0,7,0,9,0,90,180,399,399,6ca9bf35eeb77e5b9c03b0927cd15fe27c484b9376bbc18d244c79ace066dcfb,0,0,2,0,4,5,7,0,0,0,0,0,0,0,0,73,0,14,0,1,118,39,16947,46312,19,86,10,14,2,1,118,39
88,LOWINLOW,3,16,46,20,5,0,win,5890,736.250,22720,0,22720,0,26013,-250,0,0,22,12,0,0,789,1347,1,0,59,0,60,5691,1621,5691,0,0,1,3,1,90,180,399,399,a087d01f1c540a851af6f47328a52be9e2bbe4767428c35611bf0d1d7f3a0972,0,0,4,0,0,3,0,0,0,1,1,0,0,0,0,0,0,0,0,0,75,56,28469,15755,29,23,22,12,0,2,75,56
88,LOWINLOW,3,16,46,20,5,1,loss,6962,870.250,80442,0,80442,0,7275,-189,30,0,30,8,3,0,1456,988,39,0,37,0,76,0,1596,6906,0,26,0,14,0,90,180,399,399,d27a1442ad92d263e105b1050db6e6ba52f56b7ed98f6c0ea851c5416c95f3de,0,0,0,0,10,4,26,0,0,0,0,0,0,0,3,0,30,0,2,0,87,4,80454,18131,19,25,30,8,4,1,87,4
89,QAZLOPICK,3,16,46,20,5,0,loss,2875,359.375,1,12985,0,12985,57,33472,0,12,1,12,0,8,45,583,0,26,2,1,29,0,1601,2336,0,0,0,2,0,90,180,399,399,f9cab39cfca251242c9680aed37ec70ce1b339b99869b0b0638213f3dd499d44,0,0,2,0,0,2,0,0,0,0,0,0,0,0,0,8,0,12,0,1,1,1,3030,18354,1,18,1,12,0,2,1,1
89,QAZLOPICK,3,16,46,20,5,1,ongoing,9600,1200.000,91605,7169,91605,7167,6987,1447,24,7,29,9,2,33,1762,1781,40,69,5,2,116,0,2526,9571,0,40,0,28,0,90,180,399,399,6a22a4b4e63b482f8eddcacd9d8e0612debee869d11fa95b11235449cd8dd73a,0,0,2,0,20,8,40,0,0,0,0,0,0,0,2,33,24,7,4,0,273,20,91605,28306,18,59,29,9,6,1,273,20
90,VERYYTORY,1,16,45,36,4,0,win,7264,908.000,30354,0,30354,0,7520,22419,0,0,39,16,0,0,1152,1690,1,0,73,0,74,7017,985,7017,1,0,0,14,1,1350,1350,399,399,c2892db48654a46ad4bd4109a9ff396b2fcce415b9212c799fcc5eeb71c539d7,1,0,0,0,8,6,0,0,0,0,1,0,0,0,0,0,0,0,0,0,54,82,86047,19624,96,19,39,16,1,2,54,82
90,VERYYTORY,1,16,45,36,4,1,win,4387,548.375,0,12715,0,12715,-232,1376,0,0,5,3,0,0,1083,425,0,5,115,0,120,4193,2841,4193,0,0,0,2,1,1350,1350,399,399,cf9452b46d8759339afb8233bd569d6e06d9c37d2d14d560fb7d72f8e12e9efa,0,0,0,0,0,2,0,0,0,0,0,1,0,0,0,0,0,0,0,0,2,27,4288,23567,20,80,5,3,0,1,2,27
91,MINOXEND,1,16,45,36,4,0,win,5611,701.375,56267,0,56267,0,4484,39079,0,0,34,15,0,0,1267,1158,13,0,123,0,136,5425,897,5425,1,0,0,6,1,1350,1350,399,399,2f8d430813f5a8ef19707c095611b99c9b3541482ac3d650273b53d2bbc6926e,1,0,0,0,3,3,0,0,0,0,1,0,0,0,0,0,0,0,0,0,73,107,82938,17947,74,18,34,15,1,3,73,107
91,MINOXEND,1,16,45,36,4,1,win,6022,752.750,0,7642,0,7642,-250,4074,0,0,14,18,0,0,1239,1024,0,1,86,0,87,5761,2237,5761,4,1,0,6,1,1350,1350,399,399,e3588f526f9041dd2aa6e3e08e96360e853542abec2d82145e862c96bcf2e782,4,0,0,0,3,3,1,0,0,0,0,1,0,0,0,0,0,0,0,0,44,16,15572,27588,19,84,14,18,2,1,44,16
92,HAMEAME,1,16,45,36,4,0,win,5261,657.625,38354,0,38354,0,4170,30526,0,0,22,15,0,0,818,1277,20,0,136,0,156,5129,673,5129,2,0,0,4,1,1350,1350,399,399,27b51eb514eca9048fd2708c7d495bdf4c517a8a3ea357f2faf70fffef598e4f,2,0,0,0,4,0,0,0,0,0,1,0,0,0,0,0,0,0,0,0,60,66,53316,20581,99,19,22,15,1,0,60,66
92,HAMEAME,1,16,45,36,4,1,win,4519,564.875,1,71173,0,71173,-250,69355,0,25,8,25,0,94,1073,1083,0,144,11,1,156,0,1849,3981,2,1,0,2,0,1350,1350,399,399,165eee8aef3404fe12138f899c198c259189d041afb8e2ca493c4413e5d72cf0,2,0,0,0,1,1,1,0,0,0,0,0,0,0,0,94,0,25,0,1,43,40,10094,71441,18,96,8,25,1,1,43,40
93,FUTIKEOLD,1,16,45,36,4,0,win,4729,591.125,44552,0,44552,0,2968,15266,0,0,26,13,0,0,877,1125,39,0,76,0,115,4625,905,4625,3,0,0,2,1,1350,1350,399,399,57a18c9c113dbf7cc120569e6946a698d9cecad9a7d2ff641bd7d452da269351,3,0,0,0,2,0,0,0,0,0,1,0,0,0,0,0,0,0,0,0,54,32,61460,12515,63,16,26,13,1,0,54,32
93,FUTIKEOLD,1,16,45,36,4,1,win,3809,476.125,1,47189,0,47189,895,60561,0,19,4,19,0,59,863,876,0,100,9,1,110,0,3594,3594,0,0,0,1,0,1350,1350,399,399,c5e0a858c2fb3a71ad0a65e39278ff04e69088e6120649ce5000736a3e86b624,0,0,0,0,0,1,0,0,0,0,0,0,0,0,0,59,0,19,0,1,16,7,4130,47207,15,70,4,19,0,1,16,7
94,SUZOGOBOY,1,16,45,36,4,0,win,5515,689.375,29258,0,29258,0,12823,31846,0,0,22,18,0,0,911,1150,1,0,100,0,101,5277,897,5277,3,0,0,3,1,1350,1350,399,399,62dcc09816ecc7ad6590fa25ab8329373de7682e81ffe3619b2a5c256e89b891,3,0,0,0,1,2,0,0,0,0,1,0,0,0,0,0,0,0,0,0,52,95,49721,15914,63,18,22,18,1,1,52,95
94,SUZOGOBOY,1,16,45,36,4,1,win,2172,271.500,0,13772,0,13772,124,20641,0,4,3,5,0,72,500,445,0,93,11,0,104,0,0,0,0,0,0,0,0,1350,1350,399,399,5bb43e826d98bef9af8198ecb3a51e801d165e849f1a0f863c221ce2582272b6,0,0,0,0,0,0,0,0,0,0,0,0,0,0,0,72,0,4,0,0,8,9,1386,13862,19,77,3,5,0,0,8,9
95,DOUOLOW,2,16,63,11,4,0,ongoing,9600,1200.000,14104,97106,14104,97106,2868,8633,12,29,12,41,29,19,1162,2101,43,57,5,0,105,0,3097,9437,16,6,0,0,0,45,45,399,399,2b624c2572a12a3683fba9fc2ef48b29ead35634fc58603ee495d00e5b6e1974,2,14,0,0,0,0,0,6,0,0,0,0,0,0,29,19,12,29,0,0,3,43,14104,115416,30,20,12,41,0,0,3,43
95,DOUOLOW,2,16,63,11,4,1,loss,4108,513.500,14353,0,14353,0,5632,-250,14,0,14,1,13,0,610,134,36,0,5,0,41,0,3705,3705,0,0,0,1,0,45,45,399,399,2cb07144f6c0a1df1e103ed125027efaa01f413c47f1698b467e684c8a8d7773,0,0,1,0,1,0,0,0,0,0,0,0,0,0,13,0,14,0,1,0,10,0,14436,3156,13,6,14,1,1,0,10,0
96,SHIMEICK,2,16,63,11,4,0,ongoing,9600,1200.000,2214,95690,2214,95690,198,10268,5,38,5,40,3,5,825,1344,8,61,4,0,73,0,2889,9113,11,4,0,0,0,45,45,399,399,1f973dbfe856ba2129c250ec1ad23d3715bf8fcaaa5f5926c1c8c6d7fb837ca9,1,10,0,0,0,0,0,4,0,0,0,0,0,0,3,5,5,38,0,0,4,32,2624,98170,15,11,5,40,0,0,4,32
96,SHIMEICK,2,16,63,11,4,1,ongoing,9600,1200.000,364,34558,364,34558,4567,4839,1,6,6,7,1,101,1384,1527,3,118,5,0,126,0,3209,9481,48,0,0,0,0,45,45,399,399,e92432023a7906645e77a5a87ac4246fc917eb2324c69553a470a9d6bce2a4b9,2,46,0,0,0,0,0,0,0,0,0,0,0,0,1,101,1,6,0,0,1,3,3316,34558,19,101,6,7,0,0,1,3
97,HURTDIHOLE,2,16,63,11,4,0,ongoing,9600,1200.000,55309,15265,55309,15265,38733,57,30,10,30,19,58,4,1496,1844,98,15,18,0,131,0,3777,9041,19,6,0,1,0,45,45,399,399,6a5d5d414a2f7f5402e0903813509cb4065971f9886c4e01bd4df414024fa41d,7,12,0,0,1,0,0,6,0,0,0,0,0,0,58,4,30,10,1,0,34,84,55309,24312,73,21,30,19,1,0,34,84
97,HURTDIHOLE,2,16,63,11,4,1,loss,3970,496.250,25810,2,25810,0,9640,-250,19,0,19,2,5,0,827,185,28,0,3,2,33,0,3385,3533,1,0,0,1,0,45,45,399,399,da11c5de92e6bf4485116973e76db183e14ccf06a3b1525d23271452681551e9,1,0,0,0,1,0,0,0,0,0,0,0,0,0,5,0,19,0,1,0,16,0,25846,3571,7,11,19,2,1,0,16,0
98,JOSKOPLAS,2,16,63,11,4,0,ongoing,9600,1200.000,26093,9522,26093,9522,30816,4549,15,15,18,16,72,5,1401,1685,96,28,11,0,135,0,3517,9149,19,6,0,0,0,45,45,399,399,3aef1ebfadaf8370956650ad8c6f137e63d8a4ef983d9b34a9d6373f4bfe28a9,12,7,0,0,0,0,0,6,0,0,0,0,0,0,72,5,15,15,0,0,31,82,28313,23197,84,21,18,16,0,0,31,82
98,JOSKOPLAS,2,16,63,11,4,1,loss,8333,1041.625,88585,1,88585,0,4919,-250,35,0,35,6,10,0,1562,757,47,0,26,1,74,0,3197,8121,0,3,0,10,0,45,45,399,399,c1c675d2e248d71d95eb955a5a2df7ad8cceea160343968bc13a6ab4f4ba4534,0,0,0,0,10,0,3,0,0,0,0,0,0,0,10,0,35,0,1,0,89,1,92914,7255,15,22,35,6,3,0,89,1
99,TIMQAZAL,2,16,63,11,4,0,ongoing,9600,1200.000,84869,9663,84869,9663,44201,4975,33,14,37,18,39,3,1387,1407,82,21,7,0,110,0,3073,9313,5,2,0,3,0,45,45,399,399,4d08d1f0cc3efad4f445300cc7fc423dcbb86f1c50abb0c868489e50ecd52170,2,3,0,1,3,0,0,2,0,0,0,0,0,0,39,3,33,14,1,0,61,40,84869,21259,40,17,37,18,1,0,61,40
99,TIMQAZAL,2,16,63,11,4,1,loss,8248,1031.000,52124,2,52124,0,4133,-250,23,0,24,1,6,0,1236,945,40,0,13,2,55,0,3297,8075,2,2,0,6,0,45,45,399,399,ffdb4e9e31834073d1584f2418586034bc5aef53acf754c5f595796d11732670,0,2,0,0,6,0,2,0,0,0,0,0,0,0,6,0,23,0,2,0,72,0,52124,5447,12,27,24,1,2,0,72,0
100,CALEOLD,1,16,62,11,4,0,win,8131,1016.375,38435,0,38435,0,7204,-250,0,0,37,16,0,0,1938,1772,3,0,120,0,123,7921,2149,7921,0,6,0,4,1,225,90,399,399,62bb517681fde5ed9b83872640997deb29945a01e0331db0dfa6535d80d976a6,0,0,3,1,4,0,1,5,0,0,1,0,0,0,0,0,0,0,0,0,90,100,87940,23428,77,15,37,16,1,0,90,100
100,CALEOLD,1,16,62,11,4,1,win,6595,824.375,0,117716,0,117716,1201,30888,0,36,9,36,0,66,1457,1138,0,128,3,0,131,0,1873,5969,32,2,0,0,0,225,90,399,399,aedf86bcaa9ab95e577c57237bc6d9354a0297815a7ca5b4bf18222554e79d15,0,32,0,0,0,0,1,1,0,0,0,0,0,0,0,66,0,36,0,0,10,14,8120,118654,20,67,9,36,0,0,10,14
101,SCOGBBOY,1,16,62,11,4,0,ongoing,9600,1200.000,35473,148,35473,148,13414,-248,0,0,35,16,0,0,1684,2037,2,1,46,0,49,9385,3001,9385,0,11,0,4,1,225,90,399,399,021370683a9a16d988f9e238a5bfbdd7f360a107929e87f806debf74a7a6a7ad,0,0,2,0,4,0,0,11,0,0,1,0,0,0,0,0,0,0,0,0,118,159,88075,19357,78,13,35,16,1,0,118,159
101,SCOGBBOY,1,16,62,11,4,1,loss,6809,851.125,57248,1,57248,0,7498,-250,26,0,26,4,7,0,1156,562,45,0,19,1,65,0,3028,6521,0,3,0,7,0,225,90,399,399,f3744f6c72c6b0f8aaad9ccd183edddab0b12dfaa734a7273a5d6fdcb1925ee6,0,0,0,0,7,0,3,0,0,0,0,0,0,0,7,0,26,0,1,0,87,1,57266,7624,14,21,26,4,3,0,87,1
102,SWAINDOR,1,16,62,11,4,0,ongoing,9600,1200.000,59066,2872,59066,2871,70641,6712,24,4,25,18,80,8,1164,2312,123,16,29,1,169,0,2013,9245,0,12,0,7,0,225,90,399,399,4f75674e469110762a46e42af2d29b344c9aa11f3ddd1c6634dcc683a956cd43,0,0,8,0,7,0,6,6,0,0,0,0,0,0,80,8,24,4,1,0,83,63,59066,22066,107,23,25,18,1,0,83,63
102,SWAINDOR,1,16,62,11,4,1,loss,9377,1172.125,70183,2,70183,0,6237,-250,27,0,27,11,3,0,1783,1494,42,0,60,2,104,0,1793,9221,8,10,0,13,0,225,90,399,399,3fb4a4202496d4c8b88900a53a690ceac33f345619a1852ca78d95aae72568fa,0,8,0,0,13,0,10,0,0,0,0,0,0,0,3,0,27,0,1,0,328,8,70217,22113,17,66,27,11,4,0,328,8
103,KILLSODPAL,1,16,62,11,4,0,win,8129,1016.125,89730,1,89730,0,72366,-250,37,0,37,18,51,0,1511,1815,106,0,7,1,114,0,2089,7141,8,3,0,5,0,225,90,399,399,cabe2ef3dc2953c2b149d8a79bf9195f76a1900abb1531913e334ba118ee6569,0,8,5,0,5,0,0,3,0,0,0,0,0,0,51,0,37,0,1,0,97,53,89748,20771,56,12,37,18,1,0,97,53
103,KILLSODPAL,1,16,62,11,4,1,loss,3326,415.750,16012,1,16012,0,2669,-235,10,0,12,2,12,0,589,136,24,0,7,1,32,0,1817,3137,1,1,0,2,0,225,90,399,399,58ddc4ea4599cc1021ef73d06d40703b007e4d574542a36bb9ff819e276cce39,0,1,0,0,2,0,1,0,0,0,0,0,0,0,12,0,10,0,1,0,14,1,16028,5879,15,6,12,2,1,0,14,1
104,EOAYHOLE,1,16,62,11,4,0,win,7989,998.625,28751,0,28751,0,4151,-250,0,0,18,15,0,0,1075,1745,3,0,59,0,62,7761,2401,7761,4,6,0,6,1,225,90,399,399,0ec8a90063d000899406dc43618002f81f1cc92b73f49a5c40841e70c46a1ce2,0,4,0,0,6,0,5,1,0,0,1,0,0,0,0,0,0,0,0,0,42,9,45618,22583,76,28,18,15,1,0,42,9
104,EOAYHOLE,1,16,62,11,4,1,win,7751,968.875,0,50236,0,50236,4914,15556,0,11,13,11,0,125,1953,1262,0,163,9,0,172,0,1897,7485,54,1,0,2,0,225,90,399,399,8e26f12889578e9ebb073caf63e68ef4dc8d53200bdd1847a60c578124a2ce10,0,54,0,0,2,0,1,0,0,0,0,0,0,0,0,125,0,11,0,0,45,20,15111,50559,22,128,13,11,1,0,45,20
105,BUROXLAS,1,16,62,10,3,0,ongoing,9600,1200.000,97861,3269,97861,3269,1638,3821,0,0,47,23,0,0,1721,2678,43,18,109,0,170,9521,2899,9521,0,12,0,7,1,225,90,399,399,a07df5e72c6d70d9d0625053fd85e3f12940cd4e6c481bc15198c3413afcf3a9,0,0,5,0,7,0,1,11,0,0,1,0,0,0,0,0,0,0,0,0,145,100,108787,24536,94,13,47,24,1,0,145,100
105,BUROXLAS,1,16,62,10,3,1,loss,4633,579.125,54685,2,54685,0,5112,-250,29,0,29,3,7,0,1259,486,44,0,12,2,58,0,1738,4441,0,5,0,3,0,225,90,399,399,e1800297346584c61f2e24645a700c82844277e179627b0c55a873f561fea2b0,0,0,0,0,3,0,5,0,0,0,0,0,0,0,7,0,29,0,1,0,93,1,54703,6277,13,33,29,3,3,0,93,1
106,MOREAAL,1,16,62,10,3,0,win,8483,1060.375,37429,0,37429,0,4048,3639,0,0,18,13,0,0,1386,2280,3,0,31,0,34,8193,3154,8193,0,3,1,6,1,225,90,399,399,1204212d63e5cf6ad4c12e9cda6771df6f4987da28debea8b80c692da1b18a0b,0,0,0,0,6,0,2,1,1,0,1,0,0,0,0,0,0,0,0,0,65,6,59386,15130,66,23,18,13,1,0,65,6
106,MOREAAL,1,16,62,10,3,1,ongoing,9600,1200.000,64516,618,64516,618,7080,-185,25,0,26,7,1,8,1703,1211,37,8,51,0,96,0,2338,9250,0,4,0,16,0,225,90,399,399,aada6939409a9fd4c5c3ddefd4294864edecb5831169966e50246c588efe01a8,0,0,1,3,16,0,4,0,0,0,0,0,0,0,1,8,25,0,1,0,147,1,64516,16714,11,61,26,7,4,0,147,1
107,NIMIKEPIL,1,16,62,10,3,0,win,8194,1024.250,48266,0,48266,0,13154,-250,0,0,35,24,0,0,1703,2223,3,0,55,0,58,7981,2977,7981,0,9,0,8,1,225,90,399,399,6eb4ab810fd50f8220878802c94ad6d00966eda6d8eab29893c01c8823013e2e,0,0,1,0,8,0,1,8,0,0,1,0,0,0,0,0,0,0,0,0,88,59,77745,33286,67,15,35,24,1,0,88,59
107,NIMIKEPIL,1,16,62,10,3,1,ongoing,9600,1200.000,8423,48410,8423,48410,1805,4552,6,21,26,30,5,74,2596,2850,14,123,2,0,139,0,2407,9463,0,8,0,11,0,225,90,399,399,83d249dee526fab772de8211392eea66a9155c3a4e3ee08e79feac8e3e99e726,0,0,0,17,11,0,5,3,0,0,0,0,0,0,5,76,6,21,1,0,158,61,35727,49204,16,79,26,30,3,0,158,61
108,BILOGOJOB,1,16,62,10,3,0,win,8344,1043.000,74123,0,74123,0,7221,-250,0,0,40,19,0,0,2470,2738,18,0,125,0,143,8206,2338,8206,0,7,0,3,1,225,90,399,399,9dc342c4ebc95905586f4ec3e1b5eda9b1ed5e75378e437ba6a72798d6db1952,0,0,2,0,3,0,0,7,0,0,1,0,0,0,0,0,0,0,0,0,145,109,97555,32506,69,22,40,19,2,0,145,109
108,BILOGOJOB,1,16,62,10,3,1,loss,2355,294.375,13816,1,13816,0,3096,-250,18,0,18,2,5,0,673,93,30,0,2,1,33,0,2275,2275,0,0,0,1,0,225,90,399,399,ccdc424f31388c43a3abab68a3a478b285b9cb61f7f8dd04aff6648b54dfc1a1,0,0,1,0,1,0,0,0,0,0,0,0,0,0,5,0,18,0,1,0,2,0,14709,4076,10,2,18,2,1,0,2,0
109,RINGUDOR,1,16,62,10,3,0,ongoing,9600,1200.000,66750,30563,66750,30563,41557,2115,26,18,29,26,76,5,2274,2770,126,30,5,0,161,0,3100,9550,0,15,0,6,0,225,90,399,399,50ef443e73c124e2c152d21ffac12e138f89b6369459d5cc3f8ec22aecdc50ca,0,0,6,0,6,0,2,13,0,0,0,0,0,0,76,5,26,18,1,0,52,67,66750,37230,78,29,29,26,1,0,52,67
109,RINGUDOR,1,16,62,10,3,1,ongoing,9600,1200.000,4216,41183,4216,41183,8976,6893,3,11,23,12,15,120,2838,2296,31,160,0,0,191,0,2347,9064,0,14,0,8,0,225,90,399,399,0661aacd45622a7b587eceef3e6732c06c0869a18e4a6ab92e8f4430bcdbba6d,0,0,0,10,8,0,9,5,0,0,0,0,0,0,15,120,3,11,0,0,207,51,26091,41183,22,127,23,12,2,0,207,51
110,WEAVDEPAL,1,16,63,8,3,0,win,7996,999.500,41710,0,41710,0,7484,-250,0,0,39,16,0,0,1953,1797,3,0,129,0,132,7777,1555,7777,1,7,0,7,1,225,90,399,399,e5934d79dcaf7ff476a71f49541f3b6002b90b4ed0e378a7156ecaee5832ce43,1,0,0,0,7,0,0,7,0,0,1,0,0,0,0,0,0,0,0,0,212,113,76751,20281,82,18,39,16,1,0,212,113
110,WEAVDEPAL,1,16,63,8,3,1,loss,7098,887.250,130997,0,130997,0,9509,-43,53,0,53,4,2,0,2009,858,66,0,12,0,78,0,2218,6859,0,8,0,10,0,225,90,399,399,3cf07bca5b64be548e62b1623c9eb760796f8807caeafa43b2630522eff8f9c3,0,0,0,0,10,0,8,0,0,0,0,0,0,0,2,0,53,0,1,0,87,2,138147,5839,17,24,53,4,3,0,87,2
111,ALPDIPERT,1,16,63,8,3,0,ongoing,9600,1200.000,76861,26254,76861,26254,28602,2986,30,8,34,27,67,11,1919,3073,124,29,4,0,157,0,1353,9529,9,18,0,4,0,225,90,399,399,0907c87c16bafada12140456e0eb1a1b5c24073957391bc223a4ba8c74a87642,9,0,0,0,4,0,0,18,0,0,0,0,0,0,67,11,30,8,0,0,87,156,78977,39252,75,29,34,27,1,0,87,156
111,ALPDIPERT,1,16,63,8,3,1,loss,5231,653.875,75210,1,75210,0,6144,-250,41,0,41,11,0,0,1591,729,51,0,32,1,84,0,1747,5043,8,3,0,5,0,225,90,399,399,859e896bc4df69df330d56113e464ce704375d625785d0e1016713a1b92706d8,8,0,1,0,5,0,3,0,0,0,0,0,0,0,0,0,41,0,2,0,102,1,75388,16433,17,30,41,11,4,0,102,1
112,BADKOPOUT,1,16,63,8,3,0,ongoing,9600,1200.000,83096,18096,83096,18096,29071,6108,33,16,37,28,70,7,1763,2973,124,32,34,0,190,0,1169,9541,16,21,0,3,0,225,90,399,399,7932ebf657ce91336807590bcc9ff577e11345799c0b1b78f058cb07a015d15b,16,0,0,0,3,0,5,16,0,0,0,0,0,0,70,7,33,16,1,0,48,104,83827,29545,115,40,37,28,1,0,48,104
112,BADKOPOUT,1,16,63,8,3,1,ongoing,9600,1200.000,66380,5399,66380,5398,2286,60,18,0,37,13,9,49,2462,2154,39,58,43,1,141,0,1690,9583,22,11,0,20,0,225,90,399,399,0f5eedc3c71db511f4fbbdbcd21ca022b392c8e6fffde76a7172050ffc17c1fa,22,0,2,0,20,0,11,0,0,0,0,0,0,0,9,49,18,0,3,0,404,30,87821,21035,16,81,37,13,6,0,404,30
113,IMMQAZT,1,16,63,8,3,0,ongoing,9600,1200.000,56735,14592,56735,14591,80161,1541,25,9,26,22,67,14,1685,2700,118,32,0,1,151,0,1369,9265,10,12,0,7,0,225,90,399,399,bee33626c3505b0bd83b9429b48c2c9b15dbcfef2e3588b130d854456b59745f,10,0,0,0,7,0,4,8,0,0,0,0,0,0,67,14,25,9,1,0,133,54,57211,27275,76,28,26,22,1,0,133,54
113,IMMQAZT,1,16,63,8,3,1,win,6911,863.875,0,97188,0,97188,2064,35484,0,25,13,25,0,130,1962,1092,0,189,7,0,196,0,1570,6502,2,12,0,2,0,225,90,399,399,90c9fc67cb1b43386f7fc4e7014e927afae43cef15a64889293f0da0fd0f5fab,2,0,0,0,2,0,1,11,0,0,0,0,0,0,0,130,0,25,0,0,54,55,11303,97478,26,130,13,25,2,0,54,55
114,HOBEPIL,1,16,63,8,3,0,win,8974,1121.750,30909,0,30909,0,7954,-250,0,0,33,25,0,0,2070,2741,1,0,126,0,127,8745,1507,8745,15,8,0,4,1,225,90,399,399,b0ad30c04c9900cc6665144b61d673ecbe04333050e7c6ad3a56a858f78b0c59,15,0,0,0,4,0,0,8,0,0,1,0,0,0,0,0,0,0,0,0,140,97,69002,29225,76,30,33,25,1,0,140,97
114,HOBEPIL,1,16,63,8,3,1,loss,3778,472.250,33777,1,33777,0,4675,-250,21,0,22,4,3,0,1041,228,34,0,4,1,39,0,2308,3634,0,1,0,4,0,225,90,399,399,3ac1d7747e6a2b60c2e20185ed5ae7bfcebefb0a222be8ac02e91da468b77a5d,0,0,0,0,4,0,1,0,0,0,0,0,0,0,3,0,21,0,3,0,23,1,33829,6514,15,6,22,4,3,0,23,1
115,BUGGBJOB,1,16,62,8,3,0,loss,4952,619.000,0,91942,0,91942,-197,1592,0,41,2,41,0,14,358,1385,0,77,1,0,78,0,2017,4930,0,8,0,0,0,180,180,399,399,ba6b94fa9ff5828e49cbe34b0753bc82b316d54999123cd6155e55a0e6fb9a73,0,0,0,0,0,0,0,8,0,0,0,0,0,0,0,15,0,41,0,0,2,21,4509,91942,12,22,2,41,0,0,2,21
115,BUGGBJOB,1,16,62,8,3,1,ongoing,9600,1200.000,1677,79939,1677,79939,7974,25690,1,13,11,14,5,130,2890,2172,10,184,1,0,195,0,2587,8923,0,19,0,2,0,180,180,399,399,a517f9e7815bcbb180605812b66fb4ac8646fe220ad10689ac2c64db1615fe84,0,0,0,0,2,0,1,18,0,0,0,0,0,0,5,130,1,13,0,0,58,42,10331,80091,27,131,11,14,2,0,58,42
116,SHADASLIN,1,16,62,8,3,0,ongoing,9600,1200.000,69276,23161,69276,23161,26160,7073,23,16,28,27,100,8,2728,2772,150,32,3,0,185,0,2209,9145,0,20,0,5,0,180,180,399,399,d310ff4fb0a94583002e8f22d491e2e7f5905bf55951fe2171d3068c14ff2527,0,0,4,0,5,0,2,18,0,0,0,0,0,0,100,8,23,16,1,0,125,174,69394,41732,108,24,28,27,1,0,125,174
116,SHADASLIN,1,16,62,8,3,1,ongoing,9600,1200.000,57374,24671,57374,24670,3017,7166,25,19,27,19,1,53,3076,1769,36,86,23,1,146,0,2801,9548,0,18,0,10,0,180,180,399,399,92399eeb85c5c67bd4e79012ab0db911b5647fabe94f2262f0db29d5e0e0c76c,0,0,0,0,10,0,9,9,0,0,0,0,0,0,1,53,25,19,2,0,187,20,57374,30696,21,81,27,19,3,0,187,20
117,CORSODDON,1,16,62,8,3,0,ongoing,9600,1200.000,20828,66014,20828,66014,2044,3567,15,24,16,40,57,3,1879,2724,85,39,14,0,138,0,2269,9481,0,24,0,0,0,180,180,399,399,517582bb3034c8ba229bc10257aa544fd660df1155900a90fd1b5ce505235ff8,0,0,0,0,0,0,0,24,0,0,0,0,0,0,57,3,15,24,0,0,46,168,20828,106477,67,17,16,40,0,0,46,168
117,CORSODDON,1,16,62,8,3,1,loss,6936,867.000,82770,0,82770,0,1794,-250,34,0,34,9,6,0,1664,560,51,0,20,0,71,0,2024,6907,0,5,0,12,0,180,180,399,399,0632f7e7adfe4723c929d22f980d023a6842cf08824c84e73ed25b94ae8eeaff,0,0,0,0,12,0,5,0,0,0,0,0,0,0,6,0,34,0,1,0,115,2,82770,12471,16,33,34,9,4,0,115,2
118,BINYPERT,1,16,62,8,3,0,win,9506,1188.250,39036,0,39036,0,1860,5961,0,0,25,31,0,0,1789,2363,7,0,176,0,183,9304,2257,9304,0,15,0,2,1,180,180,399,399,a1085e0b7e5b9af742b909f6165cc058c8abd3cf0a5a4bd26a33613d6e2a8111,0,0,3,0,2,0,2,13,0,0,1,0,0,0,0,0,0,0,0,0,66,108,71627,49582,144,23,25,31,1,0,66,108
118,BINYPERT,1,16,62,8,3,1,loss,7274,909.250,143036,1,143036,0,5101,-250,56,0,56,7,4,0,1838,1136,78,0,43,1,122,0,1987,7171,0,10,0,13,0,180,180,399,399,6597b0515a5d4436a58cc8183a03b7d422daaa69973f77a497c5e713b2d78729,0,0,0,0,13,0,10,0,0,0,0,0,0,0,4,0,56,0,2,0,158,1,160098,11693,13,52,56,7,5,0,158,1
119,SADOXOUT,1,16,62,8,3,0,ongoing,9600,1200.000,58318,6169,58318,6169,28999,4556,29,4,29,21,59,13,2470,3093,107,19,18,0,144,0,2164,9127,0,17,0,4,0,180,180,399,399,57521807854c1d75aad21e5c4e98da083c1c245e60f267885d73d2e6cce55bff,0,0,5,0,4,0,1,16,0,0,0,0,0,0,59,13,29,4,1,0,165,252,58318,27909,80,18,29,21,1,0,165,252
119,SADOXOUT,1,16,62,8,3,1,loss,8508,1063.500,81617,0,81617,0,953,-242,31,0,34,7,2,0,2071,739,45,0,16,0,61,0,2347,8497,0,6,0,14,0,180,180,399,399,53a92415d7f23f4208a701590cefd1a6776a0aa83f23cc5d0daa1188d6ab9c02,0,0,1,0,14,0,6,0,0,0,0,0,0,0,2,0,31,0,1,0,143,7,85069,11323,15,25,34,7,4,0,143,7
120,LOWEAT,0,16,63,15,2,0,ongoing,9600,1200.000,22132,45214,22131,45214,598,3102,7,16,20,29,95,10,3019,3294,142,35,0,1,178,0,1457,9581,86,27,0,14,0,45,45,399,399,8005234914ce1358b994deff4e3867c78c59c6bd63ed9e1b77e6de39358c0dfa,32,54,0,3,0,14,0,27,0,0,0,0,0,0,95,10,7,16,0,3,23,437,23952,49477,100,30,20,29,0,5,23,437
120,LOWEAT,0,16,63,15,2,1,loss,5511,688.875,56484,0,56484,0,5399,-250,38,0,38,4,5,0,1793,753,48,0,58,0,106,0,1297,5449,35,16,0,8,0,45,45,399,399,5afcc6f755ce3749ef1778cf397548953dea07f83d338e8af624cfb4b5af10ee,32,3,0,0,8,0,16,0,0,0,0,0,0,0,5,0,38,0,3,0,183,2,56545,12580,16,60,38,4,5,0,183,2
121,QAZIKEBAR,0,16,63,15,2,0,loss,5991,748.875,0,66815,0,66815,-250,9714,0,48,8,48,0,5,794,2121,0,66,13,0,79,0,1113,5913,37,16,0,6,0,45,45,399,399,6bd5ca6f47bb2d2e4ca4485a3ad8d6cf0180071c4c6000a03046c9f222a721ad,5,32,0,1,0,6,0,16,0,0,0,0,0,0,0,5,0,48,0,2,1,89,8998,66874,27,17,8,48,0,4,1,89
121,QAZIKEBAR,0,16,63,15,2,1,loss,7220,902.500,75120,3,75120,0,9643,-250,44,0,44,15,2,0,2200,1847,57,0,53,3,113,0,1537,7145,60,23,0,11,0,45,45,399,399,2f99c74abb9030d4e8584fee68ce93671f32cef4085c4c51dd1753a82d0bb47c,47,13,2,0,11,0,23,0,0,0,0,0,0,0,2,0,44,0,2,0,239,4,75170,20347,24,49,44,15,5,0,239,4
122,VERYQUEER,0,16,63,15,2,0,ongoing,9600,1200.000,56669,14789,56669,14789,64510,7683,33,4,33,27,105,2,3288,4108,184,12,4,0,200,0,1097,9561,49,27,0,12,0,45,45,399,399,b8559e205f68e2eb5fa43c698724c0b7934913367d1f23e75b4439b84a184f4b,21,28,0,0,3,9,0,27,0,0,0,0,0,0,106,2,32,4,1,3,94,464,56669,36859,109,23,33,27,1,4,94,464
122,VERYQUEER,0,16,63,15,2,1,ongoing,9600,1200.000,67142,4315,67142,4313,2074,-203,28,0,31,10,2,40,2901,1930,42,54,15,2,113,0,1089,9591,42,38,0,18,0,45,45,399,399,7294f6ce4f71d108e648b678fe096c480aa5687842ac142e3c41cef0a2c82a9a,39,3,2,0,18,0,38,0,0,0,0,0,0,0,2,40,28,0,5,0,441,13,70531,11017,10,54,31,10,5,0,441,13
123,MINULIN,0,16,63,15,2,0,ongoing,9600,1200.000,6198,54772,6196,54772,-186,6225,1,17,12,24,43,7,2476,3068,63,34,22,2,121,0,1089,9553,47,28,0,14,0,45,45,399,399,985408a536c895545cd847db42b40930e204891b7b8ac0f63271b496220badb3,18,29,0,0,0,14,0,28,0,0,0,0,0,0,43,7,1,17,0,3,44,427,17911,55739,66,24,12,24,0,5,44,427
123,MINULIN,0,16,63,15,2,1,loss,7048,881.000,94661,0,94661,0,5269,-31,41,0,41,1,3,0,1379,326,63,0,2,0,65,0,1305,7011,1,29,0,13,0,45,45,399,399,aeb5a25bb2c709c49c1ea3f66b37c8ac69c1c43be868561c9f0b844c0ed8f8c7,0,1,1,0,13,0,29,0,0,0,0,0,0,0,3,0,41,0,7,0,55,0,94661,3309,7,29,41,1,7,0,55,0
124,HAMDEDON,0,16,63,15,2,0,loss,5564,695.500,1,54757,0,54757,-250,2738,0,37,6,37,0,8,859,1571,0,54,29,1,84,0,1155,5545,19,15,0,7,0,45,45,399,399,851247cd4cc96244776baa94866be5a044409e86d7f86c569c6c5924a8d6e01e,3,16,0,3,0,7,0,15,0,0,0,0,0,0,0,8,0,37,0,4,0,169,11286,54793,55,16,6,37,0,4,0,169
124,HAMDEDON,0,16,63,15,2,1,ongoing,9600,1200.000,53697,25266,53697,25266,3318,1027,1,9,35,13,26,75,3134,2878,43,120,4,0,167,0,1345,9545,29,42,0,9,0,45,45,399,399,69805476a37f70d16b08d75fbfad635f6e1018aed2c129986fd7bc5bee6a420b,0,29,1,0,9,0,42,0,0,0,0,0,0,0,26,75,1,9,3,0,261,24,70320,25481,27,75,35,13,4,0,261,24
125,FUTDIMAR,3,16,62,15,2,0,win,7804,975.500,4919,0,4919,0,24583,-250,0,0,20,24,0,0,2564,3264,1,0,151,0,152,7561,1241,7561,0,36,0,15,1,225,90,399,399,e8ce1e18616148adf48e505ca570620af9147563bdb5532a96fda979d78055c1,0,0,4,0,9,6,11,25,0,0,1,0,0,0,0,0,0,0,0,0,125,161,41859,28467,69,30,20,24,1,2,125,161
125,FUTDIMAR,3,16,62,15,2,1,win,8139,1017.375,0,91178,0,91178,611,36237,0,34,25,36,0,107,2675,2821,0,205,3,0,208,0,681,8031,80,31,0,12,0,225,90,399,399,780fba14c8063e8540f4a86b3f0724253342aa29e94ccb890bc8ac295e7b34ee,0,80,3,4,8,4,31,0,0,0,0,0,0,0,0,107,0,34,0,1,398,18,59734,93954,28,108,25,36,5,1,398,18
126,SUZKOPLUG,3,16,62,15,2,0,ongoing,9600,1200.000,45378,28446,45378,28446,33765,520,14,3,22,29,97,14,3688,4326,183,25,0,0,208,0,1073,9565,0,66,0,10,0,225,90,399,399,55067b7f42b1c2cd819f02b82a043d61a6c5a278b59234372692662bc539325f,0,0,8,3,4,6,3,63,0,0,0,0,0,0,97,14,14,3,0,0,108,540,45789,62137,107,21,22,29,1,4,108,540
126,SUZKOPLUG,3,16,62,15,2,1,loss,2252,281.500,13761,1,13761,0,5585,-250,12,0,12,2,17,0,1123,66,51,0,5,1,57,0,497,2129,6,1,0,1,0,225,90,399,399,3a144d07906d58d65b198d918fc8599598dcf08a48ab1088d4cf7fb21e1a0096,0,6,0,0,1,0,1,0,0,0,0,0,0,0,17,0,12,0,1,0,3,0,14900,5198,34,2,12,2,1,0,3,0
127,DOUQAZHILL,3,16,62,15,2,0,loss,9293,1161.625,0,149873,0,149873,-250,1845,0,43,10,43,0,27,1786,3393,0,90,66,0,156,0,857,9281,91,48,0,28,0,225,90,399,399,f2a977b10386f5fb1f059827a46b3a6626669a3de77a5ac6181844c02d8cbe00,0,91,3,0,4,24,2,46,0,0,0,0,0,0,0,27,0,43,0,5,30,509,36509,151161,86,28,10,43,1,8,30,509
127,DOUQAZHILL,3,16,62,15,2,1,loss,4582,572.750,125529,1,125529,0,8049,-250,48,0,48,4,0,0,1697,705,68,0,20,1,89,0,1289,4537,1,32,0,15,0,225,90,399,399,c81533f335b5dc5399c3ff61d4e1c2589042dbe03292351b5a0449ac5399f26c,0,1,0,0,15,0,32,0,0,0,0,0,0,0,0,0,48,0,7,0,109,1,125703,8488,30,33,48,4,7,0,109,1
128,SHIEBAR,3,16,62,15,2,0,win,6821,852.625,17661,0,17661,0,20893,-250,0,0,32,35,0,0,2816,2835,1,0,106,0,107,6575,857,6575,41,26,0,13,1,225,90,399,399,0bac4c94ea8c8c28cbe80b9443a7b10dbea4b4a164422409e0aaf235a0756d76,0,41,13,4,3,10,6,20,0,0,1,0,0,0,0,0,0,0,0,0,59,163,62439,55805,73,25,33,35,1,4,59,163
128,SHIEBAR,3,16,62,15,2,1,loss,7850,981.250,132086,0,132086,0,1134,21,47,0,47,10,13,0,1943,1061,77,0,26,0,103,0,1185,7849,5,55,0,25,0,225,90,399,399,a83e42ddd0e22415de79b28b7193269a472d330b26a06a1f216095921552bb1c,0,5,6,0,25,0,55,0,0,0,0,0,0,0,13,0,47,0,3,0,302,4,140160,10701,28,38,47,10,7,0,302,4
129,HURTCEER,3,16,62,15,2,0,win,5886,735.750,33176,0,33176,0,20463,-250,0,0,18,28,0,0,2006,2311,3,0,112,0,115,5643,1153,5643,28,19,0,11,1,225,90,399,399,ed6b6daf6eb6216a2e5ba1e63b678f5bbfa4322fb61b1320cad440d33d62d1a9,0,28,13,1,6,5,6,13,0,0,1,0,0,0,0,0,0,0,0,0,53,22,65656,36928,89,29,18,28,1,2,53,22
129,HURTCEER,3,16,62,15,2,1,loss,5971,746.375,161124,0,161124,0,10536,-218,50,0,51,6,12,0,1878,909,78,0,14,0,92,0,921,5921,1,49,0,17,0,225,90,399,399,d36c79ef8b9c2dabf5c8c88036de9345adece5b569b9e896825ab84d67c7a8b8,0,1,3,0,17,0,49,0,0,0,0,0,0,0,12,0,50,0,5,0,163,1,161152,8544,15,32,51,6,7,0,163,1
130,JOSASING,0,16,62,13,2,0,win,5963,745.375,24342,0,24342,0,4405,-250,0,0,22,22,0,0,2078,2589,1,0,151,0,152,5721,1441,5721,9,12,0,8,1,225,90,399,399,746c64b0ae5ab0315e1456086da70f1de966f4e91b318bbebc050270461ddc87,0,9,1,0,4,4,4,8,0,0,1,0,0,0,0,0,0,0,0,0,76,106,48608,21860,94,33,22,22,1,2,76,106
130,JOSASING,0,16,62,13,2,1,ongoing,9600,1200.000,21842,82615,21842,82615,5888,10874,0,37,27,37,0,74,3373,3474,2,144,11,0,157,0,1305,9513,12,43,0,10,0,225,90,399,399,291484b19e42951b5f7414e0322007de224ad834771f2e77cd5364bc3f21498c,0,12,4,0,8,2,29,14,0,0,0,0,0,0,0,74,0,37,2,1,364,56,47978,82615,25,94,27,37,4,1,364,56
131,TIMSODORD,0,16,62,13,2,0,win,9580,1197.500,26070,0,26070,0,9643,-250,0,0,23,29,0,0,3728,3760,1,0,129,0,130,9338,1409,9338,35,34,0,21,1,225,90,399,399,d90a7b2c921af8b804f875b621d216250fffc949a15ff30924cf3b1e17a51410,0,35,3,0,14,7,0,34,0,0,1,0,0,0,0,0,0,0,0,0,125,373,94452,38840,142,23,23,29,1,3,125,373
131,TIMSODORD,0,16,62,13,2,1,loss,6199,774.875,99337,0,99337,0,4396,132,49,0,49,5,2,0,2411,483,65,0,22,0,87,0,1105,6162,8,30,0,10,0,225,90,399,399,f1999960ac6fb38f9183e8458cb892d416d69aad3c04d44770bacebcf99d3d4c,0,8,1,0,10,0,30,0,0,0,0,0,0,0,2,0,49,0,4,0,59,2,99359,6284,35,19,49,5,5,0,59,2
132,CALYMAR,0,16,62,13,2,0,ongoing,9600,1200.000,24174,54745,24172,54745,465,1354,5,13,12,27,56,19,4125,3848,86,43,14,2,145,0,1321,9577,42,41,0,8,0,225,90,399,399,d3661d25d51d96331bcf7f0690d6c8ac5489775bb7b687a9cd50de807d14b3f9,0,42,3,0,2,6,0,41,0,0,0,0,0,0,56,19,5,13,0,3,62,395,27345,55792,72,20,12,27,1,3,62,395
132,CALYMAR,0,16,62,13,2,1,loss,6992,874.000,57333,0,57333,0,3430,-250,24,0,28,6,15,0,1921,946,57,0,21,0,78,0,1497,6945,2,33,0,11,0,225,90,399,399,9de94dbf5949bb9046633e655a4dc533aca78efebd52924c769b8a8b336b0351,0,2,1,0,11,0,33,0,0,0,0,0,0,0,15,0,24,0,2,0,225,1,58121,9805,16,38,28,6,5,0,225,1
133,SCOOXLUG,0,16,62,13,2,0,ongoing,9600,1200.000,915,113071,915,113071,-199,11214,0,51,4,52,0,7,1633,2858,2,74,31,0,107,0,1737,9525,0,66,0,23,0,225,90,399,399,c7f8d2ccc636cf3255d2e05c1add6522c92c76d8aac800d31cd24f2f6a303a2d,0,0,0,0,0,23,0,66,0,0,0,0,0,0,0,7,0,51,0,2,3,238,17622,146714,51,14,4,52,0,6,3,238
133,SCOOXLUG,0,16,62,13,2,1,loss,7145,893.125,138410,0,138410,0,9305,361,66,0,66,5,5,0,2282,1215,87,0,12,0,99,0,1577,7097,4,48,0,11,0,225,90,399,399,5c8016a92fb7ccf05b705a0bb47328282399e3ca2be4dc250fa9d01aa8b02371,0,4,2,0,11,0,48,0,0,0,0,0,0,0,5,0,66,0,4,0,122,1,138414,16823,21,46,66,5,6,0,122,1
134,SWAEAHILL,0,16,62,13,2,0,win,4766,595.750,25252,0,25252,0,19210,-250,0,0,22,23,0,0,1524,2087,3,0,90,0,93,4553,1561,4553,0,12,0,2,1,225,90,399,399,43c8af6c0e9ce8836c4aaad051f0a941f0ff5079284117835945a14117f886e7,0,0,1,0,2,0,1,11,0,0,1,0,0,0,0,0,0,0,0,0,55,36,43404,18034,78,25,22,23,1,0,55,36
134,SWAEAHILL,0,16,62,13,2,1,ongoing,9600,1200.000,9679,158345,9679,158345,615,327940,0,43,28,43,0,69,3178,3185,1,152,4,0,157,0,817,8796,40,17,0,4,0,225,90,399,399,23add59addc264b6ea94b618d2fe75420b48d42957fb41817a7d2d4c320d3aa2,0,40,4,0,3,1,17,0,0,0,0,0,0,0,0,69,0,43,1,1,174,38,35554,164271,28,84,28,43,2,1,174,38
135,KILLDIEMET,3,16,63,12,1,0,ongoing,9600,1200.000,29412,66271,29412,66271,1619,3916,10,17,13,44,57,13,0,0,114,60,4,0,178,0,1089,9529,18,90,0,14,0,225,90,399,399,f15dc8f74c7ee6a6ec97ad585c23943d6e9178a99ee890ab62cfce993cab726e,18,0,0,0,0,14,0,90,0,0,0,0,0,0,57,13,10,17,0,2,80,349,29412,133899,76,26,13,44,0,5,80,349
135,KILLDIEMET,3,16,63,12,1,1,loss,5224,653.000,133733,2,133733,0,4753,-250,47,0,47,11,8,0,0,0,84,0,24,2,110,0,889,5217,35,34,0,16,0,225,90,399,399,c589499872267730246b3e458d9bd4d452101c6fb88a34d67d850053efa9d109,35,0,2,0,16,0,34,0,0,0,0,0,0,0,8,0,47,0,3,0,200,5,133733,13071,29,48,47,11,7,0,200,5
136,EOAQUEED,3,16,63,12,1,0,loss,5866,733.250,1,140869,0,140869,-236,2642,0,51,5,51,0,1,0,0,0,68,11,1,80,0,953,5860,0,55,0,16,0,225,90,399,399,a1051e1747a5260343d964306f5212d69f248344d1d03001baa3bc8718a80a7c,0,0,0,0,0,16,0,55,0,0,0,0,0,0,0,1,0,52,0,3,4,209,14626,141477,56,10,5,52,0,6,4,209
136,EOAQUEED,3,16,63,12,1,1,ongoing,9600,1200.000,16938,198906,16938,198906,-5,133887,0,33,32,33,13,129,0,0,17,191,0,0,208,0,1529,9012,0,64,0,14,0,225,90,399,399,1f056e7eb5e07c2b547f608c99004e4ad9e8b9865e13b423ec20be24d6ca98df,0,0,4,0,8,6,40,24,0,0,0,0,0,0,13,129,0,33,2,1,483,97,72360,198906,35,130,32,33,4,1,483,97
137,BURUING,3,16,63,12,1,0,loss,7075,884.375,0,155249,0,155249,7,5609,0,42,6,42,0,10,0,0,0,74,17,0,91,0,1201,7041,1,59,0,25,0,225,90,399,399,1e3a3d59539cca61d36b0da316251d201021bfcd20151da88482fef2093acb0c,1,0,0,0,0,25,0,59,0,0,0,0,0,0,0,10,0,42,0,5,4,385,12052,155293,55,23,6,42,0,6,4,385
137,BURUING,3,16,63,12,1,1,ongoing,9600,1200.000,82769,43957,82769,43957,3832,7162,25,11,44,13,8,47,0,0,55,99,19,0,173,0,889,9569,0,107,0,20,0,225,90,399,399,c40c9d6f7424731581c14e2a4324a340b643e87439771d9e7c1e8f487f2d633c,0,0,1,0,19,1,103,4,0,0,0,0,0,0,8,47,25,11,1,1,172,9,140004,43957,14,69,44,13,9,1,172,9
138,MORDEORD,3,16,63,12,1,0,loss,4755,594.375,0,128832,0,128832,-59,9174,0,51,0,51,0,7,0,0,0,78,5,0,83,0,1153,4707,0,36,0,14,0,225,90,399,399,431a4f0b473757f2a3f18448a7281133c25d7faf0ad619b7ed0cb3de9e26bdee,0,0,0,0,0,14,0,36,0,0,0,0,0,0,0,7,0,51,0,3,0,62,7491,128864,32,14,0,51,0,4,0,62
138,MORDEORD,3,16,63,12,1,1,ongoing,9600,1200.000,35783,93701,35783,93701,1466,6394,3,19,41,25,4,124,0,0,12,196,0,0,208,0,961,9574,104,63,0,27,0,225,90,399,399,ade2d559c1f24af6ca3825554b4bea814249ff1648333402bbd1df70f8f249f9,104,0,1,0,20,7,51,12,0,0,0,0,0,0,4,124,3,19,1,0,569,39,94288,95315,19,128,41,25,7,1,569,39
139,NIMDICON,3,16,63,12,1,0,loss,8389,1048.625,0,187723,0,187723,535,289331,0,69,5,70,0,2,0,0,0,90,67,0,157,0,1177,8259,1,69,0,38,0,225,90,399,399,bbb66fc2d1cf6e66ae4f0dc9df21551ed8f8e746bf5f35db2c4611e049fe8fa6,1,0,0,0,0,38,0,69,0,0,0,0,0,0,0,2,0,69,0,5,5,326,22151,192572,67,12,5,70,0,8,5,326
139,NIMDICON,3,16,63,12,1,1,ongoing,9600,1200.000,26775,86656,26775,86656,3920,5351,3,27,41,27,4,83,0,0,12,181,15,0,208,0,497,9569,58,75,0,15,0,225,90,399,399,2cb2b6c3e85f0e37c8041857cc4ca98d25d00ec6145d7849ca1156ec39a7c253,58,0,1,0,11,4,57,18,0,0,0,0,0,0,4,83,3,27,1,1,570,59,100696,86656,22,119,41,27,7,1,570,59
140,BILKOPILL,0,16,62,12,1,0,loss,4018,502.250,0,69856,0,69856,-136,14257,0,53,4,53,0,9,0,0,0,77,14,0,91,0,1385,3924,0,22,0,6,0,180,180,399,399,945e5945df0819a0616bd1b07b62dbaa5a02ae249f5fd9638e48ec7e2a4418dd,0,0,2,0,0,6,0,22,0,0,0,0,0,0,0,9,0,53,0,4,0,37,6611,69862,22,17,4,53,0,4,0,37
140,BILKOPILL,0,16,62,12,1,1,ongoing,9600,1200.000,181988,3351,181988,3351,8598,-70,70,0,74,6,12,27,0,0,111,43,6,0,160,0,1473,9561,0,83,0,20,0,180,180,399,399,ac12c3111beaebb092b7e9f288e17f627c86c2f67ad7891b8d9dfbbd48db2fc6,0,0,2,0,19,1,83,0,0,0,0,0,0,0,12,27,70,0,2,0,268,3,183978,15500,20,67,74,6,8,1,268,3
141,RINGINGTORY,0,16,62,12,1,0,loss,4400,550.000,0,37181,0,37181,-250,5063,0,31,7,31,0,5,0,0,0,53,62,0,115,0,1457,4349,0,16,0,7,0,180,180,399,399,6be91281f568f0b10f53ea500adfb46139a3d13c712db84f5c31929fb19d3d66,0,0,1,0,0,7,0,16,0,0,0,0,0,0,0,5,0,31,0,3,20,114,14288,37181,51,25,7,31,0,5,20,114
141,RINGINGTORY,0,16,62,12,1,1,loss,3071,383.875,29180,0,29180,0,4004,-230,32,0,32,1,7,0,0,0,54,0,6,0,60,0,2105,3028,0,5,0,2,0,180,180,399,399,b62f4a91f2fd8538e56bd5fb826e01932bda4cdfdc317830d1f491b2112ac6ba,0,0,1,0,2,0,5,0,0,0,0,0,0,0,7,0,32,0,1,0,10,0,29195,2031,28,7,32,1,2,0,10,0
142,WEAVIMET,0,16,62,12,1,0,loss,6689,836.125,0,159634,0,159634,307,4110,0,75,4,76,0,7,0,0,0,103,38,0,141,0,1329,6673,0,60,0,13,0,180,180,399,399,da12a310aa6d5b9592a41a91f2135332165d4c43e94c36566b5a69930596a1be,0,0,0,0,0,13,0,60,0,0,0,0,0,0,0,7,0,75,0,3,1,115,15699,159637,56,14,4,76,0,5,1,115
142,WEAVIMET,0,16,62,12,1,1,ongoing,9600,1200.000,62477,35960,62477,35959,1941,5094,4,18,47,25,10,92,0,0,24,164,18,1,207,0,1545,9537,0,71,0,9,0,180,180,399,399,adec50c2e24e0021fdb681edf79eb61246a4c1b181f041ec3ad49f74b84319c8,0,0,4,0,9,0,68,3,0,0,0,0,0,0,11,91,4,18,4,0,435,39,88435,36096,20,100,47,25,7,0,435,39
143,ALPCEED,0,16,62,12,1,0,win,7355,919.375,24333,0,24333,0,13670,-250,0,0,27,34,0,0,0,0,2,0,136,0,138,7113,1678,7113,0,33,0,7,1,180,180,399,399,831ad62a5f0ad56da5d51054b09caa1ee7716bd064c81a3f6e0e5df1e483dc51,0,0,1,0,6,1,1,32,0,0,1,0,0,0,0,0,0,0,0,0,153,150,51027,30469,77,22,27,34,1,1,153,150
143,ALPCEED,0,16,62,12,1,1,loss,8410,1051.250,102507,0,102507,0,946,1024,10,0,57,9,18,0,0,0,53,0,19,0,72,0,1577,7177,0,40,1,13,0,180,180,399,399,69e63e034f0b7a3fa1fef063dc13c120892f5bb2f6eb79675c3a461dff61984d,0,0,1,0,12,1,40,0,1,0,0,0,0,0,18,0,10,0,4,0,138,21,112875,13500,27,53,57,9,5,1,138,21
144,BADASHAM,0,16,62,12,1,0,win,9306,1163.250,23897,0,23897,0,11950,-250,0,0,29,42,0,0,0,0,1,0,55,0,56,9065,1417,9065,0,63,0,16,1,180,180,399,399,b846471585a0d7f41fed4f85cc0fe33456b6a0d61371e092ce2432b95b7ffc13,0,0,1,0,2,14,2,61,0,0,1,0,0,0,0,0,0,0,0,0,74,613,83436,49079,128,25,29,42,1,9,74,613
144,BADASHAM,0,16,62,12,1,1,loss,7420,927.500,147277,0,147277,0,5867,101,58,0,58,10,8,0,0,0,86,0,28,0,114,0,1809,7391,0,55,0,18,0,180,180,399,399,34697b4f9f0f0cc85edaa26b8a11c217771e940e675f25712f8615345f8e335c,0,0,3,0,18,0,55,0,0,0,0,0,0,0,8,0,58,0,5,0,264,3,147290,18457,23,54,58,10,5,0,264,3
145,IMMSODOND,1,10,36,2,5,0,ongoing,9600,1200.000,47429,104864,47429,104864,175232,191819,8,29,8,32,102,42,492,1667,124,84,0,0,208,0,3920,3920,0,0,0,1,0,135,135,399,399,4c3a3282563a7588262ad57c2067e44573573325a4893285131a295761103df8,0,0,0,0,1,0,0,0,0,0,0,0,0,0,102,42,8,29,0,0,86,236,47429,104864,103,46,8,32,1,0,86,236
145,IMMSODOND,1,10,36,2,5,1,ongoing,9600,1200.000,2063,50949,2063,50949,36360,9785,0,4,0,4,27,53,202,452,27,71,7,0,105,0,0,0,0,0,0,0,0,135,135,399,399,c6fd8172ca0191f16b038924db00ff1b7455c169196a162eb3839f3de40d26ef,0,0,0,30,0,0,0,0,0,0,0,0,0,0,27,53,0,4,0,0,0,0,4560,50949,28,54,0,4,0,0,0,0
146,HOBYCON,1,10,36,2,5,0,win,5448,681.000,19556,0,19556,0,7432,17656,0,0,6,10,0,0,598,685,4,0,106,0,110,5221,3544,5221,0,0,0,2,1,135,135,399,399,40bdc8a32f2d6d141850c06d8e18a89b37c7b505a40f868f7849420336ee4a96,0,0,0,1,2,0,0,0,0,0,1,0,0,0,0,0,0,0,0,0,66,54,30813,12667,70,26,6,10,1,0,66,54
146,HOBYCON,1,10,36,2,5,1,ongoing,9600,1200.000,579,51366,579,51366,49193,53231,0,5,4,6,10,89,334,542,12,110,8,0,130,0,0,0,0,0,0,0,0,135,135,399,399,bd187965c0d4cdbcf23079e81ffaecc46504173a48f99d5128165736299a5281,0,0,0,35,0,0,0,0,0,0,0,0,0,0,10,89,0,5,0,0,76,44,7007,51702,30,90,4,6,0,0,76,44
147,BUGOXILL,1,10,36,2,5,0,win,6646,830.750,35771,0,35771,0,19254,29301,0,0,11,6,0,0,738,748,2,0,159,0,161,6425,3661,6425,0,0,0,3,1,135,135,399,399,495434633a6758452cf4339700251aabc22cd63b6d7ee69113f9f17ab3ac2cb8,0,0,0,0,3,0,0,0,0,0,1,0,0,0,0,0,0,0,0,0,24,1,50045,19471,67,54,11,6,1,0,24,1
147,BUGOXILL,1,10,36,2,5,1,ongoing,9600,1200.000,3139,10983,3139,10983,69330,61938,0,0,2,1,26,84,299,355,28,101,4,0,133,0,0,0,0,0,0,0,0,135,135,399,399,ccd4701b3f2246480e3091b7b40dff113652fd34ecc646aa5ad507b65c6d390d,0,0,0,14,0,0,0,0,0,0,0,0,0,0,26,84,0,0,0,0,0,0,4767,11127,28,84,2,1,0,0,0,0
148,SHADUSTORY,1,10,36,2,5,0,win,5985,748.125,19837,0,19837,0,15295,64174,0,0,11,9,0,0,647,1014,5,0,137,0,142,5814,3896,5814,0,0,0,3,1,135,135,399,399,dc2e3eb0bd10a5704e584e3e37ad9474042c27df410d94094f37f1a0cb4da849,0,0,0,1,3,0,0,0,0,0,1,0,0,0,0,0,0,0,0,0,130,111,39555,14179,82,46,11,9,1,0,130,111
148,SHADUSTORY,1,10,36,2,5,1,ongoing,9600,1200.000,1880,95568,1880,95568,52646,8586,1,16,3,16,21,95,750,632,24,140,13,0,177,0,0,0,0,0,0,0,0,135,135,399,399,1f28283df35df80f5dde164c49401caea3117671ffe51b20535e6f154a67bd94,0,0,0,40,0,0,0,0,0,0,0,0,0,0,21,95,1,16,0,0,167,28,4304,95568,27,101,3,16,0,0,167,28
149,CORDIEEND,1,10,36,2,5,0,ongoing,9600,1200.000,32910,29452,32910,29452,141599,174179,11,15,12,17,71,53,581,1391,105,92,1,0,198,0,9041,9041,0,0,0,1,0,135,135,399,399,230c409449aaae77084e8579363db13a7d3fbe80eb2df74f8223d1bb6513e861,0,0,0,0,1,0,0,0,0,0,0,0,0,0,71,53,11,15,1,0,63,186,35355,34453,76,57,12,17,1,0,63,186
149,CORDIEEND,1,10,36,2,5,1,ongoing,9600,1200.000,2785,31412,2785,31412,40807,102124,0,2,0,2,27,56,161,432,30,77,1,0,108,0,0,0,0,0,0,0,0,135,135,399,399,cc745503638fa4297b647ae4ce6460918198f16e1341bde7c39bb1f8f089fb13,0,0,0,14,0,0,0,0,0,0,0,0,0,0,27,56,0,2,0,0,0,0,5908,31511,27,57,0,2,0,0,0,0
150,BINQUEME,1,17,15,16,4,0,win,6603,825.375,70398,0,70398,0,3173,21123,34,0,34,10,54,0,1017,1205,104,0,13,0,117,0,1793,6541,17,1,0,1,0,135,135,399,399,292e7046e810ae3d43bcaeab201d184dda82b55b8185ef5a21ad9afaa84bd727,17,0,0,0,1,0,1,0,0,0,0,0,0,0,54,0,34,0,1,0,38,24,70430,9572,71,23,34,10,1,0,38,24
150,BINQUEME,1,17,15,16,4,1,loss,5243,655.375,66040,1,66040,0,1380,-250,31,0,31,2,3,0,966,280,45,0,6,1,52,0,2305,5217,0,4,0,4,0,135,135,399,399,36a1d55d0f962a45580c10127c94d63fe5cf253850c21faa9d5be57b65de913c,0,0,0,0,4,0,4,0,0,0,0,0,0,0,3,0,31,0,3,0,42,0,66141,2982,13,15,31,2,3,0,42,0
151,SADUHAM,1,17,15,16,4,0,win,6117,764.625,13180,0,13180,0,2294,5901,2,0,2,17,60,0,1182,1504,72,0,39,0,111,0,1745,6001,17,0,1,0,0,135,135,399,399,8d5bf374ef68fb8d91dd827535f277025cee9564e0cdc771bb68a2174beffcbe,17,0,0,0,0,0,0,0,0,1,0,0,0,0,60,0,2,0,0,0,22,53,13950,22809,75,24,2,17,0,0,22,53
151,SADUHAM,1,17,15,16,4,1,ongoing,9600,1200.000,13770,104013,13770,104013,6124,143816,3,20,25,25,12,119,1913,1980,24,169,7,0,200,0,1953,8585,16,7,0,4,0,135,135,399,399,5de04c82b8a2ac1f9ff57d77764a3ea3a483282535302ce4d2a600b2923c8915,16,0,1,0,4,0,7,0,0,0,0,0,0,0,12,119,3,20,0,0,152,56,52988,104013,18,119,25,25,3,0,152,56
152,LOWDEOND,1,17,15,16,4,0,ongoing,9600,1200.000,85212,327,85212,327,13184,18591,7,0,7,5,166,2,2323,2348,205,3,0,0,208,0,1689,9301,73,0,0,1,0,135,135,399,399,1b31d23c1f5366b03707a821932789659f66dc2d77629d2fb38bf6a2378d25c0,73,0,0,0,1,0,0,0,0,0,0,0,0,0,166,2,7,0,1,0,21,7,85212,9296,167,28,7,5,1,0,21,7
152,LOWDEOND,1,17,15,16,4,1,ongoing,9600,1200.000,7922,139529,7922,139529,2025,165148,4,42,24,42,10,90,2127,2275,19,169,20,0,208,0,2377,9481,11,11,0,6,0,135,135,399,399,89d10f0060acd1bf0fdba5c6d8fc720a051236492f3cd5ac2442b28be87a45ef,11,0,1,0,6,0,11,0,0,0,0,0,0,0,10,90,5,42,0,0,230,67,47001,139529,17,133,24,42,2,0,230,67
153,QAZDILOW,1,17,15,16,4,0,win,6272,784.000,65453,0,65453,0,16285,17324,14,0,14,7,134,0,791,1549,184,0,10,0,194,0,1689,6209,43,0,0,1,0,135,135,399,399,ad9afc93e1ade3db99514bdf7ffdb3f6c48c623bb4e5674a3bee1cd83550c0ec,43,0,0,0,1,0,0,0,0,0,0,0,0,0,134,0,14,0,1,0,18,29,65453,12065,140,26,14,7,1,0,18,29
153,QAZDILOW,1,17,15,16,4,1,ongoing,9600,1200.000,27844,43890,27844,43890,2055,48645,19,13,20,17,4,71,2125,1798,32,103,7,0,142,0,1857,9531,12,11,0,5,0,135,135,399,399,e1ec630b355bac2d08621b8fac43b94a2c2df6d6545b0ccd3828ef7921513afa,12,0,0,0,5,0,11,0,0,0,0,0,0,0,4,71,19,13,1,0,265,70,36264,45538,17,100,20,17,2,0,265,70
154,VERYWILICK,1,17,15,16,4,0,win,6827,853.375,2392,0,2392,0,2917,2093,1,0,9,22,9,0,1479,1592,14,0,88,0,102,0,3317,6825,4,0,2,0,0,135,135,399,399,c02e98c8f431ccfc3ad4b42610b457d4243ccf75f5e7a27a1878aa1799d55800,4,0,0,0,0,0,0,0,0,2,0,0,0,0,9,0,1,0,0,0,22,55,16230,44516,54,27,9,22,0,0,22,55
154,VERYWILICK,1,17,15,16,4,1,ongoing,9600,1200.000,57275,10284,57275,10283,2937,12463,25,4,29,11,9,53,1343,1906,50,75,7,1,133,0,2241,9569,0,12,0,18,0,135,135,399,399,2185e688c2dcc73b302b6ed7c631e8fc6f6d532bd44ff506ae2a3a05bb3c6668,0,0,1,0,18,0,12,0,0,0,0,0,0,0,9,53,25,4,5,0,289,1,68110,35360,10,81,29,11,5,0,289,1
155,MININGHOLE,3,16,4,32,3,0,win,7559,944.875,190122,0,190122,0,622986,317779,56,0,57,21,58,0,1271,2216,151,0,13,0,164,0,2423,5630,0,0,0,6,0,225,135,399,399,9cce75ed129615f65878df0a19c2c2c5ceb2a55d2ea0e46b1d21f3de5c99399b,0,0,0,0,6,0,0,0,0,0,0,0,0,0,58,0,56,0,1,0,235,120,190336,31442,73,20,57,21,1,0,235,120
155,MININGHOLE,3,16,4,32,3,1,loss,6708,838.500,1550,0,1550,0,336365,99087,0,0,29,30,0,0,1677,1954,1,0,118,0,119,6475,1351,6475,0,0,0,24,1,225,135,399,399,e3a5d0ee3cee3ad70e1f5ce6c7f81d2c2f08ef2064537b963f998ae848d17ad8,0,0,0,0,24,0,0,0,0,0,0,1,0,0,0,0,0,0,0,0,281,18,56535,66431,15,70,29,30,6,0,281,18
156,HAMIEND,3,16,4,32,3,0,win,7491,936.375,177729,1,177729,0,508519,153806,53,0,53,15,68,0,2336,2386,160,0,11,1,172,0,1336,5095,0,0,0,5,0,225,135,399,399,4969ff578d44fd7ce2709c5e67a8ce5d3dd3606bc7f580e04d48e43e216685f8,0,0,0,0,5,0,0,0,0,0,0,0,0,0,68,0,53,0,1,0,249,127,177795,16642,75,19,53,15,1,0,249,127
156,HAMIEND,3,16,4,32,3,1,win,5518,689.750,0,17080,0,17080,230335,24725,0,0,24,17,0,0,1552,1459,0,2,149,0,151,5281,1417,5281,0,0,0,16,1,225,135,399,399,4256429d6b910eb9be192f98258c5b5cf08ffdc3355f7a3225cea5c770591569,0,0,0,0,16,0,0,0,0,0,0,1,0,0,0,0,0,0,0,0,363,22,47361,66240,17,94,24,17,5,0,363,22
157,FUTCEME,3,16,4,32,3,0,loss,2794,349.250,0,8556,0,8556,26406,11413,0,0,8,19,0,0,796,736,0,1,70,0,71,2434,2434,2434,0,0,0,0,1,225,135,399,399,231d56a106bcaa4bc1227a30192390464c5ef35ed093b3bb84af869820e00f05,0,0,0,0,0,0,0,0,0,0,0,1,0,0,0,0,0,0,0,0,0,5,19982,29514,18,15,8,19,0,0,0,5
157,FUTCEME,3,16,4,32,3,1,win,4416,552.000,0,10797,0,10797,156928,5062,0,0,29,22,0,0,1261,1083,0,1,64,0,65,4075,1894,4075,0,0,0,6,1,225,135,399,399,57f77f37af2ba743973ac738b1e3e04bfaea912000b457cf8a5a9595dda07d6c,0,0,0,0,6,0,0,0,0,0,0,1,0,0,0,0,0,0,0,0,73,8,42037,52531,26,50,29,22,3,0,73,8
158,SUZASOLD,3,16,4,32,3,0,win,7812,976.500,148914,1,148914,0,438054,247049,42,0,42,20,81,0,1143,2281,163,0,13,1,177,0,2640,6355,0,0,0,8,0,225,135,399,399,8b3878306c747dc1cf59b5c064cf2ca959a4d350dff5d1326210c5aaf2abde49,0,0,0,0,8,0,0,0,0,0,0,0,0,0,81,0,42,0,1,0,149,108,149022,27173,82,18,42,21,1,0,149,108
158,SUZASOLD,3,16,4,32,3,1,win,7462,932.750,0,19118,0,19118,385509,14496,0,0,29,19,0,0,2124,2179,0,1,203,0,204,7186,1306,7186,0,0,0,17,1,225,135,399,399,7fe1b1c51d8822f5ed7ed99f0ef5c4af103aca0635c09127a69efa5e57b124c8,0,0,0,0,17,0,0,0,0,0,0,1,0,0,0,0,0,0,0,0,461,40,49709,57565,18,127,29,19,6,0,461,40
159,DOUSODBOY,3,16,4,32,3,0,win,5271,658.875,418,0,418,0,36140,163725,0,0,21,21,0,0,600,1435,1,0,87,0,88,4993,1871,4993,0,0,0,7,1,225,135,399,399,2402a1fc6a1920a795bc32f5635b81db2d405c0b3b3c0665ec55b4d65f942f9f,0,0,0,0,7,0,0,0,0,0,0,1,0,0,0,0,0,0,0,0,34,62,47273,33693,86,13,21,21,1,0,34,62
159,DOUSODBOY,3,16,4,32,3,1,win,6897,862.125,0,17602,0,17602,252990,3833,0,0,22,19,0,0,2106,1763,0,1,148,0,149,6625,1279,6625,0,0,0,17,1,225,135,399,399,c298b2359565fbbc40d1ac3f071abcdfd3ddd281a4424bf5280bf07fe49fc257,0,0,0,0,17,0,0,0,0,0,0,1,0,0,0,0,0,0,0,0,411,32,37526,98299,20,135,22,19,6,0,411,32
160,SHIYLOW,0,4,30,15,1,0,ongoing,9600,1200.000,15824,8503,15824,8503,4390,4424,0,0,0,0,15,23,0,0,25,37,7,0,69,0,3467,5693,2,0,0,0,0,900,900,399,399,dea511f59cf435ea801a13c68afcdd3b128ecc1247519e8a33efa99d67fd1a26,0,2,1,0,0,0,0,0,0,0,0,0,0,0,15,23,0,0,0,0,27,53,15824,8506,20,23,0,0,0,0,27,53
160,SHIYLOW,0,4,30,15,1,1,ongoing,9600,1200.000,12048,7151,12048,7151,7561,2709,0,0,0,0,15,20,0,0,20,34,6,0,60,0,4787,6867,2,0,0,0,0,900,900,399,399,ea6b3153bb43ec402d2eaf1cd6503344f7aa47394a59c6cbe499ad725667f3b9,0,2,0,0,0,0,0,0,0,0,0,0,0,0,15,20,0,0,0,0,28,36,12048,7151,17,20,0,0,0,0,28,36
161,HURTAICK,0,4,30,15,1,0,loss,7539,942.375,2,9426,0,9426,-250,1273,0,0,0,0,0,24,0,0,0,33,32,2,67,0,357,7444,2,0,0,2,0,900,900,399,399,fdf8726f7c7df4122672726e7522632407ec1a4c2328c3f0b03c2b3944552ba1,0,2,0,0,0,2,0,0,0,0,0,0,0,0,0,24,0,0,0,2,41,137,4262,9563,25,28,0,0,0,2,41,137
161,HURTAICK,0,4,30,15,1,1,loss,8480,1060.000,14267,0,14267,0,7274,-250,0,0,0,0,27,0,0,0,47,0,9,0,56,0,357,6881,2,1,0,1,0,900,900,399,399,daf8fd8425eee9b8acff47b7f2281f7910736ffd874f9213163f8c312fe945c9,0,2,0,0,1,0,1,0,0,0,0,0,0,0,27,0,0,0,1,0,70,40,14923,4397,27,27,0,0,1,0,70,40
162,JOSUSHOLE,0,4,30,15,1,0,ongoing,9600,1200.000,5551,19579,5551,19579,1126,1990,0,0,0,0,27,23,0,0,44,32,10,0,86,0,1292,4326,1,0,0,1,0,900,900,399,399,4dd555f6dab2d7a92b66763053dd4cfb63324ec3b3af6d7e06b51731cf6037c1,0,1,3,0,0,1,0,0,0,0,0,0,0,0,28,23,0,0,0,1,40,109,7760,19612,28,29,0,0,0,1,40,109
162,JOSUSHOLE,0,4,30,15,1,1,ongoing,9600,1200.000,22463,20065,22463,20065,5154,600,0,0,0,0,26,41,0,0,39,60,4,0,103,0,997,9236,9,1,0,0,0,900,900,399,399,82328f9189fa09cd35fb23b062fea3b468a4144dc9a342d14a81182e2bb962d9,0,9,0,0,0,0,1,0,0,0,0,0,0,0,26,41,0,0,0,0,21,60,26663,24055,28,43,0,0,0,0,21,60
163,TIMDIELAS,0,4,30,15,1,0,ongoing,9600,1200.000,10775,5950,10775,5950,3207,1830,0,0,0,0,22,24,0,0,35,41,1,0,77,0,7049,7049,1,0,0,0,0,900,900,399,399,02eb59e50eef7bece4d99e22d2c4a8dd48e48a30b52143f1a0db6d4e1a6b081c,0,1,1,0,0,0,0,0,0,0,0,0,0,0,23,24,0,0,0,0,78,62,10978,6108,28,27,0,0,0,0,78,62
163,TIMDIELAS,0,4,30,15,1,1,ongoing,9600,1200.000,7726,10435,7726,10435,5554,-64,0,0,0,0,7,47,0,0,10,83,3,0,96,0,5081,8441,3,0,0,0,0,900,900,399,399,951eec292afb54ea884b40e8afea16ace0d4e55a9bcdb8d54e8f8eb15c975930,0,3,0,0,0,0,0,0,0,0,0,0,0,0,7,47,0,0,0,0,100,87,9223,10477,25,49,0,0,0,0,100,87
164,CALQUEAL,0,4,30,15,1,0,ongoing,9600,1200.000,810,6657,810,6657,4305,4786,0,0,0,0,5,19,0,0,10,32,0,0,42,0,2565,2565,1,0,0,0,0,900,900,399,399,6d49b2a1ed07a81a99bc72617d040c416ade1d053c7a8d8e29bb1d470586f361,0,1,0,0,0,0,0,0,0,0,0,0,0,0,5,19,0,0,0,0,39,42,1605,6657,13,20,0,0,0,0,39,42
164,CALQUEAL,0,4,30,15,1,1,ongoing,9600,1200.000,5150,6545,5150,6545,6076,2899,0,0,0,0,9,19,0,0,14,32,7,0,53,0,2430,4647,2,0,0,0,0,900,900,399,399,702a8b6cb6657b574b7f467eda7ee9da0a342de48404cee49804bf07a653d90b,0,2,0,0,0,0,0,0,0,0,0,0,0,0,9,19,0,0,0,0,43,49,5150,6545,13,22,0,0,0,0,43,49
165,SCOUOLD,0,16,63,63,3,0,win,5231,653.875,41162,0,41162,0,11497,-250,0,0,25,13,0,0,1174,1582,3,0,96,0,99,5005,713,5005,27,5,0,8,1,135,135,399,399,4b1846ff57995f42c27ee4b0245734a312096712d109a775ea49b951a9444eb4,22,5,0,0,5,3,0,5,0,0,1,0,0,0,0,0,0,0,0,0,58,70,50724,23912,67,42,25,13,2,2,58,70
165,SCOUOLD,0,16,63,63,3,1,loss,5459,682.375,55068,1,55068,0,3771,-250,29,0,31,6,9,0,1770,1072,56,0,47,1,104,0,1081,5434,6,16,0,6,0,135,135,399,399,c3ec0fe129755950ccd2dfda03dffd822e880619fe771c5f710e8c049059dfc4,0,6,5,0,6,0,16,0,0,0,0,0,0,0,9,0,29,0,2,0,117,7,55718,15750,33,40,31,6,3,0,117,7
166,SWADEBOY,0,16,63,63,3,0,ongoing,9600,1200.000,58655,45603,58654,45603,2076,3397,5,3,13,28,119,25,2429,3278,168,39,0,1,208,0,1249,9529,59,25,0,15,0,135,135,399,399,62a8c78292a9bd2028b643ff2b973106bec7ec9851389b5730c546f1ffe7b4b3,33,26,0,0,0,15,0,25,0,0,0,0,0,0,119,25,5,3,0,4,63,427,58655,54103,121,43,13,28,0,4,63,427
166,SWADEBOY,0,16,63,63,3,1,ongoing,9600,1200.000,6573,55386,6573,55386,5613,61089,0,22,18,22,0,95,3085,2803,2,163,7,0,172,0,1699,9353,21,25,0,11,0,135,135,399,399,b06e1b29eebd1a1b6ecd210d68c4cc554c156a9fbe5f84fa53dfd28cc25b88cc,0,21,0,0,9,2,25,0,0,0,0,0,0,0,0,95,0,22,2,1,504,50,32691,55386,44,110,18,22,5,1,504,50
167,KILLOZDOR,0,16,63,63,3,0,win,8407,1050.875,17323,0,17323,0,21644,-250,0,0,23,27,0,0,2489,2809,1,0,72,0,73,8155,1195,8155,46,17,0,12,1,135,135,399,399,87364c2667f4bd6a769a22ff73ae55cca252e19ade43df0efaaafa4d6d493ac1,30,16,0,0,3,9,0,17,0,0,1,0,0,0,0,0,0,0,0,0,87,322,52424,28665,92,45,23,27,1,4,87,322
167,KILLOZDOR,0,16,63,63,3,1,win,9199,1149.875,0,24925,0,24925,-250,13251,0,0,21,25,0,0,3029,2712,0,1,158,0,159,8953,1138,8953,60,16,0,20,1,135,135,399,399,3aff9af250a5e796d8f16c5d6ddedc0c557c350f7a1e5ca79a2dfb13a66f84ae,26,34,1,2,11,9,13,3,0,0,0,1,0,0,0,0,0,0,0,0,244,119,26540,60210,44,91,21,25,4,1,244,119
168,EOAWILPAL,0,16,63,63,3,0,ongoing,9600,1200.000,29306,38149,29305,38149,117,3606,5,19,23,23,21,20,2171,3261,41,53,21,1,116,0,841,9580,30,24,1,12,0,135,135,399,399,a24fba293da5ac275de65bc01c3a9caadc36b2008c02a4e265f53371934c57f0,30,0,0,0,4,8,0,24,1,0,0,0,0,0,21,20,5,19,0,2,75,295,45914,38178,74,42,23,23,1,3,75,295
168,EOAWILPAL,0,16,63,63,3,1,ongoing,9600,1200.000,61154,75367,61154,75367,5370,2500,0,12,19,16,34,96,3203,2689,55,148,1,0,204,0,889,9550,72,23,0,8,0,135,135,399,399,6ca8b0abf96b38dc4608828339b9e6bd49b032024de76164688a8f2a1dd97a17,25,47,1,0,8,0,23,0,0,0,0,0,0,0,34,96,0,12,2,0,390,57,61198,75367,40,96,19,16,4,0,390,57
169,BURINGPERT,0,16,63,63,3,0,loss,8003,1000.375,1,104530,0,104530,-250,7969,0,52,16,54,0,3,1499,2441,0,66,29,1,96,0,1195,7950,22,37,0,11,0,135,135,399,399,37e552c37ab2a905740477c052130c772ec054adeecfaf148bf6a028189c7c40,22,0,0,0,0,11,0,37,0,0,0,0,0,0,0,3,0,52,0,4,11,187,18619,104557,30,42,16,54,0,5,11,187
169,BURINGPERT,0,16,63,63,3,1,ongoing,9600,1200.000,103640,2246,103640,2246,7056,-210,45,0,45,6,16,0,2964,1230,79,1,77,0,157,0,729,9550,7,51,0,20,0,135,135,399,399,eb064b2bcf8ae9768427de1c738213814a357867556cbe238f333f131de01ae2,0,7,1,0,20,0,51,0,0,0,0,0,0,0,16,0,45,0,3,0,434,13,103640,17742,32,78,45,6,6,0,434,13
170,MORILAS,2,16,31,63,3,0,loss,4636,579.500,1,79103,0,79103,-250,4605,0,39,2,39,0,0,420,1342,0,49,9,1,59,0,2089,4369,5,1,0,1,0,135,135,399,399,f44116c6629322d7948555536ff28e7e3abf59fe19ad74e3d5c23a8b00ac50cf,1,4,0,1,0,1,0,1,0,0,0,0,0,0,0,0,0,39,0,1,0,19,4381,79173,12,14,2,39,0,1,0,19
170,MORILAS,2,16,31,63,3,1,win,9258,1157.250,0,32122,0,32122,1674,4339,0,0,26,38,0,0,2206,2085,0,2,103,0,105,9034,1181,9034,8,3,0,3,1,135,135,399,399,5dabd5c698d7abca08688dd7be7a344afaa250df1ab4da37d83222f7787f5824,8,0,0,0,1,2,3,0,0,0,0,1,0,0,0,0,0,0,0,0,74,109,39836,107743,30,65,26,38,1,1,74,109
171,NIMCEAL,2,16,31,63,3,0,loss,6675,834.375,1,112334,0,112334,-250,2518,0,49,7,49,0,33,547,1895,0,97,2,1,100,0,2289,6610,10,3,0,5,0,135,135,399,399,7cf6e613861e4683d93e168964190a0decd5c1976a9f67740e0d7f09e279c606,2,8,0,0,0,5,0,3,0,0,0,0,0,0,0,33,0,49,0,1,4,62,12049,112380,17,33,7,49,0,2,4,62
171,NIMCEAL,2,16,31,63,3,1,loss,9356,1169.500,86625,1,86625,0,4264,-250,39,0,39,9,18,0,2137,1972,71,0,42,1,114,0,1345,9169,14,5,0,8,0,135,135,399,399,245e2cd74acaaa2f2574b70f5f1c86be4d134c0db6afc1703b77452899160ee0,6,8,1,0,8,0,5,0,0,0,0,0,0,0,18,0,39,0,1,0,158,7,86724,23200,25,59,39,9,4,0,158,7
172,BILASPIL,2,16,31,63,3,0,loss,8827,1103.375,1,126477,0,126477,-250,6573,0,53,18,53,0,7,1048,2362,0,67,15,1,83,0,2362,8689,9,7,0,10,0,135,135,399,399,93ae2bc99eb5adcd0cdb9560746f01b4d4a1bca6c551e697e23a69d0b53c7093,1,8,0,0,0,10,0,7,0,0,0,0,0,0,0,7,0,53,0,1,1,168,31501,143152,36,16,18,53,0,3,1,168
172,BILASPIL,2,16,31,63,3,1,loss,5748,718.500,119037,2,119037,0,5889,-250,52,0,52,4,13,0,1709,836,78,0,4,2,84,0,2827,5587,0,3,0,5,0,135,135,399,399,8c36dcd66da1b4a5080850fdc1a615c5af5bacef5f2d0a3303a2f098d19b0742,0,0,0,0,5,0,3,0,0,0,0,0,0,0,13,0,52,0,1,0,53,0,119113,4516,16,18,52,4,3,0,53,0
173,RINGHIPJOB,2,16,31,63,3,0,loss,6376,797.000,2,97294,0,97294,-250,4478,0,41,1,41,0,0,1056,2036,0,59,8,2,69,0,3274,6243,1,1,0,6,0,135,135,399,399,3fc4bf838891d836bc06dffc6708f3cb8c8a03e7340f91ca7ea49eaae7395593,1,0,0,0,0,6,0,1,0,0,0,0,0,0,0,0,0,41,0,3,1,56,3302,97294,28,17,1,41,0,4,1,56
173,RINGHIPJOB,2,16,31,63,3,1,win,8059,1007.375,0,65208,0,65208,-250,70329,0,28,7,28,0,50,1119,2015,0,88,14,0,102,0,5002,5002,0,1,0,0,0,135,135,399,399,5bc9dad5c935596d29cb205c47e6999c9b40ee32e5cf3bf4fb508ec92c214c46,0,0,2,0,0,0,1,0,0,0,0,0,0,0,0,50,0,28,0,0,11,42,4465,65254,30,60,7,28,0,0,11,42
174,WEAVOUTLIN,2,16,31,63,3,0,ongoing,9600,1200.000,402,75800,400,75800,-231,3430,0,34,10,34,6,7,1382,2475,7,49,56,2,114,0,4017,9430,9,5,0,11,0,135,135,399,399,beedce6df691b2d49e3e3cd59324cc3072df9fc084959181b8d4259cb9e31ec4,9,0,0,0,0,11,0,5,0,0,0,0,0,0,6,7,0,34,0,2,5,155,20021,75800,65,29,10,34,0,4,5,155
174,WEAVOUTLIN,2,16,31,63,3,1,loss,5486,685.750,78826,1,78826,0,4243,-250,42,0,42,4,10,0,1536,488,60,0,17,1,78,0,2074,5302,8,2,0,3,0,135,135,399,399,1c9a1175399c12466d924766adb2682ae6ee9bf12afb89351269653e07edeb8f,6,2,0,0,3,0,2,0,0,0,0,0,0,0,10,0,42,0,1,0,58,0,78953,5046,21,25,42,4,2,0,58,0
175,ALPAPAL,0,16,32,63,1,0,loss,3230,403.750,1,22118,0,22118,-250,6259,0,26,3,26,0,10,0,0,0,50,6,1,57,0,2185,3137,0,3,0,3,0,45,45,399,399,47af763caf21e94a51dbf0b1e259b05d802048e25417a01de1eeac4691be2462,0,0,0,3,0,3,0,3,0,0,0,0,0,0,0,10,0,26,0,2,0,27,1983,22219,13,14,3,26,0,3,0,27
175,ALPAPAL,0,16,32,63,1,1,win,4564,570.500,0,5303,0,5303,2959,4225,0,0,26,16,0,0,0,0,0,1,72,0,73,4153,1249,4153,27,0,0,0,1,45,45,399,399,e641df943d1cc5478d0de321778664de48d272ff99e8987a4730f04c60cccf30,0,27,0,0,0,0,0,0,0,0,1,0,0,0,0,0,0,0,0,0,0,1,26906,32466,13,40,27,16,0,0,0,1
176,BADUSPERT,0,16,32,63,1,0,loss,4595,574.375,1,47414,0,47414,-250,897,0,39,10,40,0,0,0,0,0,52,33,1,86,0,1257,4593,27,13,0,6,0,45,45,399,399,ce1d8cb1140b24554bf96f2312dd7f435c2c4f7c7650b852fa9edb08785d045d,0,27,0,1,0,6,0,13,0,0,0,0,0,0,0,0,0,39,0,3,0,97,5950,47441,33,21,10,40,0,4,0,97
176,BADUSPERT,0,16,32,63,1,1,win,3640,455.000,0,1693,0,1693,-45,9452,0,0,25,6,0,0,0,0,0,2,95,0,97,3401,1697,3401,6,0,0,0,1,45,45,399,399,7eb63fdcb38b6be9a79dd1ec8b56149ef932bfb57b2f9ed21e5405416e7b01ce,0,6,0,0,0,0,0,0,0,0,1,0,0,0,0,0,0,0,0,0,36,20,20258,22225,17,57,25,6,0,0,36,20
177,IMMDIEOUT,0,16,32,63,1,0,ongoing,9600,1200.000,15013,103932,15010,103932,214,3134,9,26,16,59,82,3,0,0,121,54,4,3,182,0,1585,9575,110,55,0,25,0,45,45,399,399,de5790e8af8617a35da32438d16a37e2be4fe90de00c3f36de875e42d8d09a1c,0,110,0,1,0,25,0,55,0,0,0,0,0,0,82,3,9,26,0,6,18,550,16991,132011,82,15,16,59,0,6,18,550
177,IMMDIEOUT,0,16,32,63,1,1,loss,3634,454.250,21412,0,21412,0,4634,-250,0,0,27,1,0,0,0,0,1,0,29,0,30,3105,1167,3105,3,0,0,0,1,45,45,399,399,bc0db854f54fb7957d5483005c7a4b8bb8b8e659247e23b5facea41ad6968132,0,3,0,0,0,0,0,0,0,0,1,0,0,0,0,0,0,0,0,0,1,0,24550,1959,18,1,27,1,0,0,1,0
178,HOBQUET,0,16,32,63,1,0,loss,4348,543.500,0,51095,0,51095,-250,4464,0,58,6,59,0,5,0,0,0,79,17,0,96,0,1673,4321,23,12,0,4,0,45,45,399,399,4729f48f8923744e6c658a5f4341dd67e9a962a514beb5691236bcf6d6dad9a3,0,23,0,2,0,4,0,12,0,0,0,0,0,0,0,5,0,58,0,1,1,64,5224,51158,22,21,6,59,0,4,1,64
178,HOBQUET,0,16,32,63,1,1,win,5174,646.750,0,4424,0,4424,131326,33986,0,0,46,32,0,0,0,0,0,1,143,0,144,4937,1633,4937,23,2,0,2,1,45,45,399,399,f59c239c3aa0f472089d4a4acf6e1b170c4100905bf8e24258aa276727c930d8,0,23,0,0,0,2,0,2,0,0,1,0,0,0,0,0,0,0,0,0,25,31,33128,45383,28,50,46,32,0,1,25,31
179,BUGUPIL,0,16,32,63,1,0,loss,5070,633.750,2,45123,0,45123,-250,4927,0,39,8,39,0,8,0,0,0,62,31,2,95,0,1353,5050,23,11,0,8,0,45,45,399,399,2c2063e339183e3fb6aeb1337696732113d3e9c6049bd4d0a97a7d0ddbeb44cc,0,23,0,2,0,8,0,11,0,0,0,0,0,0,0,8,0,39,0,3,3,109,8231,45144,34,18,8,39,0,4,3,109
179,BUGUPIL,0,16,32,63,1,1,loss,3923,490.375,11775,0,11775,0,4408,-250,0,0,24,9,0,0,0,0,1,0,37,0,38,3617,1399,3617,16,0,0,0,1,45,45,399,399,33dc0bb799605386103dce88ac52079f184075c6907b374268710a96d8f5f364,0,16,0,0,0,0,0,0,0,0,1,0,0,0,0,0,0,0,0,0,1,0,26831,14666,15,8,24,9,0,0,1,0
180,SHADPEJOB,2,16,15,63,2,0,loss,5114,639.250,1,84341,0,84341,-250,5958,0,47,8,47,0,3,215,1819,0,57,20,1,78,0,2585,4897,5,2,0,2,0,135,135,399,399,4b5779bc0515feb65c2c96c49f04c3045db27c1779b6ad721f03f588e65ba807,2,3,0,0,0,2,0,2,0,0,0,0,0,0,0,3,0,47,0,1,1,43,8673,84377,25,13,8,47,0,2,1,43
180,SHADPEJOB,2,16,15,63,2,1,ongoing,9600,1200.000,84441,42647,84441,42647,2203,1941,36,24,59,24,5,45,2642,2513,57,74,4,0,135,0,2793,9529,7,10,0,1,0,135,135,399,399,cd4e3de2ead6100e8214b63ba1cc51e9cb762dd739e8c374fc5b4c1b8e283da9,0,7,13,0,1,0,10,0,0,0,0,0,0,0,5,45,36,24,1,0,54,15,142947,42647,14,45,59,24,1,0,54,15
181,COROZLIN,2,16,15,63,2,0,ongoing,9600,1200.000,60056,16358,60052,16358,175,3916,19,18,31,25,70,6,1534,2018,107,35,3,4,149,0,2179,9537,16,4,0,7,0,135,135,399,399,21424c5810bc8c1747d910058c944c7d28271a84f0fa8aa258c5058eebb35b28,16,0,0,1,0,7,0,4,0,0,0,0,0,0,70,6,19,18,0,3,8,115,60077,29111,72,26,31,25,0,3,8,115
181,COROZLIN,2,16,15,63,2,1,loss,5457,682.125,82858,1,82858,0,2401,-250,50,0,50,1,13,0,1727,793,77,0,8,1,86,0,2337,5393,4,1,0,5,0,135,135,399,399,a6defe5524ccd97fc18192bb493c30ea3cbab47a20521f493287abb7efebfd89,2,2,0,0,5,0,1,0,0,0,0,0,0,0,13,0,50,0,1,0,42,2,82868,3910,23,21,50,1,3,0,42,2
182,BINWILDON,2,16,15,63,2,0,loss,3902,487.750,1,41299,0,41299,-250,2133,0,35,1,35,0,2,503,1451,0,49,2,1,52,0,3502,3819,0,1,0,1,0,135,135,399,399,d293b04507b47780704a4a849c07ac2bda884ac72b3f8a52b5fee890a8d7daa1,0,0,0,0,0,1,0,1,0,0,0,0,0,0,0,2,0,35,0,1,0,12,2060,41453,8,11,1,35,0,1,0,12
182,BINWILDON,2,16,15,63,2,1,ongoing,9600,1200.000,98237,215,98237,215,7199,1357,37,0,37,9,4,1,1451,1428,54,1,28,0,83,0,3289,9209,11,4,0,8,0,135,135,399,399,ebaa37751693afbd222cd0fea7ea3b100af96374b3d9fe2fa667c65ecfb81fc5,10,1,0,0,8,0,4,0,0,0,0,0,0,0,4,1,37,0,2,0,122,0,98237,12032,12,48,37,9,4,0,122,0
183,SADINGMAR,2,16,15,63,2,0,ongoing,9600,1200.000,8370,39184,8370,39184,2150,6194,2,13,6,25,55,14,2780,1991,62,39,9,0,110,0,3041,9529,14,6,0,4,0,135,135,399,399,14d879aa5c5d5b8518c18aa7759c1b0323f5fd2af9186a5d032c8eb7e08f12ba,14,0,0,2,0,4,0,6,0,0,0,0,0,0,55,14,2,13,0,1,0,74,14012,39939,66,17,6,25,0,4,0,74
183,SADINGMAR,2,16,15,63,2,1,ongoing,9600,1200.000,90350,24076,90350,24076,884,340,36,17,52,19,14,45,2976,3232,64,74,8,0,146,0,2769,9583,20,11,0,1,0,135,135,399,399,05504f20324cda45e63a828f983f149409312855d5a6589aec5a37c1c678fe42,11,9,1,0,1,0,11,0,0,0,0,0,0,0,14,45,36,17,1,0,65,9,118562,24864,19,61,52,19,1,0,65,9
184,LOWIOUT,2,16,15,63,2,0,loss,8545,1068.125,1,138798,0,138798,-250,3670,0,51,12,51,0,12,1447,2699,0,72,30,1,103,0,3065,8446,12,5,0,8,0,135,135,399,399,4db92fd7bed93944aff2e2becbc1e0b8cdeae80403417b431657919b0efe6d99,2,10,0,0,0,8,0,5,0,0,0,0,0,0,0,12,0,51,0,2,2,115,12086,138808,28,17,12,51,0,5,2,115
184,LOWIOUT,2,16,15,63,2,1,loss,7985,998.125,156743,0,156743,0,3293,109,64,0,64,7,11,0,2199,1332,90,0,3,0,93,0,3609,7817,1,4,0,9,0,135,135,399,399,d1a6385d6406da61b00c61873193518b3e45200eb8c78dca8c12d8089cd85034,0,1,1,0,9,0,4,0,0,0,0,0,0,0,11,0,64,0,2,0,75,2,157094,9057,15,26,64,7,5,0,75,2
185,QAZCET,0,16,62,63,2,0,ongoing,9600,1200.000,20519,42838,20519,42838,5045,6069,9,11,17,25,70,9,3393,1947,106,29,18,0,153,0,1721,9421,54,26,0,22,0,90,45,399,399,7faa3fb43b95d3fc6f3cf7e7675bff161b2823331da50dff84b2648c80ead698,0,54,1,2,3,19,0,26,0,0,0,0,0,0,70,9,9,11,0,3,16,486,32372,48420,81,15,16,25,1,7,16,486
185,QAZCET,0,16,62,63,2,1,loss,8519,1064.875,80993,0,80993,0,2977,-238,34,0,36,10,2,0,1614,1869,42,0,36,0,78,0,1209,8511,3,43,0,19,0,90,45,399,399,9ea24154339f68bf0237ee0ab2521370dcc1ce283d234b5cca7258a5aa8d3c8f,0,3,2,0,19,0,43,0,0,0,0,0,0,0,2,0,34,0,3,0,255,1,86628,12110,19,36,36,10,6,0,255,1
186,VERYMPBAR,0,16,62,63,2,0,win,8470,1058.750,25145,0,25145,0,3663,221,0,0,30,21,0,0,3193,2503,1,0,142,0,143,8217,1401,8217,28,16,0,15,1,90,45,399,399,23f556882bd51953ff923095cf82f9d5e2e0504c4ee65ecbaf816b6221f64a38,0,28,9,0,9,6,1,15,0,0,1,0,0,0,0,0,0,0,0,0,55,180,47098,22113,76,16,30,21,1,3,55,180
186,VERYMPBAR,0,16,62,63,2,1,win,9372,1171.500,0,31910,0,31910,-250,9340,0,0,20,24,0,0,2911,3126,0,1,67,0,68,9121,1361,9121,15,25,0,14,1,90,45,399,399,139f1638a9bb260cc049684530bd274fed271a79ab419831fefcd26372a30759,0,15,3,0,9,5,25,0,0,0,0,1,0,0,0,0,0,0,0,0,415,30,22427,61035,15,100,20,24,4,1,415,30
187,MINHIPER,0,16,62,63,2,0,ongoing,9600,1200.000,70410,36057,70409,36057,37880,3255,22,13,27,32,124,6,3430,2471,177,30,0,1,208,0,1073,9577,61,30,0,19,0,90,45,399,399,ae742f23d26e147fdb265dfef59649a9afe35924a90011c4ca1193b28c803dcd,0,61,12,1,2,17,0,30,0,0,0,0,0,0,124,6,22,13,0,6,33,436,70410,46680,131,16,27,32,1,7,33,436
187,MINHIPER,0,16,62,63,2,1,loss,5342,667.750,63243,0,63243,0,9027,68,49,0,49,8,6,0,1421,430,62,0,5,0,67,0,1033,5271,3,20,0,4,0,90,45,399,399,bb7774a340d62263492e484168f2a0a3a0ba5f46a6545600401e98651d9f7f89,0,3,2,0,4,0,20,0,0,0,0,0,0,0,6,0,49,0,1,0,40,0,63254,3301,14,10,49,8,3,0,40,0
188,HAMOUTING,0,16,62,63,2,0,ongoing,9600,1200.000,77,66211,77,66211,-199,8096,0,36,15,37,1,8,2158,2317,1,52,28,0,81,0,1161,9513,36,35,0,19,0,90,45,399,399,d3cc597f0027c4e3719f9c2c2570e0995fd46fd814f05cdfad0647c35421f1e9,0,36,2,2,2,17,0,35,0,0,0,0,0,0,1,8,0,36,0,1,5,340,18151,75891,44,11,15,37,1,6,5,340
188,HAMOUTING,0,16,62,63,2,1,loss,6430,803.750,78414,0,78414,0,1552,-219,40,0,40,3,9,0,1573,281,68,0,7,0,75,0,1297,6417,2,23,0,8,0,90,45,399,399,d9a94a4c67ca105954bbc204ed3d89e4953a492f0113d21702c9454619db2165,0,2,1,0,8,0,23,0,0,0,0,0,0,0,9,0,40,0,3,0,27,0,78491,1359,14,9,40,3,4,0,27,0
189,FUTADON,0,16,62,63,2,0,win,9294,1161.750,23925,0,23925,0,13046,-250,0,0,29,28,0,0,2650,2759,2,0,77,0,79,9051,1945,9051,0,35,0,14,1,90,45,399,399,6369b977c5a0ba803b8e287e9b6df4c97305ca912992f8663357bf2a86db4d5c,0,0,6,1,2,12,3,32,0,0,1,0,0,0,0,0,0,0,0,0,54,386,55421,44791,89,16,29,28,1,5,54,386
189,FUTADON,0,16,62,63,2,1,loss,3136,392.000,12545,1,12545,0,10940,-250,13,0,13,1,7,0,605,51,26,0,1,1,28,0,1257,2927,3,0,0,1,0,90,45,399,399,4c98e602117313ee10b6e22f390e6547251d40a1c443e434ac63f4bcb6f39dc5,0,3,0,0,1,0,0,0,0,0,0,0,0,0,7,0,13,0,1,0,1,0,14346,1959,21,1,13,1,1,0,1,0
190,SUZUSMAR,3,16,61,63,2,0,win,5467,683.375,16803,0,16803,0,22137,-250,0,0,22,21,0,0,1935,1668,3,0,143,0,146,5249,1209,5249,12,17,0,13,1,180,180,399,399,8be89b66504bb4e448bb78c81331ebd9ec7c754a049ffae3d905edaf4b617c24,12,0,0,4,5,8,0,17,0,0,1,0,0,0,0,0,0,0,0,0,39,140,50779,26042,88,16,22,21,1,3,39,140
190,SUZUSMAR,3,16,61,63,2,1,ongoing,9600,1200.000,80450,29308,80450,29307,2322,2005,8,10,26,13,5,112,2757,1890,23,171,7,1,202,0,633,9561,58,49,0,24,0,180,180,399,399,a6eb001bee0ce6462efe8173f25aa0bcc79ae2e0c8d6c8f68856a301bba5e61a,49,9,0,0,24,0,49,0,0,0,0,0,0,0,5,112,8,10,6,0,737,15,95813,29549,17,114,26,13,9,0,737,15
191,DOUDIELUG,3,16,61,63,2,0,loss,9324,1165.500,0,141109,0,141109,140,7495,0,38,6,38,0,2,1200,2196,0,62,47,0,109,0,1089,9273,6,64,0,25,0,180,180,399,399,9b98e7fd8612b522f9dd44ebf2779515c29ed20cd96ca237a6406a0b7c1f00d6,6,0,0,2,0,25,0,64,0,0,0,0,0,0,0,2,0,38,0,6,2,322,24428,141233,58,14,6,38,0,8,2,322
191,DOUDIELUG,3,16,61,63,2,1,ongoing,9600,1200.000,138159,2648,138159,2647,7801,-229,29,0,33,4,1,20,2737,952,45,32,38,1,116,0,897,9547,1,73,0,27,0,180,180,399,399,f4e8a5fdca0f592914f19c86f225bcd3189999b0f0afaa76c9d23ba93d0377c2,0,1,0,0,27,0,73,0,0,0,0,0,0,0,1,20,29,0,5,0,706,10,147065,13113,13,61,33,4,9,0,706,10
192,SHIQUEHILL,3,16,61,63,2,0,win,7840,980.000,23582,0,23582,0,4017,-250,0,0,31,20,0,0,2362,2760,1,0,139,0,140,7569,419,7569,72,20,0,13,1,180,180,399,399,98327543d7125b57bf77a111dcc3e6a4230ed5b62cdf017a6813cb53b3175dc0,31,41,0,0,2,11,0,20,0,0,1,0,0,0,0,0,0,0,0,0,42,471,61405,41722,107,21,31,20,1,5,42,471
192,SHIQUEHILL,3,16,61,63,2,1,win,8704,1088.000,0,48735,0,48735,-250,11513,0,0,22,21,0,0,3218,3470,0,8,197,0,205,8513,609,8513,71,27,0,12,1,180,180,399,399,a7cd2ce5fcdedeb6101fc0217f253c074a1222d1a089b033982aa3486e98f077,56,15,0,0,8,4,27,0,0,0,0,1,0,0,0,0,0,0,0,0,468,119,32783,68611,21,117,22,21,4,1,468,119
193,HURTTBAR,3,16,61,63,2,0,win,7981,997.625,30305,0,30305,0,8358,-250,0,0,27,22,0,0,3252,3202,3,0,149,0,152,7761,1033,7761,60,21,0,17,1,180,180,399,399,8a17d4c34d518ae06735954a137011f81553fca9a1a7ef19f0b23beafa652b8d,19,41,0,1,11,6,0,21,0,0,1,0,0,0,0,0,0,0,0,0,95,281,42340,25946,92,25,27,22,1,3,95,281
193,HURTTBAR,3,16,61,63,2,1,win,6906,863.250,0,33409,0,33409,-250,22452,0,0,27,30,0,0,2633,2489,0,2,192,0,194,6665,849,6665,72,14,0,11,1,180,180,399,399,fa661a4b363aeae5193ec768e3cdd4e03713f63616d365d74de0ca64fcb03e63,30,42,0,0,10,1,14,0,0,0,0,1,0,0,0,0,0,0,0,0,270,24,46146,80354,22,91,27,30,5,1,270,24
194,JOSPEER,3,16,61,63,2,0,win,4960,620.000,24036,0,24036,0,33750,-250,0,0,30,20,0,0,1777,2213,1,0,76,0,77,4713,905,4713,38,9,0,7,1,180,180,399,399,70469982d786a993c0b6c26617771a2ae9f677cea587beae013fc7d46c1d42b8,19,19,0,0,3,4,0,9,0,0,1,0,0,0,0,0,0,0,0,0,54,121,46531,20085,86,20,30,20,1,2,54,121
194,JOSPEER,3,16,61,63,2,1,win,5445,680.625,0,29137,0,29137,-250,20425,0,0,27,22,0,0,1723,1617,0,1,120,0,121,5201,969,5201,18,14,0,14,1,180,180,399,399,ef4ca0c50d47e0147e7c195477d8b0bce1eea56d85969a86c8a6b61575c85e37,13,5,0,10,7,7,12,2,0,0,0,1,0,0,0,0,0,0,0,0,72,28,30980,63961,17,66,27,22,3,1,72,28
195,TIMOZING,0,16,60,63,2,0,win,6012,751.500,34808,0,34808,0,17309,-236,0,0,16,28,0,0,1918,2885,8,0,169,0,177,5795,2097,5795,18,12,0,4,1,135,135,399,399,49493a8efd693355acf77aba5cce1d1e95122fa3e25d5a69963817baca86c54a,0,18,0,0,3,1,5,7,0,0,1,0,0,0,0,0,0,0,0,0,111,63,57246,27652,102,47,16,28,1,1,111,63
195,TIMOZING,0,16,60,63,2,1,win,6153,769.125,0,32854,0,32854,-250,19427,0,0,25,10,0,0,2350,1790,0,3,93,0,96,5881,1297,5881,3,7,1,6,1,135,135,399,399,1235aa4d8ee3cff3fce2a377a296d4023e20f4be8063fd1d51419ca7972bec5a,0,3,0,0,3,3,7,0,0,1,0,1,0,0,0,0,0,0,0,0,26,83,25641,49970,24,62,25,10,1,1,26,83
196,CALWILORD,0,16,60,63,2,0,ongoing,9600,1200.000,44346,73695,44343,73695,-5,8553,7,24,16,34,98,12,4013,2553,152,53,0,3,208,0,993,9545,47,49,0,18,0,135,135,399,399,397b1515c6ef09b444cd8834d899dd0c2f833bf5aa0ff00dbfbd3c57fbfda111,0,47,0,1,3,15,3,46,0,0,0,0,0,0,98,12,7,24,0,3,46,518,47332,75500,116,17,16,34,1,6,46,518
196,CALWILORD,0,16,60,63,2,1,loss,4958,619.750,64727,1,64727,0,592,-249,48,0,48,3,12,0,2125,577,73,0,1,1,75,0,753,4953,4,17,0,6,0,135,135,399,399,a2d59e4090f946cca4c7a888eaf8d47b757e6605fc7b068fa129690ccd593eac,0,4,0,0,6,0,17,0,0,0,0,0,0,0,12,0,48,0,4,0,42,0,64785,4051,48,15,48,3,4,0,42,0
197,SCOINGCON,0,16,60,63,2,0,ongoing,9600,1200.000,35500,78153,35500,78153,-97,3348,3,18,17,44,74,17,3541,3463,116,51,23,0,190,0,1561,9557,0,64,0,7,0,135,135,399,399,9ec5928acd61f97d1a950b3def5740e00897c8a073504821381d13cf5fc1de08,0,0,0,1,1,6,4,60,0,0,0,0,0,0,74,18,3,18,0,3,93,539,37441,93017,89,31,17,44,1,5,93,539
197,SCOINGCON,0,16,60,63,2,1,ongoing,9600,1200.000,31925,80122,31925,80122,9221,-246,0,0,44,41,0,0,2598,3075,4,90,114,0,208,9505,1065,9505,35,48,0,9,1,135,135,399,399,23ef00a7f898dbb46240e4f6f8e381b0c408d3c8def540e6113a117dfdaf3434,0,35,0,9,8,1,46,2,0,0,0,1,0,0,0,0,0,0,0,0,321,31,83105,93116,23,123,44,41,5,1,321,31
198,SWAILUG,0,16,60,63,2,0,ongoing,9600,1200.000,37020,66297,37020,66297,6616,2986,4,12,19,43,122,12,3335,3770,175,33,0,0,208,0,1609,9505,0,60,0,15,0,135,135,399,399,38d529b030b9521ede48c0f2f27fdc7ffff3d95d060954cecef66c0472d9278c,0,0,0,1,0,15,3,57,0,0,0,0,0,0,122,13,4,12,0,4,74,517,37020,93971,122,28,19,43,0,8,74,517
198,SWAILUG,0,16,60,63,2,1,loss,8720,1090.000,188143,0,188143,0,9041,-55,58,0,58,8,11,0,2353,843,92,0,47,0,139,0,1001,8665,8,73,0,24,0,135,135,399,399,1eb77de918031c1da121494b2f24d8b2985ae12b6fc1d28fec34c9805e8012ae,0,8,0,0,24,0,73,0,0,0,0,0,0,0,11,0,58,0,7,0,369,3,188143,14647,25,54,58,8,10,0,369,3
199,KILLMEHILL,0,16,60,63,2,0,loss,5189,648.625,0,81950,0,81950,-250,1878,0,52,4,52,0,13,1223,1993,0,80,59,0,139,0,1657,5177,0,29,0,6,0,135,135,399,399,e13aa99137a1b09e02efe298eaf4e04ffa1040dccbc4d87541d3cd1bc352ea0b,0,0,0,1,0,6,1,28,0,0,0,0,0,0,0,13,0,52,0,4,0,95,21312,82003,59,21,4,52,0,4,0,95
199,KILLMEHILL,0,16,60,63,2,1,ongoing,9600,1200.000,124143,7626,124143,7624,7678,-94,20,1,42,11,19,54,3600,2528,54,80,19,2,155,0,769,9521,9,66,0,16,0,135,135,399,399,d3af124d1f192360bdda641866a27f973b33d46f69fad474650b1343f8431fe2,0,9,0,0,16,0,66,0,0,0,0,0,0,0,19,54,20,1,6,0,495,31,125963,18066,26,68,42,11,8,0,495,31
200,EOAMPMET,2,16,55,62,1,0,win,5748,718.500,18961,0,18961,0,4985,-250,0,0,16,25,0,0,0,0,1,0,121,0,122,5497,729,5497,2,0,0,1,1,1350,225,399,399,bfd4f511f13551aef27253f10f63543564f3226a443b989c621415cedb08fd82,2,0,0,0,1,0,0,0,0,0,1,0,0,0,0,0,0,0,0,0,26,11,52860,30841,76,10,16,25,1,0,26,11
200,EOAMPMET,2,16,55,62,1,1,loss,4086,510.750,54947,2,54947,0,12300,-250,36,0,36,2,2,0,0,0,54,0,1,2,57,0,1889,3796,1,0,0,4,0,1350,225,399,399,1655556f89007c6f3810df6a960c84de564f37b51d721af73ca19788360c6bf4,1,0,0,0,4,0,0,0,0,0,0,0,0,0,2,0,36,0,1,0,54,0,55079,5645,17,20,36,2,3,0,54,0
201,BURHIPED,2,16,55,62,1,0,win,6427,803.375,37948,0,37948,0,2145,819,0,0,26,10,0,0,0,0,8,0,93,0,101,6265,2017,6265,1,0,0,0,1,1350,225,399,399,ac6bad16507820e99bbd4a9fc9321dd047e26ef7b807b26fa3b63a8c175dc688,1,0,0,0,0,0,0,0,0,0,1,0,0,0,0,0,0,0,0,0,54,19,49716,4370,76,16,26,10,0,0,54,19
201,BURHIPED,2,16,55,62,1,1,loss,5718,714.750,115922,1,115922,0,16825,-250,52,0,52,8,2,0,0,0,69,0,9,1,79,0,2580,5343,0,0,0,8,0,1350,225,399,399,79364a10421cc0b64711a0db4b95b503a4428c898f48272c813477331a8fae6c,0,0,1,0,8,0,0,0,0,0,0,0,0,0,2,0,52,0,1,0,42,6,116636,7433,20,14,52,8,2,0,42,6
202,MOROUTHAM,2,16,55,62,1,0,ongoing,9600,1200.000,2318,69846,2317,69846,11,3441,0,42,10,43,28,3,0,0,28,60,21,1,110,0,1377,9505,9,9,0,11,0,1350,225,399,399,4ab2e61068c8690879723f3ac4793e0aebcc8216c34fee236481ff631deecdaa,9,0,3,0,0,11,0,9,0,0,0,0,0,0,28,3,0,42,0,2,17,204,26889,69846,63,19,10,43,0,4,17,204
202,MOROUTHAM,2,16,55,62,1,1,loss,5129,641.125,85736,1,85736,0,6382,-240,51,0,51,4,0,0,0,0,64,0,14,1,79,0,3170,4924,0,0,0,6,0,1350,225,399,399,15a2375382a1381b9fc419f7618759ea605a29d8bf391a238fe2f84123c035b0,0,0,1,0,6,0,0,0,0,0,0,0,0,0,1,0,50,0,0,0,51,1,85760,6694,16,17,51,4,3,0,51,1
203,NIMAORD,2,16,55,62,1,0,win,6051,756.375,32960,0,32960,0,4210,4262,0,0,15,13,0,0,0,0,4,0,101,0,105,5793,465,5793,8,1,0,3,1,1350,225,399,399,6b796c6e11706521dd74c41a33b192b572324a01353cd6382832501da00b920f,8,0,2,0,0,3,0,1,0,0,1,0,0,0,0,0,0,0,0,0,8,19,51184,8684,75,14,15,13,0,1,8,19
203,NIMAORD,2,16,55,62,1,1,loss,5111,638.875,97661,3,97661,0,12878,-250,56,0,56,2,0,0,0,0,70,0,5,3,78,0,2281,4936,2,0,0,5,0,1350,225,399,399,f5a8b89c65608f48e488f0f12a620c24d6f407cfd551be0ac19e2046012c8aad,2,0,1,0,5,0,0,0,0,0,0,0,0,0,0,0,56,0,2,0,43,0,97842,6995,24,21,56,2,3,0,43,0
204,BILUSCON,2,16,55,62,1,0,win,56,7.000,1148,0,1148,0,118,331,0,0,0,0,26,0,0,0,26,0,5,0,31,0,0,0,0,0,0,0,0,1350,225,399,399,407b1f107de9cde5ab542da8693228085012d209f06a9f1c6023a7d218d57598,0,0,0,0,0,0,0,0,0,0,0,0,0,0,26,0,0,0,0,0,0,0,1350,225,26,1,0,0,0,0,0,0
204,BILUSCON,2,16,55,62,1,1,loss,3322,415.250,45804,2,45804,0,8010,-250,34,0,35,3,0,0,0,0,47,0,4,2,53,0,2341,3178,1,0,0,2,0,1350,225,399,399,86a12dd70172612922e861b37e371a35c2b45c5fe2d005c44cda1f1a1f73c1f7,1,0,0,0,2,0,0,0,0,0,0,0,0,0,0,0,34,0,1,0,13,0,45856,2830,21,7,35,3,2,0,13,0
205,RINGINILL,2,16,54,63,1,0,win,9161,1145.125,52739,0,52739,0,8569,-250,0,0,44,31,0,0,0,0,6,0,138,0,144,8961,2225,8961,3,3,0,12,1,1350,225,399,399,72099da29018fb8e4fae9a91c8a0e4bf492455fb03a3b4e4dbccc5b6f2cf0301,0,3,10,0,3,9,0,3,0,0,1,0,0,0,0,0,0,0,0,0,71,103,104461,36251,88,10,44,31,1,2,71,103
205,RINGINILL,2,16,54,63,1,1,loss,5654,706.750,101458,1,101458,0,8026,-250,49,0,50,7,3,0,0,0,70,0,10,1,81,0,2755,5560,0,0,0,9,0,1350,225,399,399,053f4105450c54e03252d04c8b7e8132c91ef48c8aaa8aac920266a2dbcb5ec9,0,0,0,0,9,0,0,0,0,0,0,0,0,0,3,0,49,0,2,0,66,2,101638,8600,17,17,50,7,4,0,66,2
206,WEAVLOPTORY,2,16,54,63,1,0,win,5943,742.875,9422,0,9422,0,8947,1010,0,0,12,24,0,0,0,0,2,0,86,0,88,5681,1721,5681,2,1,0,1,1,1350,225,399,399,3f368d4b2b68c1c828bf8d7d642c426d37680a79f7d0027ae7fdb6f958a7b64d,0,2,1,0,0,1,0,1,0,0,1,0,0,0,0,0,0,0,0,0,10,19,35250,22274,63,16,12,24,0,1,10,19
206,WEAVLOPTORY,2,16,54,63,1,1,loss,2780,347.500,24761,2,24761,0,12787,-250,26,0,26,1,2,0,0,0,41,0,11,2,54,0,2249,2249,0,0,0,1,0,1350,225,399,399,6ebeee7a9522e98823899592e5deaaad9df85498caeaa40db7a8f72ff4188b7d,0,0,0,0,1,0,0,0,0,0,0,0,0,0,3,0,25,0,1,0,15,0,24865,3547,22,8,26,1,1,0,15,0
207,ALPTMET,2,16,54,63,1,0,win,4591,573.875,4681,0,4681,0,4189,5720,0,0,2,5,0,0,0,0,1,0,109,0,110,4345,2049,4345,1,0,0,0,1,1350,225,399,399,97d389645d156fe25a1e58aa88203151445d3a21539a6a4c6417f2596d3703c5,0,1,0,0,0,0,0,0,0,0,1,0,0,0,0,0,0,0,0,0,1,0,15477,4668,79,14,2,5,0,0,1,0
207,ALPTMET,2,16,54,63,1,1,loss,2724,340.500,16463,1,16463,0,5558,-250,27,0,27,1,7,0,0,0,47,0,9,1,57,0,1913,2445,1,0,0,1,0,1350,225,399,399,4c888cb45a2605593c18989a0d07e5d97922b35287cdf68f1ed058ed0418899a,0,1,0,0,1,0,0,0,0,0,0,0,0,0,8,0,26,0,1,0,7,0,17853,3374,18,4,27,1,1,0,7,0
208,BADPEED,2,16,54,63,1,0,win,5649,706.125,41397,0,41397,0,4598,2319,0,0,24,20,0,0,0,0,2,0,120,0,122,5369,3118,5369,0,0,0,2,1,1350,225,399,399,378fbe53b986ef9765ded417eccc238d941aa660db5c4fdef569081451ef4058,0,0,1,0,0,2,0,0,0,0,1,0,0,0,0,0,0,0,0,0,22,18,68097,12051,61,9,24,20,0,1,22,18
208,BADPEED,2,16,54,63,1,1,loss,2679,334.875,18688,2,18688,0,5292,-250,28,0,28,1,7,0,0,0,55,0,2,2,59,0,2225,2225,0,0,0,1,0,1350,225,399,399,a9fbb38907db93a09abb7f41415ab028f6935fdf3b8f1d1ce348e78c0c8c073d,0,0,0,0,1,0,0,0,0,0,0,0,0,0,7,0,28,0,1,0,5,0,19952,3196,23,4,28,1,1,0,5,0
209,IMMOZHAM,2,16,54,63,1,0,ongoing,9600,1200.000,1318,13618,1318,13618,6140,2367,0,0,10,17,0,0,0,0,2,1,129,0,132,5193,4436,5193,0,0,0,2,1,1350,225,399,399,18798375dbed06afe61b17c9acea59dfc8610073a49762a9c825e0a197c94ca1,0,0,3,0,1,1,0,0,0,0,1,0,0,0,0,0,0,0,0,0,9,18,36280,19151,100,9,10,17,1,1,9,18
209,IMMOZHAM,2,16,54,63,1,1,loss,6604,825.500,68174,0,68174,0,34022,1560,34,0,34,0,10,0,0,0,64,0,3,0,67,0,2447,4113,0,0,0,4,0,1350,225,399,399,92610e548611febee34ec3e694458d278a22110a3867622179ac09c47eba6b70,0,0,1,0,4,0,0,0,0,0,0,0,0,0,10,0,34,0,1,0,38,2,68302,1932,21,17,34,0,2,0,38,2
210,HOBWILOND,0,16,53,58,1,0,ongoing,9600,1200.000,80869,39446,80869,39445,55353,5556,16,16,26,44,110,8,0,0,172,35,0,1,208,0,1529,9377,31,56,0,4,0,135,135,399,399,635c9acea909929e2f4b0aa4a4e90bd4b2838d8bfb33b68f1ca1a04fef99c8f7,31,0,0,0,4,0,0,56,0,0,0,0,0,0,110,8,16,16,1,0,129,286,82422,59670,126,20,26,44,1,0,129,286
210,HOBWILOND,0,16,53,58,1,1,win,6553,819.125,0,38503,0,38503,-250,10971,0,0,27,33,0,0,0,0,0,6,126,0,132,6329,1249,6329,99,1,0,5,1,135,135,399,399,f2c2e89eab8537c972b7eb1c64c24df50b0f503e851c46a0afd05ce36862cdfd,99,0,0,2,5,0,0,1,0,0,0,1,0,0,0,0,0,0,0,0,211,48,24721,59556,15,88,27,33,3,0,211,48
211,BUGINGLOW,0,16,53,58,1,0,win,8063,1007.875,37810,0,37810,0,2507,1212,0,0,36,33,0,0,0,0,8,0,111,0,119,7857,1825,7857,15,32,0,3,1,135,135,399,399,0069b90af09e6017998d4c126d7ce08ac13f56814a051e3111ac55434c030393,15,0,0,0,3,0,0,32,0,0,1,0,0,0,0,0,0,0,0,0,127,144,58851,42114,96,24,36,33,1,0,127,144
211,BUGINGLOW,0,16,53,58,1,1,win,7825,978.125,0,26247,0,26247,-250,10101,0,0,29,39,0,0,0,0,0,4,160,0,164,7585,1553,7585,153,3,0,8,1,135,135,399,399,2af333a0a2b1571ae5b9d3c3f1dc322168df9604795bc25df2178572ca80d3a0,153,0,0,9,8,0,0,3,0,0,0,1,0,0,0,0,0,0,0,0,358,52,29112,64450,19,116,29,39,5,0,358,52
212,SHADOILL,0,16,53,58,1,0,win,8599,1074.875,13829,0,13829,0,9380,12165,0,0,30,51,0,0,0,0,4,0,139,0,143,8369,689,8369,28,48,0,3,1,135,135,399,399,f3f7c0d929bbaebc1353506ce531f5e4ca3c3f68648c988a83cebbf5c7bce40c,28,0,0,0,3,0,0,48,0,0,1,0,0,0,0,0,0,0,0,0,94,123,57751,58698,91,21,30,51,1,0,94,123
212,SHADOILL,0,16,53,58,1,1,win,8369,1046.125,0,31195,0,31195,-250,9182,0,0,36,33,0,0,0,0,0,4,204,0,208,8121,1073,8121,196,7,0,15,1,135,135,399,399,4abea4f6fcd389d3bc2ae9cc94d1d63e0a12cc88ae382192c364b848e41d08e7,196,0,0,2,15,0,0,7,0,0,0,1,0,0,0,0,0,0,0,0,432,57,47934,94077,22,138,36,33,6,0,432,57
213,CORMETORY,0,16,53,58,1,0,ongoing,9600,1200.000,36774,36572,36774,36572,2972,10393,24,14,27,71,75,10,0,0,139,37,20,0,196,0,545,9569,24,92,0,0,0,135,135,399,399,1b5a2fa72ea77d95d8c3fc8472085ffc2be03627a38a2626dd77e9427edf5e19,24,0,0,0,0,0,0,92,0,0,0,0,0,0,75,10,24,14,0,0,78,220,37670,103115,91,23,27,71,0,0,78,220
213,CORMETORY,0,16,53,58,1,1,win,7546,943.250,0,32334,0,32334,-250,9542,0,0,35,53,0,0,0,0,0,5,118,0,123,7321,889,7321,177,4,0,13,1,135,135,399,399,9acb1aefa2a1aef0273b050f9bd5cdaf87ae72d0cac910cfab86400265a42cff,177,0,0,5,13,0,0,4,0,0,0,1,0,0,0,0,0,0,0,0,310,48,35144,68753,21,129,35,53,4,0,310,48
214,BINMPEND,0,16,53,58,1,0,win,7539,942.375,19052,0,19052,0,13280,-250,0,0,39,38,0,0,0,0,1,0,170,0,171,7289,1545,7289,28,39,0,1,1,135,135,399,399,9daf945d314c7a413030a586d54f293c71018921c12377bbe64b4bb58a8cd965,28,0,0,0,1,0,0,39,0,0,1,0,0,0,0,0,0,0,0,0,83,158,86716,46794,108,26,39,38,1,0,83,158
214,BINMPEND,0,16,53,58,1,1,win,5002,625.250,0,14526,0,14526,-250,14152,0,0,23,38,0,0,0,0,0,1,26,0,27,4595,2185,4595,35,0,0,4,1,135,135,399,399,d51b20cb66392f9e156265d0f994ce118e93a132ca40aabd161e67c6d4c68e6d,35,0,0,4,4,0,0,0,0,0,0,1,0,0,0,0,0,0,0,0,21,23,26609,41026,25,45,23,38,2,0,21,23
215,SADHIPME,3,18,52,63,1,0,loss,6096,762.000,0,112269,0,112269,-250,5682,0,36,13,37,0,2,0,0,0,51,53,0,104,0,1185,6065,34,33,0,11,0,135,135,399,399,d2a37995cb417559f690b5e8bfdfbf951a0f85523fc680cb931301296558e692,0,34,0,2,0,11,0,33,0,0,0,0,0,0,0,2,0,36,0,5,8,192,19077,112269,39,14,13,37,0,6,8,192
215,SADHIPME,3,18,52,63,1,1,loss,7519,939.875,11593,1,11593,0,530,757,4,0,20,17,8,0,0,0,15,0,49,1,65,0,1355,7041,15,0,5,12,0,135,135,399,399,29da1c1c498b91ef9c748456adc384f19fe8456a364c3b5f9e2ad3a05bbeb6b5,0,15,0,4,12,0,0,0,5,0,0,0,0,0,8,0,4,0,1,0,90,8,23388,21123,20,42,20,17,3,0,90,8
216,LOWOUTOLD,3,18,52,63,1,0,ongoing,9600,1200.000,29376,108929,29375,108929,50950,6578,14,15,20,38,76,6,0,0,138,43,4,1,186,0,1297,9552,0,70,0,29,0,135,135,399,399,85142690bfaa5c1b41812dda638f84d3f7d074131116a328b3ae9aaa51ccf71c,0,0,0,3,2,27,0,70,0,0,0,0,0,0,76,6,14,15,0,4,16,572,29376,124949,76,12,20,38,1,7,16,572
216,LOWOUTOLD,3,18,52,63,1,1,win,5717,714.625,0,37337,0,37337,-250,16190,0,0,27,20,0,0,0,0,0,5,39,0,44,5481,1447,5481,3,0,3,7,1,135,135,399,399,7ada993199941e6c4a021dff5f428f7605bfc3efe228434a61ccf4c949a24402,0,3,0,4,5,2,0,0,3,0,0,1,0,0,0,0,0,0,0,0,53,26,20838,41998,19,55,27,20,2,1,53,26
217,QAZAOND,3,18,52,63,1,0,ongoing,9600,1200.000,13656,114911,13655,114911,1456,1516,5,22,9,31,44,5,0,0,86,43,4,1,134,0,1545,9585,0,67,0,28,0,135,135,399,399,65561c27ae2b01f42b91c36012e4ca85d3ed1c098e263d4b654bc1a9b84cd483,0,0,0,7,0,28,0,67,0,0,0,0,0,0,46,5,4,22,0,6,9,695,16580,118786,57,26,9,31,0,8,9,695
217,QAZAOND,3,18,52,63,1,1,loss,7511,938.875,17250,1,17250,0,6817,-250,22,0,26,20,5,0,0,0,38,0,30,1,69,0,1450,7448,20,0,5,7,0,135,135,399,399,e8acbdecd542728086da951addc0bfdfd5c7c869635f2b5033f3fe866845e0fa,0,20,0,0,7,0,0,0,5,0,0,0,0,0,5,0,22,0,2,0,105,16,19371,16073,24,46,26,20,3,0,105,16
218,VERYGBLOW,3,18,52,63,1,0,loss,5415,676.875,0,118677,0,118677,-217,3613,0,43,8,43,0,1,0,0,0,60,24,0,84,0,1753,5393,0,37,0,15,0,135,135,399,399,c0b1d867308712608cee95ba62afd51644357d5e36d78d274fbbd8ed54165ff9,0,0,0,2,0,15,0,37,0,0,0,0,0,0,0,1,0,43,0,3,0,104,10703,119201,34,18,8,43,0,6,0,104
218,VERYGBLOW,3,18,52,63,1,1,loss,5606,700.750,7147,1,7147,0,3681,-250,11,0,24,14,10,0,0,0,26,0,32,1,59,0,721,4921,14,0,3,5,0,135,135,399,399,acfe2270a01febb03f2362997c5b27ee01226dbae4c3bc0ceffe41950db2de9b,0,14,0,0,5,0,0,0,3,0,0,0,0,0,10,0,11,0,1,0,44,8,25019,14871,26,10,24,14,3,0,44,8
219,MININICK,3,18,52,63,1,0,ongoing,9600,1200.000,21645,32000,21645,32000,78080,108,0,0,28,57,0,0,0,0,2,1,119,0,122,8622,1137,8622,0,97,0,24,1,135,135,399,399,da709ed11885e2da85e1428e27688e939d2001affb7b153153b70e24300c431c,0,0,0,1,2,22,0,97,0,0,1,0,0,0,0,0,0,0,0,0,41,342,71973,179449,84,15,28,57,1,8,41,342
219,MININICK,3,18,52,63,1,1,loss,3648,456.000,10487,2,10487,0,4899,-250,10,0,27,10,6,0,0,0,20,0,48,2,70,0,1075,3210,1,0,3,3,0,135,135,399,399,785c61780b641c952da24b591879adc2ec236ef1d326077643332054c28aa3a5,0,1,0,0,3,0,0,0,3,0,0,0,0,0,6,0,10,0,1,0,47,1,17953,9492,23,35,27,10,2,0,47,1
220,HAMLOPHOLE,3,16,59,56,2,0,win,5642,705.250,36489,0,36489,0,19254,-250,0,0,31,25,0,0,2019,2503,2,0,128,0,130,5401,497,5401,29,24,0,0,1,540,900,399,399,cbd809324e6b1a4f63aa208bf9c8969fb656eb2c84d775836a697dd93d75be16,29,0,0,0,0,0,0,24,0,0,1,0,0,0,0,0,0,0,0,0,77,143,52207,43535,71,23,31,25,0,0,77,143
220,HAMLOPHOLE,3,16,59,56,2,1,win,3758,469.750,0,29189,0,29189,-250,14251,0,0,19,23,0,0,1677,1091,0,1,64,0,65,3497,825,3497,0,14,0,0,1,540,900,399,399,3300198109674f6f4b003462aafe74dbf79bea380205f5d2edca55a755d33218,0,0,0,0,0,0,10,4,0,0,0,1,0,0,0,0,0,0,0,0,60,23,24691,58973,26,67,19,23,0,0,60,23
221,FUTTEND,3,16,59,56,2,0,win,4049,506.125,16591,0,16591,0,4905,33,0,0,19,23,0,0,1267,1608,11,0,131,0,142,3865,633,3865,6,19,0,0,1,540,900,399,399,67e627bf678111e1e471bcdd82b32270e333e6fff0d695233dc10f696e1be818,6,0,0,0,0,0,1,18,0,0,1,0,0,0,0,0,0,0,0,0,56,91,49216,31153,75,21,19,23,0,0,56,91
221,FUTTEND,3,16,59,56,2,1,win,2859,357.375,0,34631,0,34631,-250,4346,0,0,14,24,0,0,1286,1265,0,2,185,0,187,2601,505,2601,7,3,0,0,1,540,900,399,399,ab0b9fb8b1d9fafabedd46a341712321613a077686a94ad4f6c02aca8d0bb85e,7,0,0,0,0,0,3,0,0,0,0,1,0,0,0,0,0,0,0,0,54,42,13545,68643,21,128,14,24,0,0,54,42
222,SUZPEME,3,16,59,56,2,0,win,8058,1007.250,37219,0,37219,0,12953,-250,0,0,21,21,0,0,3132,3544,3,0,133,0,136,7825,369,7825,9,42,0,0,1,540,900,399,399,49d9b7048f1966b64d6c0c1bc91c6363986c94775143c1bea4da92df1ce7300c,9,0,0,0,0,0,3,39,0,0,1,0,0,0,0,0,0,0,0,0,108,314,64301,25745,93,22,21,21,0,0,108,314
222,SUZPEME,3,16,59,56,2,1,win,4809,601.125,0,28145,0,28145,-250,9959,0,0,17,29,0,0,2259,1888,0,3,168,0,171,4569,617,4569,22,14,0,0,1,540,900,399,399,c75d4922ffda6035c6a4de38b704bb4082345b8dd9499c9ba92fe3624b0bac09,22,0,0,0,0,0,10,4,0,0,0,1,0,0,0,0,0,0,0,0,148,62,27673,67877,23,95,17,29,0,0,148,62
223,DOUOZOLD,3,16,59,56,2,0,win,5321,665.125,19109,0,19109,0,9998,-250,0,0,18,19,0,0,1709,2006,1,0,116,0,117,5073,753,5073,7,21,0,0,1,540,900,399,399,9b7a30e10ed292896b5392973e731019b3b0203912d33004ded8b82f54a6c267,7,0,0,0,0,0,3,18,0,0,1,0,0,0,0,0,0,0,0,0,59,119,57473,28182,87,27,18,19,0,0,59,119
223,DOUOZOLD,3,16,59,56,2,1,win,6468,808.500,0,6520,0,6520,-250,4123,0,0,21,20,0,0,2643,2281,0,2,71,0,73,6177,593,6177,28,31,0,0,1,540,900,399,399,1e8cc1f3d84caa3f1db4768353d0b34ef88824004db20997ac310c53119dab2b,28,0,0,0,0,0,29,2,0,0,0,1,0,0,0,0,0,0,0,0,276,67,36236,75048,17,119,21,20,0,0,276,67
224,SHIWILBOY,3,16,59,56,2,0,win,4462,557.750,13592,0,13592,0,4232,4547,0,0,17,18,0,0,1690,1639,1,0,125,0,126,4233,1121,4233,1,17,0,0,1,540,900,399,399,d9b66b1037e100083ea7799392d1f179200363251c29fb07f0957d0dc1744cd6,1,0,0,0,0,0,0,17,0,0,1,0,0,0,0,0,0,0,0,0,63,104,48230,20329,64,28,17,18,0,0,63,104
224,SHIWILBOY,3,16,59,56,2,1,win,7606,950.750,0,39173,0,39173,27,7008,0,0,19,25,0,0,3433,3315,0,2,121,0,123,7377,1761,7377,0,35,0,0,1,540,900,399,399,981167646ea9e0d72d6996969336f4343ba462e7a1d78b1d8d477fba2d84d244,0,0,2,0,0,0,27,8,0,0,0,1,0,0,0,0,0,0,0,0,180,133,27653,59675,21,72,19,25,0,0,180,133
225,HURTOGODOR,3,16,58,15,2,0,loss,4390,548.750,0,67523,0,67523,-250,9380,0,30,4,31,0,6,604,1113,0,49,7,0,56,0,1129,4305,0,18,0,10,0,90,135,399,399,19883eadc0300be51f7fac7f866c76e66de58ac3c4decc3448ef46714c7d360b,0,0,0,1,0,10,0,18,0,0,0,0,0,0,0,6,0,30,0,5,0,52,5736,67683,22,15,4,31,0,5,0,52
225,HURTOGODOR,3,16,58,15,2,1,win,7808,976.000,0,101565,0,101565,2946,78797,0,49,27,50,0,77,3330,2759,0,183,5,0,188,0,489,7351,78,28,0,1,0,90,135,399,399,3ab5ac51a5fb6b9781338ed38f22d997a1f6b17ff7181962fc0d348594f451c5,0,78,1,0,0,1,28,0,0,0,0,0,0,0,0,77,0,49,0,1,157,38,55827,101565,22,88,27,50,0,1,157,38
226,JOSOICK,3,16,58,15,2,0,ongoing,9600,1200.000,78917,25645,78913,25645,31925,4743,19,8,31,33,79,12,3362,2904,157,27,0,4,188,0,1233,9551,0,63,0,25,0,90,135,399,399,66207d409d197ef074bf7b5d9d49c563a16ffb8f5ec7ec95404c4848346ff819,0,0,27,2,0,25,3,60,0,0,0,0,0,0,80,12,19,8,0,4,25,511,78917,116267,81,23,31,33,0,8,25,511
226,JOSOICK,3,16,58,15,2,1,ongoing,9600,1200.000,155,462767,155,462767,4067,600862,0,32,17,32,1,136,2497,1773,1,207,0,0,208,0,1073,5251,109,6,0,1,0,90,135,399,399,4bb7385e125d049102203c9f9fbdaeae9304aa27f14c9111d5ced38b76c612d2,0,109,0,0,0,1,6,0,0,0,0,0,0,0,1,136,0,32,0,1,49,18,19524,467805,23,138,17,32,0,1,49,18
227,TIMMEHOLE,3,16,58,15,2,0,win,6299,787.375,25669,0,25669,0,10486,-250,0,0,27,24,0,0,2380,2551,4,0,139,0,143,6089,1129,6089,0,32,0,9,1,90,135,399,399,dd724ebf13a1b85ea726688fed48ab72d84346961b250d812e37e5530f9d2ca4,0,0,6,6,0,9,4,28,0,0,1,0,0,0,0,0,0,0,0,0,24,210,59111,34424,70,15,27,24,0,3,24,210
227,TIMMEHOLE,3,16,58,15,2,1,ongoing,9600,1200.000,7495,34689,7495,34689,8299,2543,0,12,34,12,3,104,3913,2872,9,179,1,0,189,0,1545,9457,20,55,0,0,0,90,135,399,399,cfcf0924cdd8cacba4ad11029ceb70afe22cacaffac7df136af29c194e1a5da5,0,20,0,0,0,0,55,0,0,0,0,0,0,0,3,104,0,12,0,0,305,73,89095,34689,23,105,34,12,0,0,305,73
228,CALMPLAS,3,16,58,15,2,0,win,6811,851.375,32715,0,32715,0,11186,-250,0,0,25,19,0,0,1978,2523,2,0,146,0,148,6593,905,6593,30,19,0,7,1,90,135,399,399,59c10fe9b70c42183460d8ef7c4ed0a21c4c600c49dab8ffe3b94c302b789482,0,30,5,1,0,7,4,15,0,0,1,0,0,0,0,0,0,0,0,0,61,317,60009,40424,85,21,25,19,0,5,61,317
228,CALMPLAS,3,16,58,15,2,1,win,8226,1028.250,0,150744,0,150744,-250,21588,0,40,29,40,0,98,3457,2656,0,199,9,0,208,0,1153,8129,157,28,0,1,0,90,135,399,399,8a1b61f897231604d93470ff35a55f7e3648ba6318e3ad347e6e10fc9af495d7,0,157,1,1,0,1,28,0,0,0,0,0,0,0,0,98,0,40,0,1,184,84,59101,150820,25,99,29,40,0,1,184,84
229,SCOHIPAL,3,16,58,15,2,0,ongoing,9600,1200.000,59596,41219,59596,41219,42712,7931,35,1,35,34,67,9,2525,2815,153,19,10,0,182,0,1361,9282,45,52,0,9,0,90,135,399,399,635850f25fa78af3440e186f52911b8aa1f830f3db3dc9ba0fa45acd889f1f0d,0,45,8,2,0,9,6,46,0,0,0,0,0,0,67,10,35,1,0,2,44,317,59596,96160,82,23,35,34,0,4,44,317
229,SCOHIPAL,3,16,58,15,2,1,win,4371,546.375,0,79357,0,79357,-8,1023,0,12,2,13,0,81,1897,861,0,140,6,0,146,0,1321,4363,55,0,0,0,0,90,135,399,399,77581a4cf31d6bd5a9ae707ff4d7d0dc807488dda78bd83675994d39ef2e9871,0,55,0,0,0,0,0,0,0,0,0,0,0,0,0,81,0,12,0,0,8,33,6533,79449,24,83,2,13,0,0,8,33
230,SWAOUTPIL,0,18,57,63,3,0,win,7685,960.625,31027,0,31027,0,15712,-250,0,0,23,10,0,0,2132,2589,1,0,196,0,197,7417,489,7417,52,8,0,7,1,225,225,399,399,89ff8c26dc1231c305f7879fff7eff660932bb79e17ce1f99e0f701099d94116,36,16,0,0,0,7,1,7,0,0,1,0,0,0,0,0,0,0,0,0,56,316,79937,27785,132,54,23,10,0,4,56,316
230,SWAOUTPIL,0,18,57,63,3,1,win,5071,633.875,0,31358,0,31358,-250,20062,0,0,11,29,0,0,1670,1501,0,1,121,0,122,4834,634,4834,27,6,0,1,1,225,225,399,399,0a9a3414d97dd58676b1cca552d5e40f19a1638e86e1856af124e51a46119a63,7,20,0,0,0,1,6,0,0,0,0,1,0,0,0,0,0,0,0,0,81,103,25498,44201,42,80,11,29,0,1,81,103
231,KILLEBOY,0,18,57,63,3,0,win,7779,972.375,32475,0,32475,0,4079,3707,0,0,26,25,0,0,2210,2415,2,0,95,0,97,7522,721,7522,41,15,0,7,1,225,225,399,399,90390b10ceaa29e17e83abd8fee5a33291df11fa8a734b443c575b2477844178,29,12,0,0,0,7,4,11,0,0,1,0,0,0,0,0,0,0,0,0,45,203,57358,25434,87,38,26,25,0,4,45,203
231,KILLEBOY,0,18,57,63,3,1,win,5067,633.375,0,29981,0,29981,-250,4958,0,0,11,24,0,0,1528,1453,0,1,150,0,151,4753,1193,4753,11,5,0,2,1,225,225,399,399,8706316a08ebac729f7be4cc3e727dc0caca1c6564591ea8c5b41fc9818847c5,0,11,0,0,0,2,5,0,0,0,0,1,0,0,0,0,0,0,0,0,22,37,20586,61335,35,95,11,24,0,1,22,37
232,EOAGBDOR,0,18,57,63,3,0,win,3773,471.625,23831,0,23831,0,3621,-250,0,0,13,12,0,0,1058,1087,9,0,80,0,89,3625,1153,3625,3,1,0,0,1,225,225,399,399,4686dae8955e6ab0f94227f64affa3e30d8025f62aeb753091810fffa99d5992,3,0,0,0,0,0,0,1,0,0,1,0,0,0,0,0,0,0,0,0,74,15,33013,10226,51,29,13,12,0,0,74,15
232,EOAGBDOR,0,18,57,63,3,1,ongoing,9600,1200.000,56833,41545,56833,41545,9138,142,6,6,27,10,26,67,3259,2485,53,109,1,0,163,0,1363,9526,19,39,0,0,0,225,225,399,399,6d4bcd6324de37e0fe690ad81c8b56fd96fb55df611f76b8c7f171dc87fe773d,0,19,0,0,0,0,39,0,0,0,0,0,0,0,26,67,6,6,0,0,281,99,64894,42587,38,72,27,10,0,0,281,99
233,BURINPAL,0,18,57,63,3,0,loss,5597,699.625,0,83442,0,83442,-84,11689,0,47,5,47,0,2,600,1856,0,58,32,0,90,0,761,5500,6,21,0,6,0,225,225,399,399,effe0a1e1a681c1a2f54cae940706c077e27c07ba90d361b61c8d99bbc37b066,6,0,0,3,0,6,0,21,0,0,0,0,0,0,0,2,0,47,0,3,3,72,11676,83457,29,36,5,47,0,4,3,72
233,BURINPAL,0,18,57,63,3,1,win,5969,746.125,0,29068,0,29068,-250,7727,0,0,17,25,0,0,1789,1797,0,1,113,0,114,5710,785,5710,21,8,0,4,1,225,225,399,399,2c9b08273bef82ad8b39a87d7dad9cc1b7675929760af72f3ff089f41a966c10,11,10,0,0,0,4,5,3,0,0,0,1,0,0,0,0,0,0,0,0,47,111,23276,45397,46,66,17,25,0,1,47,111
234,MORLOPPERT,0,18,57,63,3,0,ongoing,9600,1200.000,20636,64892,20636,64892,1967,6840,9,19,15,30,48,14,2470,2968,84,52,10,0,146,0,985,9505,18,42,0,16,0,225,225,399,399,3aca0c7fcf18e0b65b9159251a9ccb32e9f54cd24ce24c94c246c597625c6c5a,18,0,0,0,0,16,3,39,0,0,0,0,0,0,48,14,9,19,0,3,29,375,30688,72192,62,36,15,30,0,6,29,375
234,MORLOPPERT,0,18,57,63,3,1,win,5053,631.625,0,30880,0,30880,-250,16568,0,0,14,17,0,0,1698,1427,0,1,23,0,24,4819,994,4819,14,7,0,3,1,225,225,399,399,11f2a2b8fafb0bb4b37e0c9d06f74090397575b138035e8fdc189bc47c86569f,8,6,0,0,0,3,7,0,0,0,0,1,0,0,0,0,0,0,0,0,85,100,21493,45756,35,99,14,17,0,1,85,100
235,NIMTLAS,0,16,56,63,2,0,ongoing,9600,1200.000,1902,78570,1902,78570,1449,22971,0,21,10,49,0,29,1546,3237,1,65,6,0,72,0,1067,6577,0,42,1,13,0,225,225,399,399,6ec3359c131f8ffcf0149efb7258911dee036695a73142ff6812bb1746be1786,0,0,0,1,0,13,0,42,0,1,0,0,0,0,0,29,0,21,0,3,2,213,16873,108459,55,42,10,49,0,5,2,213
235,NIMTLAS,0,16,56,63,2,1,win,7942,992.750,0,31441,0,31441,-250,8051,0,0,33,28,0,0,3374,2564,0,1,151,0,152,7673,473,7673,22,33,0,3,1,225,225,399,399,ecb4d62d6544af82521e01cb8e08e7c0c695c372d3cf16802d8c18052e6902ef,0,22,0,0,0,3,33,0,0,0,0,1,0,0,0,0,0,0,0,0,179,79,45783,64978,31,107,33,28,0,2,179,79
236,BILPEAL,0,16,56,63,2,0,win,5768,721.000,26315,0,26315,0,9151,-250,0,0,29,31,0,0,2192,2682,1,0,138,0,139,5529,1393,5529,26,18,0,5,1,225,225,399,399,df810bd00ede1ef72f9d9c8c1576c2797ee609bf7c45d28eb7ecb15641a85991,0,26,0,3,0,5,6,12,0,0,1,0,0,0,0,0,0,0,0,0,42,139,61919,30856,92,32,29,31,0,3,42,139
236,BILPEAL,0,16,56,63,2,1,win,6172,771.500,0,33688,0,33688,-250,7272,0,0,22,30,0,0,2941,2567,0,4,124,0,128,5945,1185,5945,19,16,0,2,1,225,225,399,399,5f99d36af2dfa778754d7c3d2d1b55f47b33ea0ff3c028937c64214591a9c87b,0,19,0,0,0,2,16,0,0,0,0,1,0,0,0,0,0,0,0,0,74,56,27681,56529,29,112,22,30,0,1,74,56
237,RINGEAPIL,0,16,56,63,2,0,ongoing,9600,1200.000,74,117846,74,117846,5,10929,0,32,10,51,0,10,1359,3352,1,53,58,0,112,0,953,9457,90,50,0,22,0,225,225,399,399,0a062de95dcb42f4ec8ddb774f2f95db62b0ee357aba35f68ffa7fbd26b050ae,0,90,0,1,0,22,1,49,0,0,0,0,0,0,0,10,0,32,0,2,4,419,7992,151786,44,20,10,51,0,6,4,419
237,RINGEAPIL,0,16,56,63,2,1,win,8201,1025.125,0,27271,0,27271,5718,4155,0,0,33,31,0,0,3284,3077,0,1,34,0,35,7921,777,7921,25,28,0,3,1,225,225,399,399,3c2a2158da30524bd83ff4925cdb701796acdf68c671fb039566c7a591cc5e59,0,25,0,0,0,3,28,0,0,0,0,1,0,0,0,0,0,0,0,0,119,67,51761,81973,31,101,33,31,0,1,119,67
238,WEAVIKEJOB,0,16,56,63,2,0,ongoing,9600,1200.000,36058,61572,36057,61572,9673,9678,20,7,20,31,71,8,4124,4185,128,26,27,1,182,0,1161,9349,67,41,0,10,0,225,225,399,399,c3d26c7ec48e6acf58b275777ca131521daa4e5a9b7c5ca2e35cdfdaa554e838,0,67,0,0,0,10,8,33,0,0,0,0,0,0,71,8,20,7,0,4,66,444,36159,69574,88,35,20,31,0,4,66,444
238,WEAVIKEJOB,0,16,56,63,2,1,win,6990,873.750,0,52457,0,52457,808,43052,0,19,23,19,0,73,2876,2581,0,118,17,0,135,0,1521,6890,24,15,0,6,0,225,225,399,399,86cad5ec8ebb76164492f6ec32c2421c927f57cd269ccec215de51b355903696,0,24,0,0,0,6,15,0,0,0,0,0,0,0,0,73,0,19,0,1,137,75,28974,52547,28,75,23,19,0,2,137,75
239,ALPOGOLIN,0,16,56,63,2,0,ongoing,9600,1200.000,51249,22096,51248,22096,75485,5943,27,12,28,26,65,11,4231,4501,114,31,21,1,167,0,761,9433,32,41,0,6,0,225,225,399,399,80fe39bec2159c42bc60c6218b07fdae0ef80f1ab2058596884b85ab9572e072,0,32,0,0,0,6,10,31,0,0,0,0,0,0,65,12,27,12,0,2,153,446,51249,38938,82,33,28,26,0,4,153,446
239,ALPOGOLIN,0,16,56,63,2,1,win,5183,647.875,0,51712,0,51712,-130,1371,0,0,22,23,0,0,2488,1679,0,120,48,0,168,5145,721,5145,17,7,0,8,1,225,225,399,399,cf7f3c15c9e30a06b5d854a9441e02c21083cac857b9e856edcced36b7716d68,0,17,0,0,0,8,7,0,0,0,0,1,0,0,0,0,0,0,0,0,43,94,18025,53996,37,101,22,23,0,3,43,94
240,BADOPAL,2,16,51,15,2,0,ongoing,9600,1200.000,12877,142407,12877,142407,891,3399,10,61,14,72,52,7,1788,3737,67,84,3,0,154,0,2337,9553,6,15,0,2,0,135,135,399,399,5e2505b541a87f6455b80839bb274483e101f074d91b710bb23be07f6cea8746,6,0,0,0,0,2,0,15,0,0,0,0,0,0,52,7,10,61,0,1,11,60,15797,184365,54,17,14,72,0,2,11,60
240,BADOPAL,2,16,51,15,2,1,loss,9376,1172.000,51211,0,51211,0,2110,687,12,0,55,17,19,0,3482,1254,35,0,59,0,94,0,2673,8081,1,0,2,0,0,135,135,399,399,6a12d4260db2e75803931d10b1a763b050359c0970abbb5782210c29a44689e7,0,1,1,0,0,0,0,0,2,0,0,0,0,0,19,0,12,0,0,0,29,6,114195,13223,26,23,55,17,0,0,29,6
241,IMMMEPERT,2,16,51,15,2,0,loss,7072,884.000,2,92237,0,92237,-250,8188,0,43,6,43,0,0,1127,2791,0,49,46,2,97,0,3465,6577,5,2,0,6,0,135,135,399,399,2d4cdf227ed2c6d6fa5ed3cc43b1c39a4d2be249667c65ecdcca4e92f9663ecd,5,0,0,0,0,6,0,2,0,0,0,0,0,0,0,0,0,43,0,1,0,99,12713,92237,52,23,6,43,0,3,0,99
241,IMMMEPERT,2,16,51,15,2,1,ongoing,9600,1200.000,39918,2968,39918,2968,749,-79,12,3,36,35,4,4,3864,2446,22,12,84,0,118,0,2169,8759,18,0,2,0,0,135,135,399,399,789bdaac1a299414ae26df1c0e8a9d8c464b39ef11c4d0349ae961942f86170a,2,16,0,0,0,0,0,0,2,0,0,0,0,0,4,4,12,3,0,0,50,13,79034,55266,32,58,36,35,0,0,50,13
242,HOBMPOUT,2,16,51,15,2,0,loss,3742,467.750,1,61726,0,61726,-250,2861,0,40,2,40,0,3,401,1275,0,49,12,1,62,0,2753,3545,0,1,0,1,0,135,135,399,399,29f5a36f6e6c031e5db1d908845cf4f679f28acdb031186f1de6faac04aa8124,0,0,0,1,0,1,0,1,0,0,0,0,0,0,0,3,0,40,0,1,0,16,3040,61821,9,11,2,40,0,1,0,16
242,HOBMPOUT,2,16,51,15,2,1,loss,4927,615.875,41605,0,41605,0,997,-176,0,0,45,25,8,0,1520,533,24,0,69,0,93,0,2537,4779,2,0,1,0,0,135,135,399,399,60249418628554cd1123d87df1c15865f330f90015f8125194ee5e2450eba44d,1,1,0,0,0,0,0,0,1,0,0,0,0,0,8,0,0,0,0,0,15,6,66928,21346,15,19,45,25,0,0,15,6
243,BUGHIPT,2,16,51,15,2,0,loss,6902,862.750,0,113331,0,113331,678,5917,0,52,7,52,0,4,888,1554,0,66,8,0,74,0,2993,6609,0,1,0,10,0,135,135,399,399,f56cb4f6b6da34847fa9c22de931c418fa2ce9c3ebf859fbadca1ba60d4f7e58,0,0,0,0,0,10,0,1,0,0,0,0,0,0,0,4,0,52,0,1,1,42,5688,128364,15,11,7,52,0,3,1,42
243,BUGHIPT,2,16,51,15,2,1,ongoing,9600,1200.000,53848,11923,53848,11923,29349,1876,27,6,46,9,9,24,3395,1698,44,30,16,0,90,0,2785,9481,6,0,1,0,0,135,135,399,399,bc930fa2dfdb854259c87bd2625dfa7cef083938852c37df97cc627e0264937a,1,5,0,0,0,0,0,0,1,0,0,0,0,0,9,24,27,6,0,0,16,13,75656,14659,28,24,46,9,0,0,16,13
244,SHADQAZBAR,2,16,51,15,2,0,loss,4766,595.750,1,79665,0,79665,-250,6488,0,41,5,41,0,3,684,1632,0,54,10,1,65,0,2769,4521,4,1,0,1,0,135,135,399,399,00b7e3b02528bfb7d97a04627db122d4ae62abf9e908abf8ba76d91d38940462,0,4,0,1,0,1,0,1,0,0,0,0,0,0,0,3,0,41,0,1,0,17,5322,79782,11,13,5,41,0,1,0,17
244,SHADQAZBAR,2,16,51,15,2,1,ongoing,9600,1200.000,59403,40842,59403,40842,41283,236,33,21,52,24,3,26,3277,1605,45,58,1,0,104,0,2769,9363,7,0,1,0,0,135,135,399,399,f3c6bc419146b16d7fb31a7c71b5566646f94a35eec9b031d2dd55765b242160,0,7,1,0,0,0,0,0,1,0,0,0,0,0,3,26,33,21,0,0,18,7,95948,49338,30,30,52,24,0,0,18,7
245,COREJOB,1,16,50,4,2,0,win,7793,974.125,30660,0,30660,0,26544,119131,0,0,47,25,0,0,3121,1502,1,0,163,0,164,7545,3155,7545,0,0,0,5,1,135,135,399,399,26a85deb1951749bb771fb0c1f306979355cfe1792af1c62488744a3d17d24a5,0,0,0,0,0,5,0,0,0,0,1,0,0,0,0,0,0,0,0,0,120,179,111053,29312,58,22,47,25,0,3,120,179
245,COREJOB,1,16,50,4,2,1,win,8721,1090.125,1,89844,0,89844,-250,115989,0,38,33,38,0,29,4293,3602,0,84,14,1,99,0,3059,8339,0,0,1,6,0,135,135,399,399,145eecfd5d94816a8afc853dc568c21c5fec86b487a093ae1581eca9d7c2be2b,0,0,0,0,0,6,0,0,1,0,0,0,0,0,0,29,0,38,0,1,15,107,60990,89878,26,61,33,38,0,1,15,107
246,BINGBLIN,1,16,50,4,2,0,win,9442,1180.250,27330,0,27330,0,16266,241508,0,0,56,35,0,0,3522,3217,1,0,152,0,153,9209,2940,9209,0,0,0,12,1,135,135,399,399,a3ce6dc75068d2fa2cd171759d27fa08997a75214c9b2ef2138f81cb7dd95235,0,0,5,0,0,12,0,0,0,0,1,0,0,0,0,0,0,0,0,0,122,310,129933,64513,86,17,56,36,0,4,122,310
246,BINGBLIN,1,16,50,4,2,1,ongoing,9600,1200.000,15466,111632,15466,111632,1147,237781,0,1,34,88,7,21,4257,3747,16,83,98,0,197,0,2539,9489,0,0,2,9,0,135,135,399,399,289cd1886dfca03edd2122bf1a4a59968b33daba3dcaa6e9c411ebce7a39c5d5,0,0,3,0,0,9,0,0,2,0,0,0,0,0,7,21,0,1,0,1,75,109,60233,222081,20,73,34,88,0,1,75,109
247,SADINDON,1,16,50,4,2,0,ongoing,9600,1200.000,82008,39883,82008,39883,618,266059,0,0,47,40,0,0,3270,2987,20,8,139,0,167,9457,2725,9457,0,0,0,8,1,135,135,399,399,a8f4320a4a20246a07d40abd73d780f065c77d022d55c9426b8d9cb46c7a0184,0,0,8,0,0,8,0,0,0,0,1,0,0,0,0,0,0,0,0,0,103,263,125086,100796,64,26,47,40,0,4,103,263
247,SADINDON,1,16,50,4,2,1,win,9050,1131.250,1,49193,0,49193,-250,88995,0,23,34,59,0,3,3691,3168,0,40,106,1,147,0,4134,8161,0,0,2,6,0,135,135,399,399,5164b481e5d3e9c358d7467d779c348c4f06f8b19ffd1410920e39e6a4af72d5,0,0,2,0,0,6,0,0,2,0,0,0,0,0,0,3,0,23,0,1,39,74,50735,119205,30,62,34,59,0,1,39,74
248,LOWLOPMAR,1,16,50,4,2,0,ongoing,9600,1200.000,2124,185894,2124,185894,24,124731,0,75,17,75,24,10,2644,2513,25,105,52,0,182,0,2210,9511,0,0,0,46,0,135,135,399,2700,197786122884dfbff92958b311c0dd712e3b4cebbc956e2a8aa71bea6304c34c,0,0,0,0,0,46,0,0,0,0,0,0,0,0,24,10,0,75,0,2,6,405,29365,219673,58,17,17,75,0,9,6,405
248,LOWLOPMAR,1,16,50,4,2,1,ongoing,9600,1200.000,387,44543,386,44543,-227,122360,0,24,37,71,4,2,3816,3379,6,42,127,1,176,0,3233,8137,0,0,2,10,0,135,135,399,2700,c8d3f27ed7445c4f27ef0f1885b4b87c907c48865b5d0f76f2d32914bf9891d3,0,0,2,0,0,10,0,0,2,0,0,0,0,0,4,2,0,24,0,1,26,126,63682,153809,31,44,37,71,0,1,26,126
249,QAZTOUT,1,16,50,4,2,0,loss,6317,789.625,1,119250,0,119250,-250,59700,0,54,8,54,0,8,1850,1417,0,67,60,1,128,0,2059,6263,0,0,0,21,0,135,135,399,2700,1da2d172225b4a335a0425a8dd2e7a14b2bed9051c7b9ffa8ecb372ad677f0e6,0,0,0,0,0,21,0,0,0,0,0,0,0,0,0,8,0,54,0,2,2,293,20782,119314,54,14,8,54,0,7,2,293
249,QAZTOUT,1,16,50,4,2,1,win,8488,1061.000,1,35247,0,35247,-250,26937,0,18,40,39,0,0,3484,2350,0,35,51,1,87,0,4009,8169,0,0,2,3,0,135,135,399,2700,7b248055bd03b95d5f2fef1a389f83654fdfa637ff6649399ad274ae5c4a8af9,0,0,1,0,0,3,0,0,2,0,0,0,0,0,0,0,0,18,0,1,16,46,66461,88460,19,9,40,39,0,1,16,46
250,VERYOXT,0,16,49,5,3,0,win,4299,537.375,18713,0,18713,0,4335,-250,0,0,25,20,0,0,1350,1358,4,0,119,0,123,4018,730,4018,39,0,0,3,1,450,225,399,2700,b0ee630d3c756ec665974ce10a1c261085cf813f3108d0309989e99fd2102abf,12,27,0,0,0,3,0,0,0,0,1,0,0,0,0,0,0,0,0,0,7,46,36989,23719,61,36,25,20,0,3,7,46
250,VERYOXT,0,16,49,5,3,1,win,6163,770.375,0,106156,0,106156,1415,55435,0,60,11,60,0,52,2185,2041,0,133,11,0,144,0,739,5782,123,0,0,1,0,450,225,399,2700,46d9be4094d476a0e074494bd13577ce476d758db7f871229f70da865dd8ded5,23,100,0,0,0,1,0,0,0,0,0,0,0,0,0,52,0,60,0,1,132,118,18908,106192,43,67,11,60,0,1,132,118
251,MINEABAR,0,16,49,5,3,0,win,8308,1038.500,49738,0,49738,0,19741,-250,0,0,23,28,0,0,2649,2457,6,0,168,0,174,8074,377,8074,156,0,0,10,1,450,225,399,2700,5959318d2e3eb089b352ec03f9befa21c95bc8990710944ceb63ca811de2cb4f,23,133,0,0,0,10,0,0,0,0,1,0,0,0,0,0,0,0,0,0,65,296,110440,38743,141,37,23,28,0,4,65,296
251,MINEABAR,0,16,49,5,3,1,ongoing,9600,1200.000,350,94874,350,94874,-61,3252,0,44,15,45,1,88,3490,2190,3,167,16,0,186,0,274,9586,185,0,0,1,0,450,225,399,2700,064ae15ab7667af7a71556256ca7a421f9038efb934c2b0ad5c3b48abbdb21fd,98,87,0,0,0,1,0,0,0,0,0,0,0,0,1,88,0,44,0,1,304,185,31412,94874,51,108,15,45,0,1,304,185
252,HAMIKEER,0,16,49,5,3,0,win,5778,722.250,31995,0,31995,0,20930,-250,0,0,23,21,0,0,1802,1823,4,0,175,0,179,5524,521,5524,87,0,0,3,1,450,225,399,2700,55b50a8ccd70e02544934dd2dd8aa49992072ef306f579518ee9be85c61cbdbe,22,65,0,0,0,3,0,0,0,0,1,0,0,0,0,0,0,0,0,0,117,186,59369,23720,133,38,23,21,0,2,117,186
252,HAMIKEER,0,16,49,5,3,1,win,8592,1074.000,2,100415,0,100415,-250,9893,0,16,8,16,0,102,3505,2541,0,162,12,2,176,0,961,8481,177,0,0,1,0,450,225,399,2700,e523f3855e53aa23c2e30e3e90e8387d12552b2a8a42bf3cff149127deada655,25,152,0,0,0,1,0,0,0,0,0,0,0,0,0,102,0,16,0,1,72,160,19151,100415,37,103,8,16,0,1,72,160
253,FUTOGOING,0,16,49,5,3,0,win,8284,1035.500,46654,0,46654,0,1472,1009,0,0,29,20,0,0,2667,2582,25,0,108,0,133,8137,649,8137,105,0,0,4,1,450,225,399,2700,45f45a8becf2622a870aaf055ff32c11d64b56b6de86afef8a3d8f2dca705c52,18,87,0,0,0,4,0,0,0,0,1,0,0,0,0,0,0,0,0,0,120,276,52270,23015,76,32,29,20,0,2,120,276
253,FUTOGOING,0,16,49,5,3,1,win,4490,561.250,0,59833,0,59833,-160,2229,0,23,7,23,0,74,1640,1494,0,135,7,0,142,0,1051,4474,49,0,0,1,0,450,225,399,2700,d5c263647e149e10b33a9bb43fd882e82cf1e7ca7638431b9b4f217ed7046c40,3,46,0,0,0,1,0,0,0,0,0,0,0,0,0,74,0,23,0,1,28,51,7459,59842,29,79,7,23,0,1,28,51
254,SUZODON,0,16,49,5,3,0,win,4527,565.875,12989,0,12989,0,18444,-250,0,0,21,21,0,0,1375,1438,2,0,62,0,64,4291,665,4291,40,0,0,3,1,450,225,399,2700,211951c382eb0dc09d94950eed8dd00005a6d772f21e65036c1eb4321c339981,6,34,0,0,0,3,0,0,0,0,1,0,0,0,0,0,0,0,0,0,56,68,29778,18009,73,30,21,21,0,1,56,68
254,SUZODON,0,16,49,5,3,1,win,5019,627.375,0,98714,0,98714,2250,51270,0,34,9,35,0,107,1585,1409,0,182,17,0,199,0,883,4642,78,0,0,1,0,450,225,399,2700,53ec8e906c8d8f36357dab336f56d1c03c68c084c6dd1b9ae82bb8253fd551ad,22,56,0,0,0,1,0,0,0,0,0,0,0,0,0,107,0,34,0,1,94,32,17162,98756,34,114,9,35,0,1,94,32
255,DOUMEMAR,0,16,48,15,2,0,loss,5455,681.875,0,98512,0,98512,-250,3494,0,55,8,56,0,3,1885,1914,0,71,49,0,120,0,481,5438,32,32,0,8,0,450,225,399,2700,45783fcc03569c7c2984852d8d12bf15366cdb3a0cad6a90abcdc47b05fa5b39,0,32,0,1,0,8,0,32,0,0,0,0,0,0,0,3,0,55,0,3,0,131,21579,98564,40,11,8,56,0,5,0,131
255,DOUMEMAR,0,16,48,15,2,1,ongoing,9600,1200.000,14410,123412,14410,123412,173,3137,0,47,18,50,28,33,4586,4340,39,101,39,0,179,0,577,9585,173,0,2,0,0,450,225,399,2700,141a7ed6ba52c33eaae06b7e679789cc7864988e068955348109f70c564ebf37,0,173,0,0,0,0,0,0,2,0,0,0,0,0,28,33,0,47,0,0,37,48,38382,123412,51,52,18,50,0,0,37,48
256,SHIMPLUG,0,16,48,15,2,0,ongoing,9600,1200.000,44835,68818,44835,68818,80147,9408,24,1,24,33,66,9,4021,3970,119,20,4,0,143,0,1145,8897,0,45,0,13,0,450,225,399,2700,624d943a6be497fba7e3b6f4ff702d3370fa463bc8e2a40dffa8f8a75bb46f73,0,0,0,1,0,13,0,45,0,0,0,0,0,0,66,9,24,1,0,2,38,415,44835,71859,73,25,24,33,0,6,38,415
256,SHIMPLUG,0,16,48,15,2,1,ongoing,9600,1200.000,12036,18938,12036,18938,878,2357,0,19,24,25,7,10,4789,4259,13,38,33,0,84,0,1273,9569,40,0,4,0,0,450,225,399,2700,70f9288b98ed0da8bad249dddb4925a9cf46481d5dbc7cce6eddb1f5f7775049,0,40,0,0,0,0,0,0,4,0,0,0,0,0,7,10,0,19,0,0,55,57,34890,31786,39,29,24,25,0,0,55,57
257,HURTKOPHILL,0,16,48,15,2,0,ongoing,9600,1200.000,10407,114567,10406,114567,-22,7822,2,50,9,52,43,6,2575,2931,59,62,13,1,135,0,937,9553,0,70,0,15,0,450,225,399,2700,54aefdc020cab83614d416f20c321e42e65ba8c717cd58cede7d2717e596155b,0,0,0,14,0,15,0,70,0,0,0,0,0,0,43,6,2,50,0,2,7,275,21824,141856,57,20,9,52,0,7,7,275
257,HURTKOPHILL,0,16,48,15,2,1,win,6933,866.625,0,164746,0,164746,1934,138601,0,87,12,87,0,37,3273,3138,0,139,7,0,146,0,1289,6287,164,0,1,1,0,450,225,399,2700,0dee043875078a36d228b98bc8d4a042ad05756695f7964b85b289bd820be5b8,0,164,0,0,0,1,0,0,1,0,0,0,0,0,0,37,0,87,0,1,46,40,21551,164829,39,47,12,87,0,1,46,40
258,JOSQAZMET,0,16,48,15,2,0,win,4697,587.125,17824,0,17824,0,17126,-250,0,0,23,28,0,0,1919,1754,1,0,95,0,96,4441,785,4441,28,13,0,2,1,450,225,399,2700,86f8ce3a1c23a9edba615695f3070186f9795d709b9401b8be6238f916799494,0,28,0,1,0,2,0,13,0,0,1,0,0,0,0,0,0,0,0,0,32,115,62006,39894,86,24,23,28,0,2,32,115
258,JOSQAZMET,0,16,48,15,2,1,loss,6527,815.875,28574,0,28574,0,1215,-227,0,0,27,4,1,0,3261,487,42,0,15,0,57,0,353,6483,16,0,3,0,0,450,225,399,2700,c399bbf934c2986e17e139fc2e908ade9d8f352995fc4a28b151f17d72232f83,0,16,0,0,0,0,0,0,3,0,0,0,0,0,1,0,0,0,0,0,12,7,34566,9074,38,4,27,4,0,0,12,7
259,TIMEER,0,16,48,15,2,0,win,3937,492.125,13862,0,13862,0,5769,2426,0,0,15,19,0,0,1657,1769,15,0,112,0,127,3745,1185,3745,9,4,0,0,1,450,225,399,2700,41ea7569cd962690df6bdb54a43f3937e685c9ed1ac76babca98ef8eca8525ea,0,9,0,0,0,0,0,4,0,0,1,0,0,0,0,0,0,0,0,0,68,66,31307,13876,68,19,15,19,0,0,68,66
259,TIMEER,0,16,48,15,2,1,win,3356,419.500,0,32413,0,32413,-250,45584,0,16,1,17,0,29,1668,1475,0,59,4,0,63,0,1277,2393,10,0,0,1,0,450,225,399,2700,a1ff1efd98eaf815dd2039294721d3764abfb56dc5fdeb3af43d05c429f9044f,0,10,0,0,0,1,0,0,0,0,0,0,0,0,0,29,0,16,0,1,7,36,2269,32463,15,29,1,17,0,1,7,36
260,CALGBING,1,16,4,4,1,0,ongoing,9600,1200.000,208561,7631,208560,7631,84458,93028,89,13,90,28,38,6,0,0,151,29,0,1,181,0,1612,9516,0,0,0,31,0,225,225,399,2700,466dc97ad4eff377d022797061b4c686b98609d65ef67adcf0dcee9ce19d1220,0,0,0,0,8,23,0,0,0,0,0,0,0,0,38,6,89,13,1,1,46,239,208561,42631,51,10,90,28,1,4,46,239
260,CALGBING,1,16,4,4,1,1,ongoing,9600,1200.000,5245,119018,5245,119018,27225,151395,3,42,22,42,5,75,0,0,16,148,4,0,168,0,1809,8941,0,0,0,26,0,225,225,399,2700,45501b6c3f94aa80549c98684903890aecae679d4c793c035ccc7dc1e8001349,0,0,0,0,19,7,0,0,0,0,0,0,0,0,5,75,3,42,0,1,167,81,20758,119018,13,78,22,42,3,1,167,81
261,SCOINORD,1,16,4,4,1,0,ongoing,9600,1200.000,184871,4693,184871,4693,131495,5189,57,6,59,31,81,5,0,0,161,15,29,0,205,0,2403,8728,0,0,0,31,0,225,225,399,2700,ed536821d9c0472ed61ae42786c108aa4495bc9498d8b7d1d57c035750f0b12f,0,0,0,0,11,20,0,0,0,0,0,0,0,0,81,5,57,6,1,1,104,147,184871,40133,92,16,59,31,1,3,104,147
261,SCOINORD,1,16,4,4,1,1,ongoing,9600,1200.000,11961,97063,11961,97063,110759,32293,19,37,33,37,3,69,0,0,29,128,17,0,174,0,2209,9342,0,0,0,33,0,225,225,399,2700,6164a59b29fe629172e2de3464ad3258995dd36d3a2b18afe813d72dc80e5c39,0,0,0,0,28,5,0,0,0,0,0,0,0,0,3,69,19,37,0,1,308,27,52805,97063,12,80,33,37,7,1,308,27
262,SWALOPCON,1,16,4,4,1,0,loss,5251,656.375,1,50930,0,50930,-250,25823,0,34,9,35,0,0,0,0,0,46,4,1,51,0,1711,4955,0,0,0,9,0,225,225,399,2700,fa98ef94a06d21175d7cbd0d402bb41468948a9014d9ef731899a57148159e1c,0,0,0,0,0,9,0,0,0,0,0,0,0,0,0,0,0,34,0,1,5,33,10610,52558,6,5,9,35,0,3,5,33
262,SWALOPCON,1,16,4,4,1,1,ongoing,9600,1200.000,14242,199791,14241,199791,-176,273819,9,32,29,32,4,126,0,0,18,189,0,1,208,0,2077,9048,0,0,0,19,0,225,225,399,2700,3a5bbc389ce9a1dab9287ac3e78bf27ae80ac30069d87bc67252887c8b778866,0,0,0,0,11,8,0,0,0,0,0,0,0,0,4,126,9,32,0,1,126,100,36897,199791,19,135,29,32,3,1,126,100
263,KILLYLUG,1,16,4,4,1,0,ongoing,9600,1200.000,74971,19079,74970,19079,17101,103253,35,14,35,22,26,6,0,0,75,32,0,1,108,0,1521,9480,0,0,0,22,0,225,225,399,2700,866fbf97a14a26de44b492a0c3d1d3969f8a1a28fe5034956cd5922e4135bf39,0,0,0,0,1,21,0,0,0,0,0,0,0,0,26,6,35,14,1,2,25,232,74971,26446,45,8,35,22,1,3,25,232
263,KILLYLUG,1,16,4,4,1,1,ongoing,9600,1200.000,8340,128667,8340,128667,49578,38342,18,64,21,64,1,21,0,0,32,97,1,0,130,0,2681,9261,0,0,0,21,0,225,225,399,2700,352c2e25bbf97068bd4ce62962f3b18a4a713c55cf5329884577650829e52527,0,0,0,0,20,1,0,0,0,0,0,0,0,0,1,21,18,64,0,1,179,51,24001,128667,9,26,21,64,4,1,179,51
264,EOAOXHILL,1,16,4,4,1,0,ongoing,9600,1200.000,184208,5862,184208,5861,201331,14733,50,12,50,22,57,1,0,0,129,24,8,1,162,0,1399,9098,0,0,0,24,0,225,225,399,2700,cb911f39ee0944900e272a3af206cb323c0b8eab91fb910c93f48deeea6b9309,0,0,0,0,5,19,0,0,0,0,0,0,0,0,57,1,50,12,1,0,80,148,184208,24853,60,13,50,22,1,3,80,148
264,EOAOXHILL,1,16,4,4,1,1,ongoing,9600,1200.000,8417,81981,8417,81981,97085,46730,12,28,24,29,5,86,0,0,30,141,2,0,173,0,2457,9111,0,0,0,27,0,225,225,399,2700,af4904e9822bc3ce056b06bec9959fba4092d42579cc5cd843b45a70d34829c3,0,0,0,0,22,5,0,0,0,0,0,0,0,0,5,86,12,28,0,1,258,40,28157,81981,14,87,24,29,4,1,258,40
265,BUREAMET,3,16,11,32,1,0,loss,2192,274.000,0,17040,0,17040,-250,4538,0,0,4,22,0,0,0,0,0,1,68,0,69,1913,1913,1913,0,0,0,0,1,45,270,399,2700,a6487a03c20cbb16edd7f98e75db9afbbe12cdbd3cb34e7e6c38f22410b4ddd2,0,0,0,0,0,0,0,0,0,0,0,1,0,0,0,0,0,0,0,0,0,3,6814,26548,23,14,4,22,0,0,0,3
265,BUREAMET,3,16,11,32,1,1,win,6523,815.375,0,24112,0,24112,-250,16089,0,0,27,23,0,0,0,0,0,1,34,0,35,6265,1777,6265,0,32,0,0,1,45,270,399,2700,4bf545dc937f10a0c4204a2c61cff48a4e91fbd945afbdc9b3ec21e1bc9a6cae,0,0,0,0,0,0,32,0,0,0,0,1,0,0,0,0,0,0,0,0,240,90,40862,45894,28,78,27,23,0,0,240,90
266,MORIKEED,3,16,11,32,1,0,loss,2154,269.250,0,23634,0,23634,-250,4424,0,0,0,22,0,0,0,0,0,1,42,0,43,1785,1785,1785,0,0,0,0,1,45,270,399,2700,0b447f1792b44b2d962ff38aaab319d79f2d2cd97842b904780218cbbb23b1ed,0,0,0,0,0,0,0,0,0,0,0,1,0,0,0,0,0,0,0,0,0,2,4117,26999,23,11,0,22,0,0,0,2
266,MORIKEED,3,16,11,32,1,1,win,3956,494.500,0,32619,0,32619,5522,4980,0,0,13,19,0,0,0,0,0,3,134,0,137,3681,2737,3681,0,2,0,0,1,45,270,399,2700,73de8483210487ff395669bd60ed0549d73708dde51ca1bf22ade34365d44417,0,0,1,0,0,0,2,0,0,0,0,1,0,0,0,0,0,0,0,0,23,27,14079,53626,21,63,14,19,0,0,23,27
267,NIMOGOHAM,3,16,11,32,1,0,loss,1709,213.625,0,21310,0,21310,-250,7245,0,0,2,27,0,0,0,0,0,2,40,0,42,1457,1257,1457,1,0,0,0,1,45,270,399,2700,3654d1d8a5d108808ea62b45e81110f435f2d19a0884f473b5cf3b1f42ed9451,1,0,0,0,0,0,0,0,0,0,0,1,0,0,0,0,0,0,0,0,0,3,3389,25071,12,6,2,27,0,0,0,3
267,NIMOGOHAM,3,16,11,32,1,1,win,3887,485.875,0,17924,0,17924,1307,4636,0,0,16,28,0,0,0,0,0,1,58,0,59,3609,1593,3609,12,5,0,0,1,45,270,399,2700,1d4192b3a124187eea7ee8ed8709e22b361b2cc81ef374634c0f357d8873e0d2,12,0,1,0,0,0,5,0,0,0,0,1,0,0,0,0,0,0,0,0,60,21,16961,63647,19,98,16,28,0,0,60,21
268,BILOORD,3,16,11,32,1,0,loss,1668,208.500,0,20843,0,20843,-250,4761,0,0,1,27,0,0,0,0,0,1,31,0,32,1441,739,1441,2,0,0,0,1,45,270,399,2700,eb154d233b01679bf91cc152371cbc902078076f2ced96cf02ae8e01ae862cfa,2,0,0,0,0,0,0,0,0,0,0,1,0,0,0,0,0,0,0,0,0,1,1823,24787,1,11,1,27,0,0,0,1
268,BILOORD,3,16,11,32,1,1,win,4286,535.750,0,29557,0,29557,-250,16588,0,0,23,25,0,0,0,0,0,1,17,0,18,4033,889,4033,13,12,0,0,1,45,270,399,2700,4a88cf0444f7012d6e8eb5f31d8ab1b40b91995393c901d05feba0d4a7b51d16,13,0,3,0,0,0,12,0,0,0,0,1,0,0,0,0,0,0,0,0,115,73,28406,47062,29,56,23,25,0,0,115,73
269,RINGDECON,3,16,11,32,1,0,loss,2045,255.625,0,20426,0,20426,-187,4265,0,0,1,24,0,0,0,0,0,1,46,0,47,1657,1161,1657,1,0,0,0,1,45,270,399,2700,ec374ada7983c595d60131305874696593bc1248466330e38df238fbeeac8449,1,0,0,0,0,0,0,0,0,0,0,1,0,0,0,0,0,0,0,0,0,1,1793,25622,1,15,1,24,0,0,0,1
269,RINGDECON,3,16,11,32,1,1,win,5259,657.375,0,8399,0,8399,-46,16443,0,0,27,30,0,0,0,0,0,1,115,0,116,5019,1209,5019,0,31,0,0,1,45,270,399,2700,92a6b01a267046250afc1a212bd72152a5ebcab4ea1f14713b240d8637f05e35,0,0,1,0,0,0,31,0,0,0,0,1,0,0,0,0,0,0,0,0,68,51,39819,42453,15,61,27,30,0,0,68,51
270,WEAVDIILL,2,18,61,6,1,0,ongoing,9600,1200.000,28438,80058,28437,80058,1113,25946,16,52,20,52,33,7,0,0,57,79,3,1,140,0,5465,9240,0,0,0,11,0,45,45,399,2700,6424e4f540a6f840a25ed86167d35f1d84284edf001d5d8691869ed942d46ffa,0,0,0,1,0,11,0,0,0,0,0,0,0,0,33,8,16,51,0,1,13,94,31374,80058,42,14,20,52,0,4,13,94
270,WEAVDIILL,2,18,61,6,1,1,loss,6362,795.250,93926,1,93926,0,5458,-250,47,0,47,6,5,0,0,0,72,0,7,1,80,0,2529,6109,5,4,0,3,0,45,45,399,2700,8756823225dc9b4c7b62f8be1b90a0e0320b15e809391ea37d62c021af3a3b0c,5,0,0,0,3,0,4,0,0,0,0,0,0,0,5,0,47,0,1,0,50,0,93986,5751,20,16,47,6,2,0,50,0
271,ALPKOPTORY,2,18,61,6,1,0,loss,2733,341.625,1,18916,0,18916,146,6583,0,20,1,20,0,6,0,0,0,35,4,1,40,0,2273,2273,0,0,0,1,0,45,45,399,2700,837a4ba7a06ae4b105dd3a937deeed7fa48eae908cc54a4c81520ec2b0d84f59,0,0,0,0,0,1,0,0,0,0,0,0,0,0,0,6,0,20,0,1,0,1,2796,21366,1,11,1,20,0,1,0,1
271,ALPKOPTORY,2,18,61,6,1,1,loss,3582,447.750,25909,1,25909,0,6230,922,30,0,30,2,1,0,0,0,43,0,0,1,44,0,3401,3401,0,0,0,1,0,45,45,399,2700,421e8bf26f27f5af5eacaeeaa66062fc50d21bb4108882780f7f3fb1dcd240ae,0,0,0,0,1,0,0,0,0,0,0,0,0,0,1,0,30,0,1,0,2,0,27793,4558,10,1,30,2,1,0,2,0
272,BADQAZEND,2,18,61,6,1,0,ongoing,9600,1200.000,13010,50838,13009,50838,-187,15680,5,31,10,31,5,8,0,0,11,57,8,1,77,0,4449,9443,4,0,0,8,0,45,45,399,2700,10dfcc6e529df00b12195961fc6e3c5c9839994346c00c3dc60435e2a72a7fb3,4,0,0,1,0,8,0,0,0,0,0,0,0,0,5,8,5,31,0,2,6,59,13189,50838,26,19,10,31,0,3,6,59
272,BADQAZEND,2,18,61,6,1,1,ongoing,9600,1200.000,63359,14274,63359,14274,3094,160,27,11,35,12,6,26,0,0,48,40,28,0,116,0,2977,9558,8,3,0,9,0,45,45,399,2700,b91b041917413a39682f8a017c94d77f5a9e2def2acf0fc270be6bdd28136479,8,0,0,2,9,0,3,0,0,0,0,0,0,0,6,26,27,11,3,0,109,8,63359,17387,13,56,35,12,3,0,109,8
273,IMMEED,2,18,61,6,1,0,loss,3769,471.125,1,43447,0,43447,-250,12424,0,36,6,36,0,1,0,0,0,55,3,1,59,0,2497,2497,0,0,0,1,0,45,45,399,2700,2a28960987a1030145aae2f156002a7f30c552ea7d76f624aacf149dc82f6651,0,0,0,1,0,1,0,0,0,0,0,0,0,0,0,1,0,36,0,1,0,14,4341,43473,9,10,6,36,0,1,0,14
273,IMMEED,2,18,61,6,1,1,ongoing,9600,1200.000,19571,110197,19571,110195,1857,2337,11,51,41,51,10,49,0,0,39,114,16,2,171,0,2177,9513,14,6,0,12,0,45,45,399,2700,9f91251634f11c03c66733a99479bc2d437238225ea30aeb803a65aac14d6cbf,14,0,0,3,12,0,6,0,0,0,0,0,0,0,10,49,11,51,2,0,154,76,53139,110197,18,67,41,51,3,0,154,76
274,HOBGBHAM,2,18,61,6,1,0,loss,4175,521.875,1,25772,0,25772,-250,3675,0,26,6,26,0,2,0,0,0,42,7,1,50,0,3241,3777,0,0,0,2,0,45,45,399,2700,47084231efe2baca5f8cdb4e352e4cfaad6d91ff3d3a9851553952c015566810,0,0,0,1,0,2,0,0,0,0,0,0,0,0,0,2,0,26,0,1,0,12,6144,25955,6,10,6,26,0,2,0,12
274,HOBGBHAM,2,18,61,6,1,1,loss,3490,436.250,27776,1,27776,0,6871,-250,28,0,28,0,3,0,0,0,42,0,5,1,48,0,2321,3185,1,0,0,1,0,45,45,399,2700,fc46e3959e65f3a195de6f00c19b740c7dfc2d0630d751bab1b7b108c9f1248e,1,0,0,0,1,0,0,0,0,0,0,0,0,0,3,0,28,0,1,0,7,0,27820,682,8,5,28,0,1,0,7,0
275,BUGINOND,3,18,61,6,1,0,ongoing,9600,1200.000,59475,45429,59474,45429,4413,777737,32,2,36,42,25,23,0,0,72,46,8,1,127,0,1354,9553,75,0,0,44,0,135,270,399,2700,3c440764a5867b935098ed8f8b1a9332db466a4ec7e73b5be58747c462c33b03,75,0,0,1,0,44,0,0,0,0,0,0,0,0,25,23,32,2,0,5,30,588,59475,110107,57,34,36,42,0,7,30,588
275,BUGINOND,3,18,61,6,1,1,win,8067,1008.375,1,235753,0,235753,-250,257862,0,66,24,66,0,53,0,0,0,156,25,1,182,0,953,6777,28,14,0,13,0,135,270,399,2700,94f86c368a588d1dd475c18bc4efaf9fd5a960e370b648b3034d1c558bcb8a21,28,0,0,90,9,4,14,0,0,0,0,0,0,0,0,53,0,66,0,1,44,122,31081,235839,30,65,24,66,4,1,44,122
276,SHADSODLOW,3,18,61,6,1,0,win,4465,558.125,15930,0,15930,0,2761,140542,0,0,33,31,0,0,0,0,4,0,121,0,125,4217,721,4217,53,0,0,9,1,135,270,399,2700,29a79cd19d0fce4ea29a16db9864c6eb501393690b694f9985cd653482078611,53,0,0,7,0,9,0,0,0,0,1,0,0,0,0,0,0,0,0,0,6,34,69147,46674,30,30,33,32,0,3,6,34
276,SHADSODLOW,3,18,61,6,1,1,loss,6381,797.625,140214,2,140214,0,4678,-250,40,0,54,6,8,0,0,0,76,0,60,2,138,0,697,6353,62,63,0,13,0,135,270,399,2700,88cb1b028c4ee89dda22d6cff6f3f072ffbe34cae08329d70311eb4141911d8e,62,0,0,0,13,0,63,0,0,0,0,0,0,0,8,0,40,0,2,0,432,15,144154,9966,16,65,54,6,6,0,432,15
277,CORYILL,3,18,61,6,1,0,win,7067,883.375,27786,0,27786,0,18808,410660,0,0,46,30,0,0,0,0,4,0,100,0,104,6857,1204,6857,49,0,0,24,1,135,270,399,2700,b8c315f8c9ca3cfc24a0e8f1e4be163ee6655f6a65c6bef69d408c319c670543,49,0,0,1,1,23,0,0,0,0,1,0,0,0,0,0,0,0,0,0,21,280,74902,50212,41,30,46,30,1,5,21,280
277,CORYILL,3,18,61,6,1,1,win,8083,1010.375,0,82288,0,82288,-250,64941,0,34,34,35,0,85,0,0,0,173,34,0,207,0,1129,7832,0,49,0,20,0,135,270,399,2700,6a10105baddc6a1322bd9c238fe31a95c8935c4f5a4c58848a3cf179dbba1888,0,0,0,23,14,6,49,0,0,0,0,0,0,0,0,85,0,34,0,1,562,63,54712,82418,21,97,34,35,7,1,562,63
278,BINOXTORY,3,18,61,6,1,0,ongoing,9600,1200.000,19865,107065,19863,107065,304,1095911,18,41,24,47,11,10,0,0,34,77,23,2,136,0,1289,9527,19,0,0,38,0,135,270,399,2700,db76c1ad6f12667f7c1a541576151b559fce29f6cc143dabf1f8a894601053c3,19,0,0,1,0,38,0,0,0,0,0,0,0,0,11,10,18,41,0,4,12,676,27525,124858,54,17,24,47,0,7,12,676
278,BINOXTORY,3,18,61,6,1,1,loss,9186,1148.250,155756,0,155756,0,5857,-250,48,0,50,12,3,0,0,0,70,0,37,0,107,0,945,9161,115,58,0,23,0,135,270,399,2700,f461893ac96dc32e2bcee3ccd4309ee08011f4d5453420301d9932c9b9bd20b1,115,0,0,3,23,0,58,0,0,0,0,0,0,0,3,0,48,0,3,0,536,18,161610,15949,18,55,50,12,5,0,536,18
279,SADEAEND,3,18,61,6,1,0,ongoing,9600,1200.000,73138,51241,73137,51241,25219,1053572,38,24,40,55,60,7,0,0,130,43,3,1,177,0,609,9397,44,0,0,36,0,135,270,399,2700,c942d1ac67c2ffe8ecfaaa50f085c01b3a7cdf97aefb34e233496608a2694a60,44,0,0,2,1,35,0,0,0,0,0,0,0,0,60,7,38,24,1,2,7,435,73138,181955,68,41,40,55,1,6,7,435
279,SADEAEND,3,18,61,6,1,1,ongoing,9600,1200.000,6660,202776,6660,202776,485,411833,0,48,31,48,0,75,0,0,1,185,4,0,190,0,665,7289,34,33,0,17,0,135,270,399,2700,d9911aa8aa71651df829105ae9f884d0eba9a206ccdf4feb3ca560a40fb79cff,34,0,0,52,12,5,33,0,0,0,0,0,0,0,0,75,0,48,1,1,404,72,50929,211542,20,88,31,48,5,1,404,72
280,LOWIKEME,1,18,61,6,1,0,ongoing,9600,1200.000,132927,40879,132927,40879,28964,228274,66,29,66,50,54,7,0,0,138,48,15,0,201,0,1953,9114,23,0,0,32,0,135,135,399,2700,33947d6e85f889f572f307ef63ffdbda4ec53a7e61def8c5b5c743aa61f7ecbb,23,0,0,3,2,30,0,0,0,0,0,0,0,0,54,7,66,29,1,2,64,455,132927,113929,65,28,66,50,1,8,64,455
280,LOWIKEME,1,18,61,6,1,1,ongoing,9600,1200.000,412,271136,412,271136,0,16048,0,68,35,68,8,85,0,0,8,191,8,0,207,0,2153,8968,11,5,0,17,0,135,135,399,2700,fe281b221f59322075e19b79d668b460e91f541a76f613b970de6ead154bef7f,11,0,0,47,10,7,5,0,0,0,0,0,0,0,8,85,0,68,0,1,94,99,49012,271136,31,94,35,68,3,1,94,99
281,QAZOGOOLD,1,18,61,6,1,0,ongoing,9600,1200.000,146404,58491,146404,58491,26757,219404,65,29,65,55,54,8,0,0,137,50,8,0,195,0,1273,9466,24,0,0,27,0,135,135,399,2700,979cc2fec5802329e66e9aa6bb2b62bb4320c0897d593ed90fd52faac801022d,24,0,0,1,2,25,0,0,0,0,0,0,0,0,54,8,65,29,1,1,40,337,146404,124868,65,18,65,55,1,6,40,337
281,QAZOGOOLD,1,18,61,6,1,1,ongoing,9600,1200.000,67285,58741,67285,58740,7657,29349,9,22,53,29,12,126,0,0,34,173,0,1,208,0,1337,9262,18,18,0,16,0,135,135,399,2700,d92c7cc1cb19d111dca163cc44d58ce29b86c25ab8e84dc56076f215b8cf0229,18,0,0,0,16,0,18,0,0,0,0,0,0,0,12,126,9,22,2,0,385,67,124664,58741,21,129,53,29,5,0,385,67
282,VERYUOND,1,18,61,6,1,0,loss,3309,413.625,1,47179,0,47179,-250,13521,0,39,4,39,0,8,0,0,0,60,0,1,61,0,1465,3012,2,0,0,4,0,135,135,399,2700,0b2ad61b27051c3607e057af74ea0aef5fb1cc7498c3a562977c6a80ae291eae,2,0,0,1,0,4,0,0,0,0,0,0,0,0,0,8,0,39,0,1,2,4,6379,48854,3,21,4,39,0,2,2,4
282,VERYUOND,1,18,61,6,1,1,ongoing,9600,1200.000,67778,29493,67778,29492,2524,164,37,18,40,25,2,49,0,0,57,78,14,1,150,0,2913,9555,0,19,0,18,0,135,135,399,2700,3a1355e3b0c03a0f729e2ab6822095a07b6e1c1659d3384f6d4ea2ef458a65bc,0,0,0,3,17,1,19,0,0,0,0,0,0,0,2,49,37,18,4,0,389,28,85255,29493,15,70,40,25,6,1,389,28
283,MINDELOW,1,18,61,6,1,0,ongoing,9600,1200.000,101954,64536,101953,64536,2984,276927,61,31,63,53,15,7,0,0,87,58,34,1,180,0,1897,9411,10,0,0,32,0,135,135,399,2700,d41875fc470414fafcd856db3981a3dc6af8538b2be969f837ead98a42215e51,10,0,0,4,0,32,0,0,0,0,0,0,0,0,15,7,61,31,0,4,29,385,102686,130646,56,16,63,53,0,7,29,385
283,MINDELOW,1,18,61,6,1,1,loss,3430,428.750,39239,1,39239,0,9947,-250,33,0,33,5,12,0,0,0,63,0,3,1,67,0,2281,3204,0,2,0,2,0,135,135,399,2700,0ea6e7f5534907dbe6feedcac0456b09eb7b897f546253804b831947f80b8efb,0,0,0,1,2,0,2,0,0,0,0,0,0,0,13,0,33,0,1,0,13,0,39940,6455,17,8,33,5,2,0,13,0
284,HAMDIICK,1,18,61,6,1,0,loss,5108,638.500,2,99887,0,99887,-250,40323,0,48,4,48,0,4,0,0,0,68,11,2,81,0,1825,4799,1,0,0,12,0,135,135,399,2700,b604f21c9d54ed88a54d3853274d300255d462a72d171a584cdf2689f00cf438,1,0,0,1,0,12,0,0,0,0,0,0,0,0,0,4,0,48,0,1,1,119,7778,100017,29,10,4,48,0,5,1,119
284,HAMDIICK,1,18,61,6,1,1,ongoing,9600,1200.000,45425,122053,45425,122053,4225,24308,18,38,39,44,8,101,0,0,40,168,0,0,208,0,1817,9435,34,16,0,6,0,135,135,399,2700,9ffbd7e2e1d294cea7132911f27731715674a7933b8e8e1e14ab7fc2a6d5df20,34,0,0,5,3,3,16,0,0,0,0,0,0,0,8,101,18,39,1,1,159,124,96357,122053,20,108,39,44,2,1,159,124
285,FUTKOPHOLE,1,16,56,1,3,0,win,8858,1107.250,31358,0,31358,0,18334,-250,0,0,43,33,0,0,2621,2502,1,0,108,0,109,8611,1777,8611,86,2,0,0,1,135,45,399,2700,7daf16f478595478c22343edd2390b37f036874d71c05e745aaac9518a96d647,0,86,0,0,0,0,2,0,0,0,1,0,0,0,0,0,0,0,0,0,115,206,86525,56749,114,24,43,33,0,0,115,206
285,FUTKOPHOLE,1,16,56,1,3,1,loss,5908,738.500,92030,0,92030,0,7262,-250,42,0,42,2,23,0,1737,542,81,0,8,0,89,0,993,5722,1,9,0,0,0,135,45,399,2700,100132f01e1625992390ec2bcbbf8d80171faae68525a851bcadc2558711580f,0,1,0,0,0,0,9,0,0,0,0,0,0,0,23,0,42,0,0,0,53,3,92127,5699,25,30,42,2,0,0,53,3
286,SUZQAZLAS,1,16,56,1,3,0,win,6416,802.000,38542,0,38542,0,20861,-250,0,0,51,23,0,0,1695,1842,2,0,193,0,195,6193,1417,6193,38,3,0,0,1,135,45,399,2700,3aade9236030675aa78f1bd257cc6b5ffb705ecc9c8005a5b4d76f631032f55b,0,38,0,0,0,0,3,0,0,0,1,0,0,0,0,0,0,0,0,0,68,81,123836,29872,106,25,51,23,0,0,68,81
286,SUZQAZLAS,1,16,56,1,3,1,win,9433,1179.125,0,81132,0,81132,-250,6160,0,27,21,27,0,97,3207,2710,0,158,13,0,171,0,2050,9355,54,12,0,0,0,135,45,399,2700,c384bd36a062ebc124e78df44fc861cb2e85d12f97c917bb7eaf2eb43c04b167,0,54,0,0,0,0,12,0,0,0,0,0,0,0,0,97,0,27,0,0,85,63,31500,81158,29,105,21,27,0,0,85,63
287,DOUEME,1,16,56,1,3,0,win,6488,811.000,30480,0,30480,0,7198,-250,0,0,28,12,0,0,1701,1632,1,0,124,0,125,6193,793,6193,14,0,0,0,1,135,45,399,2700,54fe45ac7eeb57f3d00b77d34a347f0f50eb2fd00f0dfaf7cfc3091f8ce33760,0,14,0,0,0,0,0,0,0,0,1,0,0,0,0,0,0,0,0,0,41,34,81259,16285,64,24,28,12,0,0,41,34
287,DOUEME,1,16,56,1,3,1,ongoing,9600,1200.000,43722,26950,43722,26950,6282,2229,7,18,27,19,19,67,2941,2065,37,104,2,0,143,0,775,9538,8,19,0,0,0,135,45,399,2700,25ab9542cd53cb4e89d58e7bd96c0f8a39128c84b3cd765baefb6c29850e1786,0,8,0,0,0,0,19,0,0,0,0,0,0,0,19,67,7,18,0,0,134,67,65287,26950,22,73,27,19,0,0,134,67
288,SHIGBOLD,1,16,56,1,3,0,win,6269,783.625,13537,0,13537,0,19495,-250,0,0,24,22,0,0,1416,1637,2,0,150,0,152,6058,1033,6058,21,3,0,0,1,135,45,399,2700,9743143c86b38257579ebc3ebc108c757d727feb00468d9bed98ba6095236094,0,21,0,0,0,0,3,0,0,0,1,0,0,0,0,0,0,0,0,0,38,47,47026,28261,95,29,24,22,0,0,38,47
288,SHIGBOLD,1,16,56,1,3,1,win,6573,821.625,0,51520,0,51520,-250,4286,0,9,8,14,0,63,2219,1101,0,91,13,0,104,0,1855,6479,46,1,0,0,0,135,45,399,2700,2d10a1e568da56ad8ba420a70f7f79090aeb2e71e61596926580757fb13bc2bc,0,46,0,0,0,0,1,0,0,0,0,0,0,0,0,63,0,9,0,0,2,60,11174,51684,28,63,8,14,0,0,2,60
289,HURTASBOY,1,16,56,1,3,0,win,7201,900.125,49582,0,49582,0,7720,-250,0,0,42,24,0,0,1653,2162,4,0,160,0,164,6985,1225,6985,50,4,0,0,1,135,45,399,2700,17b3e7cc7e7d8aded205cf8ffe1b2aa58391a117a4b89e2463f52df42a063e17,0,50,0,0,0,0,4,0,0,0,1,0,0,0,0,0,0,0,0,0,51,106,98776,41796,95,16,42,24,0,0,51,106
289,HURTASBOY,1,16,56,1,3,1,ongoing,9600,1200.000,48611,24858,48611,24858,9407,-177,12,8,37,16,15,66,2737,2175,38,96,5,0,139,0,761,9502,8,24,0,0,0,135,45,399,2700,27a2e5cbb158cb483da18d65acb6ae7b3f5a9dc31b527d93202069df43f3413f,0,8,0,0,0,0,24,0,0,0,0,0,0,0,15,66,12,8,0,0,140,27,97021,26244,19,69,37,16,0,0,140,27
290,JOSSODDOR,2,16,56,2,1,0,ongoing,9600,1200.000,42349,92586,42349,92586,2679,167101,24,43,25,53,28,1,0,0,58,59,4,0,121,0,0,0,0,0,0,0,0,315,405,399,2700,ce05ef26c93040bc10983361cef17ca1ef634ba2b8ebcd6396e9a9a11b0d3494,0,0,0,0,0,0,0,0,0,0,0,0,0,0,28,1,24,43,0,0,6,43,42349,126656,34,7,25,53,0,0,6,43
290,JOSSODDOR,2,16,56,2,1,1,ongoing,9600,1200.000,4173,125297,4173,125297,998,17768,6,48,34,48,2,59,0,0,15,121,9,0,145,0,3761,7541,0,5,0,0,0,315,405,399,2700,759956c2aa802f89dc73f28978de8f0d711d08888d56c78a09ccb4a272081b3d,0,0,0,20,0,0,5,0,0,0,0,0,0,0,2,59,6,48,0,0,35,46,43878,125297,16,68,34,48,0,0,35,46
291,TIMYICK,2,16,56,2,1,0,ongoing,9600,1200.000,40178,125381,40178,125381,1216,166443,28,54,28,57,27,7,0,0,61,82,5,0,148,0,5209,5209,0,1,0,0,0,315,405,399,2700,5f8018974c8222e50f7ba95c422487a901ae2d343aad7c4df96ad2e5d5e91328,0,0,0,0,0,0,1,0,0,0,0,0,0,0,27,7,28,54,0,0,23,51,48097,140315,42,14,28,57,0,0,23,51
291,TIMYICK,2,16,56,2,1,1,ongoing,9600,1200.000,48485,45299,48485,45299,6068,1942,18,22,35,23,5,74,0,0,39,114,1,0,154,0,4113,9241,0,9,0,0,0,315,405,399,2700,b16f93b40188f534f18c6141247e9d93fa1510d08659e8f86d4f18460661568c,0,0,0,10,0,0,9,0,0,0,0,0,0,0,5,74,18,22,0,0,55,14,71713,45301,14,79,35,23,0,0,55,14
292,CALOXHOLE,2,16,56,2,1,0,win,8771,1096.375,30205,0,30205,0,4763,102849,0,0,28,31,0,0,0,0,2,0,175,0,177,8512,3833,8512,0,4,0,0,1,315,405,399,2700,97adc49f19b7f898da8b68358459a1d2b8dff8cf82cd94f9d45769472ced724f,0,0,0,0,0,0,4,0,0,0,1,0,0,0,0,0,0,0,0,0,50,79,62458,35815,116,9,28,31,0,0,50,79
292,CALOXHOLE,2,16,56,2,1,1,ongoing,9600,1200.000,82371,6835,82371,6835,1244,3376,43,2,43,11,6,52,0,0,64,61,4,0,129,0,3025,9537,0,15,0,0,0,315,405,399,2700,7f5a10bd751a4eb381e0f789df81fff6c2ecff97a9e4021861b8e395ee632ce7,0,0,0,1,0,0,15,0,0,0,0,0,0,0,6,52,43,2,0,0,54,10,88034,25787,14,58,43,11,0,0,54,10
293,SCOEALAS,2,16,56,2,1,0,ongoing,9600,1200.000,33027,109176,33027,109176,1939,202449,24,58,25,60,53,7,0,0,80,83,30,0,193,0,4801,8289,0,3,0,0,0,315,405,399,2700,54ecf63714c503fcfd55d8328e0267a1a2a8e279ffc9951c0149a600069e6071,0,0,0,0,0,0,3,0,0,0,0,0,0,0,53,7,24,58,0,0,57,134,33027,128200,81,17,25,60,0,0,57,134
293,SCOEALAS,2,16,56,2,1,1,ongoing,9600,1200.000,12079,43477,12079,43477,6206,3864,12,18,35,20,7,98,0,0,26,131,4,0,161,0,2923,8196,0,9,0,0,0,315,405,399,2700,920d0388e8d87f8aa0c8a43ba3995cdc1fef39f8e8a6377737fd9aed8c2e87a9,0,0,0,14,0,0,9,0,0,0,0,0,0,0,7,98,12,18,0,0,80,37,54452,43696,17,99,35,20,0,0,80,37
294,SWAIKEAL,2,16,56,2,1,0,ongoing,9600,1200.000,109768,62405,109768,62405,4705,151653,47,28,47,52,23,4,0,0,76,49,0,0,125,0,8761,8761,0,1,0,0,0,315,405,399,2700,53167fb511d4f63d2f7fd0b80d68f8fc458c1979e54d6c162405f75a979009ef,0,0,0,0,0,0,1,0,0,0,0,0,0,0,23,4,47,28,0,0,64,59,109768,116185,25,12,47,52,0,0,64,59
294,SWAIKEAL,2,16,56,2,1,1,ongoing,9600,1200.000,2496,126894,2496,126894,30,52403,5,48,20,48,4,61,0,0,14,121,5,0,140,0,3514,8151,0,5,0,0,0,315,405,399,2700,9721f0bb6093d053c0b2c4303a02198dde719106eba3e50941859a35d1aed699,0,0,0,4,0,0,5,0,0,0,0,0,0,0,4,61,5,48,0,0,64,81,34789,126894,14,75,20,48,0,0,64,81
295,KILLQUEPIL,0,16,8,8,1,0,ongoing,9600,1200.000,63794,35859,63794,35859,8244,3500,26,0,26,55,99,3,0,0,162,8,15,0,185,0,1401,9473,0,81,0,0,0,45,45,399,2700,0d22e2db780f192a97809f54a0c4f424858a09b9e495582f9a3ed54224970178,0,0,0,0,0,0,7,74,0,0,0,0,0,0,99,3,26,0,0,0,48,191,63794,81767,103,17,26,55,0,0,48,191
295,KILLQUEPIL,0,16,8,8,1,1,loss,6151,768.875,97974,0,97974,0,7747,-119,62,0,62,2,14,0,0,0,98,0,3,0,101,0,2289,6101,0,42,0,0,0,45,45,399,2700,fb57b057746c23f3561f7271e44a65f03c48a3685b4482f2e6a5277621042f8e,0,0,0,0,0,0,42,0,0,0,0,0,0,0,14,0,62,0,0,0,60,2,98000,2864,19,20,62,2,0,0,60,2
296,EOAUBOY,0,16,8,8,1,0,ongoing,9600,1200.000,104014,9274,104014,9274,9832,1236,29,8,30,25,104,4,0,0,191,16,1,0,208,0,1745,9562,0,55,0,0,0,45,45,399,2700,c34e1932598dc1b878e4ac0fc84025aa31299add1d242d8a385067942e745da3,0,0,0,0,0,0,21,34,0,0,0,0,0,0,104,4,29,8,0,0,135,201,104014,33441,118,19,30,25,0,0,135,201
296,EOAUBOY,0,16,8,8,1,1,ongoing,9600,1200.000,4801,87772,4801,87772,131,5749,5,27,27,27,13,39,0,0,24,100,19,0,143,0,1665,9514,0,45,0,0,0,45,45,399,2700,96992bc2ca3e4c18917e788e9518dbf83f17929b83991ec440d46a7d6c302663,0,0,0,0,0,0,27,18,0,0,0,0,0,0,13,39,5,27,0,0,113,85,44319,87772,20,71,27,27,0,0,113,85
297,BURDEDOR,0,16,8,8,1,0,ongoing,9600,1200.000,5030,86861,5030,86861,-11,4482,0,53,4,62,34,4,0,0,53,76,3,0,132,0,2121,9577,0,89,0,0,0,45,45,399,2700,cf1ccdf4e0062734d460c550718d563da4067a3b067d0a4f09fb9ac2aa946fbb,0,0,0,0,0,0,0,89,0,0,0,0,0,0,34,4,0,53,0,0,20,106,5030,108384,37,18,4,62,0,0,20,106
297,BURDEDOR,0,16,8,8,1,1,ongoing,9600,1200.000,1437,82066,1437,82066,4355,7449,3,19,37,20,2,100,0,0,10,176,19,0,205,0,1641,9435,0,57,0,0,0,45,45,399,2700,cb38b9b2f8224fc8ba68c41ef75207cdeab8bb3a8f07126f103de9b5f2c8ec61,0,0,0,0,0,0,51,6,0,0,0,0,0,0,2,100,3,19,0,0,272,139,43801,82066,14,131,37,20,0,0,272,139
298,MORDIPAL,0,16,8,8,1,0,ongoing,9600,1200.000,3497,118461,3497,118461,17,8391,0,66,3,71,27,9,0,0,35,96,8,0,139,0,2209,9556,0,94,0,0,0,45,45,399,2700,7bb372fa6983e32aee6a6378b49ac32375bfd8548e675f036ed4c6b95b45dee2,0,0,0,0,0,0,0,94,0,0,0,0,0,0,27,9,0,66,0,0,11,68,3966,125783,29,20,3,71,0,0,11,68
298,MORDIPAL,0,16,8,8,1,1,ongoing,9600,1200.000,22448,87141,22448,87141,1467,18850,0,37,46,37,1,106,0,0,6,199,3,0,208,0,1633,9454,0,71,0,0,0,45,45,399,2700,bdd20f46fa2246d804f1e3bc996543803dec0e94d2fbf1ad427da11fe0d11af0,0,0,0,0,0,0,49,22,0,0,0,0,0,0,1,106,0,37,0,0,185,51,52944,87141,28,113,46,37,0,0,185,51
299,NIMKOPPERT,0,16,8,8,1,0,ongoing,9600,1200.000,67,424086,67,424086,1228,686984,0,165,1,165,0,26,0,0,1,207,0,0,208,0,1673,8264,0,94,0,0,0,45,45,399,2700,22ac500d73842800ce08bf2e9887c4e6b1ff9b4b44a8d3a53cafda85b3f63a73,0,0,0,0,0,0,0,94,0,0,0,0,0,0,0,26,0,165,0,0,4,41,5973,424086,22,65,1,165,0,0,4,41
299,NIMKOPPERT,0,16,8,8,1,1,ongoing,9600,1200.000,152819,495,152819,495,5704,-16,72,0,75,4,15,5,0,0,113,8,9,0,130,0,2345,9577,0,102,0,0,0,45,45,399,2700,1bb01f7f42a2d4f9d49e15e10f937da634d558d4ed4ebc8c2f086998177536fe,0,0,0,0,0,0,102,0,0,0,0,0,0,0,15,5,72,0,0,0,78,20,152819,3806,27,23,75,4,0,0,78,20
300,BILQAZOUT,0,4,9,8,2,0,ongoing,9600,1200.000,1116,9545,1116,9545,2799,2166,0,0,0,0,7,13,2,2,13,22,4,0,39,0,4803,8425,1,1,0,0,0,540,540,399,2700,8486041b08ddc6b61755881185d543fd52c2dce51c3602fe482ad0db06388904,1,0,0,0,0,0,0,1,0,0,0,0,0,0,7,13,0,0,0,0,10,9,1205,9545,11,14,0,0,0,0,10,9
300,BILQAZOUT,0,4,9,8,2,1,ongoing,9600,1200.000,1249,13405,1249,13405,3099,12989,0,0,0,0,11,17,2,1,19,28,0,0,47,0,4805,4805,1,0,0,0,0,540,540,399,2700,232e9d0e0b049ce60aed726c6258a60491a35939adb1530dc0edf140a18507f4,1,0,0,0,0,0,0,0,0,0,0,0,0,0,11,17,0,0,0,0,12,9,1253,13405,12,17,0,0,0,0,12,9
301,RINGIAL,0,4,9,8,2,0,ongoing,9600,1200.000,18622,23358,18622,23358,2699,4719,0,0,0,0,31,26,2,2,47,43,6,0,96,0,5203,7353,1,1,0,0,0,540,540,399,2700,f3973df0c408e77351d89cea73a8abb6c078bd33bc11c21e078a8047393c74cc,1,0,0,0,0,0,0,1,0,0,0,0,0,0,31,26,0,0,0,0,0,0,18622,23358,35,26,0,0,0,0,0,0
301,RINGIAL,0,4,9,8,2,1,ongoing,9600,1200.000,22960,22230,22960,22230,1899,2538,0,0,0,0,36,29,7,2,57,45,1,0,103,0,6805,8433,1,1,0,0,0,540,540,399,2700,da529bc975d96352da8192e81a868173c0d9ebdafa0f0f3559cb625eae0d0a60,1,0,0,0,0,0,0,1,0,0,0,0,0,0,36,29,0,0,0,0,0,0,22960,22230,36,29,0,0,0,0,0,0
302,WEAVCEPIL,0,4,9,8,2,0,ongoing,9600,1200.000,29122,5182,29122,5182,2134,409,0,0,0,0,84,24,9,50,122,34,5,0,161,0,3086,9361,12,0,0,0,0,540,540,399,2700,1a1f92dcb3b2b62ec85a60345f9b4ecb36b721b01319e951229e1b249dde7ea3,12,0,0,0,0,0,0,0,0,0,0,0,0,0,84,24,0,0,0,0,258,238,29122,10919,84,39,0,0,0,0,258,238
302,WEAVCEPIL,0,4,9,8,2,1,win,6328,791.000,0,25044,0,25044,1182,19778,0,0,0,0,0,87,1,1,0,142,3,0,145,0,0,0,0,0,0,0,0,540,540,399,2700,b9693a9285f9da58ceeccdc1bc867cb428cdadac349f13a10af86368c20fc028,0,0,0,0,0,0,0,0,0,0,0,0,0,0,0,87,0,0,0,0,61,109,6364,25047,34,88,0,0,0,0,61,109
303,ALPASJOB,0,4,9,8,2,0,ongoing,9600,1200.000,9743,30127,9743,30127,1882,7422,0,0,0,0,23,37,2,16,34,53,10,0,97,0,4251,7169,2,1,0,0,0,540,540,399,2700,b23b6883d86bcb8276bba822dcfcc3be24d967e7154e056f2a6ee840712fda11,2,0,0,0,0,0,0,1,0,0,0,0,0,0,23,37,0,0,0,0,48,61,9743,30127,28,39,0,0,0,0,48,61
303,ALPASJOB,0,4,9,8,2,1,ongoing,9600,1200.000,1001,18122,1001,18122,1068,15779,0,0,0,0,8,45,2,1,14,72,3,0,89,0,4293,4293,1,0,0,0,0,540,540,399,2700,3de3e998034dc73c13f80b9c3d334e57a2f26f9331a827ff7d8dcfa747de67f9,1,0,0,0,0,0,0,0,0,0,0,0,0,0,8,45,0,0,0,0,58,108,3468,18227,23,46,0,0,0,0,58,108
304,BADSODLIN,0,4,9,8,2,0,loss,6120,765.000,0,14084,0,14084,-97,708,0,0,0,0,0,43,1,8,0,65,8,0,73,0,2218,5937,1,1,0,0,0,540,540,399,2700,bf4486d4b4f13323e4371895dd99af11f67f89a965849af1e12a31a21c3a0fee,1,0,0,0,0,0,0,1,0,0,0,0,0,0,0,43,0,0,0,0,11,74,1623,14084,12,43,0,0,0,0,11,74
304,BADSODLIN,0,4,9,8,2,1,ongoing,9600,1200.000,67,37862,67,37862,1323,24682,0,0,0,0,1,47,1,1,2,72,5,0,79,0,1800,1800,1,0,0,0,0,540,540,399,2700,799d5d417c9e8975c5e96b653003cb076b133fb8d1db7b1488ca8b07d755e250,1,0,0,0,0,0,0,0,0,0,0,0,0,0,1,47,0,0,0,0,32,65,1649,37862,12,47,0,0,0,0,32,65
305,IMMYPAL,3,16,1,1,3,0,win,7959,994.875,103986,0,103986,0,27037,13,47,0,47,16,87,0,2313,2831,174,0,8,0,182,0,658,7813,190,0,0,0,0,90,180,399,2700,e011aa07162dec6acc79aec5498b1960422ff44d927aba9ba302fa8b818ea6fd,95,95,0,0,0,0,0,0,0,0,0,0,0,0,87,0,47,0,0,0,189,208,104226,31317,89,45,47,16,0,0,189,208
305,IMMYPAL,3,16,1,1,3,1,win,3324,415.500,0,53038,0,53038,-166,5545,0,12,3,12,0,69,899,869,0,109,10,0,119,0,979,3233,34,0,0,0,0,90,180,399,2700,27a60e49f9308690fc17cedf8749ccbc2f289a5232dd1e7a7d05040c58df6300,0,34,0,0,0,0,0,0,0,0,0,0,0,0,0,69,0,12,0,0,12,14,5216,53122,25,69,3,12,0,0,12,14
306,HOBOXPERT,3,16,1,1,3,0,win,5330,666.250,128449,0,128449,0,141589,-250,60,0,60,12,21,0,1533,1886,93,0,28,0,121,0,601,4642,111,0,0,0,0,90,180,399,2700,3caf181ce74d33ecdf6c222abe8f675a6c5444770d0626d961313fb5bc766ad4,86,25,0,0,0,0,0,0,0,0,0,0,0,0,21,0,60,0,0,0,49,82,128485,15667,56,27,60,12,0,0,49,82
306,HOBOXPERT,3,16,1,1,3,1,win,4684,585.500,0,95929,0,95929,-81,16504,0,34,5,34,0,39,1571,1555,0,101,6,0,107,0,1081,4555,90,0,0,0,0,90,180,399,2700,4059eecddd7083d9633a7d69fa107da9b232bc5eb806d599f27524fdecc97b55,3,87,0,0,0,0,0,0,0,0,0,0,0,0,0,39,0,34,0,0,32,15,13323,96033,24,48,5,34,0,0,32,15
307,BUGEAOUT,3,16,1,1,3,0,win,8008,1001.000,268092,0,268092,0,293798,0,40,0,41,11,132,0,1382,2391,208,0,0,0,208,0,753,7893,143,0,0,0,0,90,180,399,2700,31c4c6b85434034260334fc77b31d9bb4b9f7af9d976ddff60d7bfb36554188f,116,27,0,0,0,0,0,0,0,0,0,0,0,0,132,0,40,0,0,0,45,89,268092,17441,133,31,41,11,0,0,45,89
307,BUGEAOUT,3,16,1,1,3,1,ongoing,9600,1200.000,570,75757,570,75757,-201,2030,0,18,14,20,5,29,3470,3110,8,76,86,0,170,0,898,9586,185,0,0,0,0,90,180,399,2700,88e7dd887f8d3495769f4e954294f3bfd7c2b295280584675f356f867d0dab74,26,159,0,0,0,0,0,0,0,0,0,0,0,0,6,29,0,18,0,0,79,167,17429,76899,33,77,14,20,0,0,79,167
308,SHADDIET,3,16,1,1,3,0,ongoing,9600,1200.000,53232,9660,53232,9660,1545,2261,27,0,27,42,86,13,1856,3266,170,29,8,0,207,0,739,9598,370,0,0,0,0,90,180,399,2700,faad2193bafd312ee4061d32758aeab17ac8dea5463c584370dcccd56c0ffec0,29,341,0,0,0,0,0,0,0,0,0,0,0,0,86,13,27,0,0,0,122,263,55765,120628,118,40,27,42,0,0,122,263
308,SHADDIET,3,16,1,1,3,1,win,6693,836.625,0,112324,0,112324,-250,94349,0,20,15,22,0,107,1757,1712,0,185,17,0,202,0,1714,6295,76,0,0,0,0,90,180,399,2700,496278510cf5a04a5334774d4206fafd621ca0175236a0d625ae4c056fab09d9,23,53,0,0,0,0,0,0,0,0,0,0,0,0,0,107,0,20,0,0,82,25,19026,112518,25,120,15,22,0,0,82,25
309,CORQUEBAR,3,16,1,1,3,0,win,5867,733.375,194742,0,194742,0,216293,121,62,0,62,16,59,0,1512,1858,159,0,12,0,171,0,433,4891,149,0,0,0,0,90,180,399,2700,f2a24b5abac56dba502d63b6db8647e62300dd4a3ec2d7b509ba6f52ad25cc24,108,41,0,0,0,0,0,0,0,0,0,0,0,0,59,0,62,0,0,0,37,127,194848,27769,79,28,62,16,0,0,37,127
309,CORQUEBAR,3,16,1,1,3,1,win,6758,844.750,0,171484,0,171484,-79,1099,0,36,2,36,0,83,2321,1343,0,166,10,0,176,0,754,6753,208,0,0,0,0,90,180,399,2700,530a0da242dbbeb52d32fe076cdae95d891f463c609d7a1357a069d43762dd71,1,207,0,0,0,0,0,0,0,0,0,0,0,0,0,83,0,36,0,0,31,44,10328,173005,35,83,2,36,0,0,31,44
310,BINUJOB,1,17,0,0,1,0,ongoing,9600,1200.000,299621,8288,299621,8288,222555,150235,112,19,112,25,27,4,0,0,162,33,0,0,195,0,0,0,0,0,0,0,0,45,225,399,2700,84378eb394b560e991f9f5f3f9a62f73635a6acee97e4cc9d6dced1d9311e618,0,0,0,0,0,0,0,0,0,0,0,0,0,0,27,5,112,19,0,0,198,134,299621,38064,49,16,112,25,0,0,198,134
310,BINUJOB,1,17,0,0,1,1,win,8319,1039.875,0,299278,0,299278,36955,260431,0,97,25,97,0,48,0,0,0,169,6,0,175,0,0,0,0,0,0,0,0,45,225,399,2700,b9a38a0eed319046b2739a5bf42d651ff823405635eea09ab35bf6f64261480e,0,0,0,0,0,0,0,0,0,0,0,0,0,0,0,48,0,97,0,0,41,88,32345,299564,20,53,25,97,0,0,41,88
311,SADDELIN,1,17,0,0,1,0,ongoing,9600,1200.000,119986,6625,119986,6625,85490,172867,48,10,48,30,79,9,0,0,155,35,6,0,196,0,0,0,0,0,0,0,0,45,225,399,2700,e4d8089060f2859a8d8dcda30b09f4a98844bfbef7a6f34ef75f2de034e580ec,0,0,0,0,0,0,0,0,0,0,0,0,0,0,79,9,48,10,0,0,38,60,119986,84847,82,18,48,30,0,0,38,60
311,SADDELIN,1,17,0,0,1,1,ongoing,9600,1200.000,22785,231768,22785,231768,107937,286769,20,44,26,44,5,118,0,0,34,174,0,0,208,0,0,0,0,0,0,0,0,45,225,399,2700,f3cd0f534fedbf8d5a098e2703a36aa5662a68e1c656c0d0eb79e1a8a84b90fb,0,0,0,0,0,0,0,0,0,0,0,0,0,0,5,118,20,44,0,0,87,100,33355,231768,20,125,26,44,0,0,87,100
312,LOWDIDON,1,17,0,0,1,0,ongoing,9600,1200.000,122002,106753,122002,106753,54559,410799,74,45,74,60,27,6,0,0,116,74,3,0,193,0,0,0,0,0,0,0,0,45,225,399,2700,f7b669a3b10f54971864340869cb751574ec4e0841ba16f6c1fb0e56da228c88,0,0,0,0,0,0,0,0,0,0,0,0,0,0,28,6,74,45,0,0,55,117,122002,129782,50,17,74,61,0,0,55,117
312,LOWDIDON,1,17,0,0,1,1,ongoing,9600,1200.000,25933,135763,25933,135763,237433,226367,22,63,45,63,7,58,0,0,46,139,22,0,207,0,0,0,0,0,0,0,0,45,225,399,2700,2f54b1fc6850332c60f646c2374e016f7c8a196d08d8472ce2e36a1ae81038e6,0,0,0,0,0,0,0,0,0,0,0,0,0,0,7,58,22,63,0,0,191,128,84266,135763,22,76,45,63,0,0,191,128
313,QAZKOPMAR,1,17,0,0,1,0,ongoing,9600,1200.000,181592,29887,181592,29887,121288,280843,84,18,84,41,24,11,0,0,127,47,0,0,174,0,0,0,0,0,0,0,0,45,225,399,2700,bf3a41c98a2ce4c4166b1ecee6729293335ce48b3e270f754beaafee9c140c84,0,0,0,0,0,0,0,0,0,0,0,0,0,0,24,11,83,18,0,0,92,103,181592,94255,34,13,84,41,0,0,92,103
313,QAZKOPMAR,1,17,0,0,1,1,win,8704,1088.000,0,155647,0,155647,19695,155501,0,42,19,42,0,72,0,0,0,140,9,0,149,0,0,0,0,0,0,0,0,45,225,399,2700,382cfbb9ce733b272b505934a9f258f535eb1be6feb6f67548ce7c1f5be1793b,0,0,0,0,0,0,0,0,0,0,0,0,0,0,0,72,0,42,0,0,42,98,8658,155647,18,76,20,42,0,0,42,98
314,VERYINGLUG,1,17,0,0,1,0,ongoing,9600,1200.000,244040,9155,244040,9155,169959,232648,72,16,72,36,72,9,0,0,171,37,0,0,208,0,0,0,0,0,0,0,0,45,225,399,2700,03ceeb723eae80cbf80a45f330ae9310cfa85d3b48b8248204fdeb1539a2f333,0,0,0,0,0,0,0,0,0,0,0,0,0,0,72,9,72,16,0,0,112,102,244040,72549,79,16,72,36,0,0,112,102
314,VERYINGLUG,1,17,0,0,1,1,ongoing,9600,1200.000,56103,103170,56103,103170,244646,96059,16,41,47,41,9,106,0,0,35,173,0,0,208,0,0,0,0,0,0,0,0,45,225,399,2700,abf82281c00ec149ee172ecf0c4acdfe95769d17dedf33796a17d1e1ba44476f,0,0,0,0,0,0,0,0,0,0,0,0,0,0,9,106,16,41,0,0,96,54,84509,103170,10,106,48,41,0,0,96,54
315,MINIT,2,16,1,12,4,0,ongoing,9600,1200.000,3326,50053,3325,50053,2848,1371,2,26,10,26,27,1,2060,1721,31,29,41,1,102,0,2241,9529,7,6,0,11,0,450,450,399,2700,e1fa89e86817273ae7b5731baaae628569712e1df5446ad23382cca3114aef5d,7,0,0,0,0,11,0,6,0,0,0,0,0,0,27,1,2,26,0,2,5,178,16357,50053,66,18,10,26,0,5,5,178
315,MINIT,2,16,1,12,4,1,ongoing,9600,1200.000,42045,44340,42045,44340,3489,1997,4,29,30,38,8,83,2178,2227,21,124,16,0,161,0,2077,9561,75,4,0,0,0,450,450,399,2700,872c18a13eb34b7800f61690506103eb685a03877289827e45d404b21bad1759,75,0,0,0,0,0,0,4,0,0,0,0,0,0,8,81,4,29,0,0,147,31,77238,44340,16,91,30,38,0,0,147,31
316,HAMCEBAR,2,16,1,12,4,0,ongoing,9600,1200.000,7719,68404,7719,68404,1888,6728,5,28,6,28,5,5,1357,1808,15,43,4,0,62,0,2011,8961,2,8,0,3,0,450,450,399,2700,81ec06443f55ffeb0b5b5f76ad3df1c7b16906a65bb24b37444d7918c48babc5,2,0,0,0,0,3,0,8,0,0,0,0,0,0,5,5,5,28,0,1,14,86,10474,87515,29,13,6,28,0,2,14,86
316,HAMCEBAR,2,16,1,12,4,1,ongoing,9600,1200.000,7092,127160,7092,127160,902,6965,0,43,19,49,0,47,2215,1833,1,100,6,0,107,0,2049,9329,17,8,0,1,0,450,450,399,2700,c1eb3e8db1e2d020f3865da651ce05bd9f9b15c47659927c8b66b4b0710ac65b,17,0,0,0,0,1,0,8,0,0,0,0,0,0,0,47,0,43,0,0,63,55,55164,141245,19,48,19,49,0,1,63,55
317,FUTASER,2,16,1,12,4,0,ongoing,9600,1200.000,378,71086,378,71086,22,3320,0,33,11,33,6,8,1797,2018,6,45,46,0,97,0,2129,9345,8,8,0,9,0,450,450,399,2700,fbb7fc6e0091662166441d1315539fbbce6b06eb91ece956a246fc7cc8a38337,8,0,0,0,0,9,0,8,0,0,0,0,0,0,6,8,0,33,0,3,9,150,11603,71086,47,21,11,33,0,4,9,150
317,FUTASER,2,16,1,12,4,1,ongoing,9600,1200.000,91,145997,91,145997,-9,20207,0,68,24,68,1,57,2290,2145,2,137,26,0,165,0,2209,9569,35,7,0,6,0,450,450,399,2700,adbccb30a5a765d618fa882f74b0748a4209806c1ef38166073114fb3ef3e66f,35,0,0,0,0,6,0,7,0,0,0,0,0,0,1,57,0,68,0,1,105,51,51785,145997,18,99,24,68,0,1,105,51
318,SUZSODING,2,16,1,12,4,0,ongoing,9600,1200.000,44425,2156,44425,2156,1068,6806,8,0,11,7,55,19,1608,2555,75,23,0,0,98,0,2889,9585,39,2,0,0,0,450,450,399,2700,e426471611403d852d91f23d737e1645b35f59104157ee434519a0162bc160d9,39,0,0,0,0,0,0,2,0,0,0,0,0,0,55,19,8,0,0,0,30,12,44425,7478,56,22,11,7,0,0,30,12
318,SUZSODING,2,16,1,12,4,1,win,7825,978.125,1,103874,0,103874,-250,14934,0,43,8,43,0,33,1790,1695,0,86,3,1,90,0,3881,7249,4,4,0,1,0,450,450,399,2700,b86a2b50c05d6b7082892ba1d65a3269451aa9f352135d331353cbee10f26a25,4,0,0,0,0,1,0,4,0,0,0,0,0,0,0,33,0,43,0,1,23,67,8170,103884,17,38,8,43,0,1,23,67
319,DOUYDON,2,16,1,12,4,0,loss,6520,815.000,0,54693,0,54693,-226,1578,0,31,6,31,0,6,900,1263,0,45,33,0,78,0,2089,6449,5,4,0,4,0,450,450,399,2700,b893ea74acfdb44768ff31b0788057d54e115d90d4aa481f00886cf590bea449,5,0,0,0,0,4,0,4,0,0,0,0,0,0,0,6,0,31,0,1,2,78,11039,54693,30,18,6,31,0,2,2,78
319,DOUYDON,2,16,1,12,4,1,ongoing,9600,1200.000,15190,68626,15190,68626,3330,1305,1,37,20,39,19,55,2149,2223,31,106,5,0,142,0,2209,9517,47,9,0,0,0,450,450,399,2700,9111a7de36744a11b13b8f30d6debf95380b27a04820e112354ac2f0a5a5275c,47,0,0,0,0,0,0,9,0,0,0,0,0,0,19,55,1,37,0,0,114,30,41647,73816,21,77,20,39,0,0,114,30
320,SHIOXMAR,0,16,32,32,1,0,loss,2853,356.625,0,5212,0,5212,8550,12253,0,0,11,29,0,0,0,0,0,1,55,0,56,2537,2537,2537,0,0,0,0,1,225,225,399,2700,673f14d85c8d315f95e267afefb222ffee30f030fd9df11abf3dc12c1b24d74e,0,0,0,0,0,0,0,0,0,0,0,1,0,0,0,0,0,0,0,0,4,9,17330,21261,27,8,11,29,0,0,4,9
320,SHIOXMAR,0,16,32,32,1,1,win,4807,600.875,0,14598,0,14598,205295,11793,0,0,29,13,0,0,0,0,0,3,113,0,116,4569,4569,4569,0,0,0,0,1,225,225,399,2700,dad2695f2bd4b2ab9545880a07d20812ffded938cbbacdb83ba660ab13e98684,0,0,0,0,0,0,0,0,0,0,0,1,0,0,0,0,0,0,0,0,62,28,21062,36342,10,68,29,13,0,0,62,28
321,HURTUSLUG,0,16,32,32,1,0,win,4577,572.125,42549,0,42549,0,9610,168392,0,0,32,18,0,0,0,0,12,0,114,0,126,4377,4377,4377,0,0,0,0,1,225,225,399,2700,4d376653deea8bedf393b42dd13732a2615c58bb04b167da4d49a383337b1a2f,0,0,0,0,0,0,0,0,0,0,1,0,0,0,0,0,0,0,0,0,56,63,53651,15479,68,8,32,19,0,0,56,63
321,HURTUSLUG,0,16,32,32,1,1,loss,3405,425.625,16220,0,16220,0,4481,26657,0,0,28,4,0,0,0,0,1,0,9,0,10,3169,3169,3169,0,0,0,0,1,225,225,399,2700,acdb9537327f98cf0f08df730fa2d1008c3efbefc179f99b6531d1b95f368256,0,0,0,0,0,0,0,0,0,0,1,0,0,0,0,0,0,0,0,0,2,1,22896,6270,10,4,28,4,0,0,2,1
322,JOSDIEHILL,0,16,32,32,1,0,win,3864,483.000,20459,0,20459,0,16658,149252,0,0,21,28,0,0,0,0,1,0,94,0,95,3641,3641,3641,0,0,0,0,1,225,225,399,2700,acd93136d12f78b43d6476823b275f15c777487a43325552d4a6147f2a132890,0,0,0,0,0,0,0,0,0,0,1,0,0,0,0,0,0,0,0,0,29,48,46305,23161,83,11,21,28,0,0,29,48
322,JOSDIEHILL,0,16,32,32,1,1,win,3507,438.375,0,27824,0,27824,110492,5584,0,0,20,35,0,0,0,0,0,1,33,0,34,3281,3281,3281,0,0,0,0,1,225,225,399,2700,da9a199c7580773838bb2e169e1be0e5bb8bf321ae2701013c4219375210d059,0,0,0,0,0,0,0,0,0,0,0,1,0,0,0,0,0,0,0,0,42,30,15007,41879,23,64,21,35,0,0,42,30
323,TIMQUEMET,0,16,32,32,1,0,loss,2849,356.125,0,846,0,846,38857,4478,0,0,16,31,0,0,0,0,0,1,74,0,75,2489,2489,2489,0,0,0,0,1,225,225,399,2700,8f75b4af97670839cb15a9ac206175ffad94f69364c9ffba7b2eb07a63dde6ea,0,0,0,0,0,0,0,0,0,0,0,1,0,0,0,0,0,0,0,0,0,1,23298,23901,42,9,16,31,0,0,0,1
323,TIMQUEMET,0,16,32,32,1,1,win,4742,592.750,0,24006,0,24006,203055,8923,0,0,32,34,0,0,0,0,0,16,160,0,176,4529,4529,4529,0,0,0,0,1,225,225,399,2700,84b389905a7a329f9fb43a14bea48cd8ab365d9db78aa035e73a1052799a5529,0,0,0,0,0,0,0,0,0,0,0,1,0,0,0,0,0,0,0,0,56,30,30895,56990,12,81,32,34,0,0,56,30
324,CALUER,0,16,32,32,1,0,win,3276,409.500,8668,0,8668,0,45501,25308,0,0,18,29,0,0,0,0,1,0,113,0,114,3017,3017,3017,0,0,0,0,1,225,225,399,2700,fd56c2dc03464727b13fd6fe09e099894efa81f0dbd76a0602ca3bd797a104fe,0,0,0,0,0,0,0,0,0,0,0,1,0,0,0,0,0,0,0,0,10,23,29828,20160,65,11,18,30,0,0,10,23
324,CALUER,0,16,32,32,1,1,loss,3067,383.375,12774,0,12774,0,4136,25804,0,0,25,5,0,0,0,0,2,0,17,0,19,2857,2857,2857,0,0,0,0,1,225,225,399,2700,fe4016e92cbe682b0af2190bffa87b82c8282605edc6ff147082f30e88399a7c,0,0,0,0,0,0,0,0,0,0,1,0,0,0,0,0,0,0,0,0,4,5,18900,6929,9,4,25,5,0,0,4,5
325,SCODEING,2,18,2,2,1,0,ongoing,9600,1200.000,146775,92258,146775,92258,5276,247330,75,43,80,68,16,8,0,0,103,76,0,0,179,0,0,0,0,0,0,0,0,225,225,399,2700,855b7a6009ea5a8845d55ecf96278c56b9c23bef32f50840a517cbce12207833,0,0,2,0,0,0,0,0,0,0,0,0,0,0,16,8,75,43,0,0,42,84,147183,153640,20,15,80,68,0,0,42,84
325,SCODEING,2,18,2,2,1,1,ongoing,9600,1200.000,66963,122133,66963,122133,150619,17905,24,59,57,59,13,62,0,0,55,131,2,0,188,0,0,0,0,0,0,0,0,225,225,399,2700,eb72422b3524dd61030bcb43bc7a8b8525047a5cce4e2a69666101c38395823a,0,0,7,6,0,0,0,0,0,0,0,0,0,0,13,62,24,59,0,0,64,20,130777,122133,27,66,57,59,0,0,64,20
326,SWADIORD,2,18,2,2,1,0,loss,6030,753.750,0,162834,0,162834,-250,102679,0,87,3,87,0,4,0,0,0,108,4,0,112,0,0,0,0,0,0,0,0,225,225,399,2700,4c4a8feff6dfbde484fead3a50103655395ac1dc685ef03b7d7b01802bc7e9fb,0,0,0,0,0,0,0,0,0,0,0,0,0,0,0,4,0,87,0,0,6,49,3111,163031,30,10,3,87,0,0,6,49
326,SWADIORD,2,18,2,2,1,1,ongoing,9600,1200.000,26162,97667,26162,97667,45120,8368,27,49,38,49,2,17,0,0,38,71,9,0,118,0,0,0,0,0,0,0,0,225,225,399,2700,9d6b04d0a49760a12f523f1a631f068a4cf95665515e28f10020c58924cdd42b,0,0,1,4,0,0,0,0,0,0,0,0,0,0,2,17,27,49,0,0,13,72,53407,97667,21,21,38,49,0,0,13,72
327,KILLWILCON,2,18,2,2,1,0,ongoing,9600,1200.000,95624,47075,95624,47075,15389,142184,48,32,48,40,33,5,0,0,88,51,9,0,148,0,0,0,0,0,0,0,0,225,225,399,2700,d06463cd9e981708567fd62f81a0b6dcd246774f23aadc91ab1da59f7da4abd3,0,0,7,0,0,0,0,0,0,0,0,0,0,0,33,5,48,32,0,0,25,51,95758,92315,58,13,48,40,0,0,25,51
327,KILLWILCON,2,18,2,2,1,1,ongoing,9600,1200.000,160437,30352,160437,30352,192958,2771,70,12,72,13,4,37,0,0,90,54,4,0,148,0,0,0,0,0,0,0,0,225,225,399,2700,84dc9338dd6984bb14e67fd548ea4f907418ed33667abb7810092af36cadca77,0,0,0,1,0,0,0,0,0,0,0,0,0,0,5,37,69,12,0,0,73,5,179783,30352,16,38,73,13,0,0,73,5
328,EOAINGILL,2,18,2,2,1,0,ongoing,9600,1200.000,23784,158818,23784,158818,3970,211599,11,70,13,73,43,5,0,0,57,93,5,0,155,0,0,0,0,0,0,0,0,225,225,399,2700,5ca3a692f1a3ccb963bb9b69a2b84b2ffbff7e118393a4a6c39205e9be63ee6e,0,0,6,0,0,0,0,0,0,0,0,0,0,0,43,5,11,70,0,0,9,65,33771,166988,46,11,13,73,0,0,9,65
328,EOAINGILL,2,18,2,2,1,1,ongoing,9600,1200.000,9477,83149,9477,83149,61535,5072,15,38,29,38,10,70,0,0,38,125,1,0,164,0,0,0,0,0,0,0,0,225,225,399,2700,cd9a1cfce13156686d06389281e2114ee2df45e6b60558001a01a79beec1abea,0,0,4,7,0,0,0,0,0,0,0,0,0,0,11,70,15,38,0,0,61,62,49832,83149,16,74,29,38,0,0,61,62
329,BURIHILL,2,18,2,2,1,0,ongoing,9600,1200.000,70954,107296,70954,107296,15218,202670,35,46,35,57,60,3,0,0,104,70,13,0,187,0,0,0,0,0,0,0,0,225,225,399,2700,be3835097bba90aa2037acc7c4b748866825183cba5a07efda19020c0fb612e4,0,0,7,0,0,0,0,0,0,0,0,0,0,0,60,3,35,46,0,0,42,70,71286,129993,72,17,35,57,0,0,42,70
329,BURIHILL,2,18,2,2,1,1,ongoing,9600,1200.000,155634,42902,155634,42902,206764,5188,66,21,79,21,8,53,0,0,96,78,4,0,178,0,0,0,0,0,0,0,0,225,225,399,2700,bda147f38d8256cd7b7459f84ed2115aea76c02e63490e6b8799b3603be3a19d,0,0,0,1,0,0,0,0,0,0,0,0,0,0,8,53,66,21,0,0,72,8,172235,42902,19,56,79,21,0,0,72,8
330,MORCEMET,0,16,63,63,1,0,win,7969,996.125,28487,0,28487,0,10346,-250,0,0,28,30,0,0,0,0,1,0,137,0,138,7721,609,7721,78,22,0,17,1,225,45,399,2700,f5330b89e64e6d2e5d1b94ea179a61764baf5c738cbb4cf0416bc571a184b048,33,45,0,1,8,9,0,22,0,0,1,0,0,0,0,0,0,0,0,0,125,259,55197,33909,109,24,28,30,1,4,125,259
330,MORCEMET,0,16,63,63,1,1,loss,2847,355.875,27941,2,27941,0,7304,-250,40,0,40,1,6,0,0,0,61,0,3,2,66,0,289,2770,2,6,0,3,0,225,45,399,2700,3e87d66caf4ed988e1ec257ad668bc6a3d4f8c1308accc26892bf2b470e9edb4,0,2,1,0,3,0,6,0,0,0,0,0,0,0,6,0,40,0,2,0,15,0,27997,1011,16,8,40,1,3,0,15,0
331,NIMASED,0,16,63,63,1,0,win,4161,520.125,29068,0,29068,0,25386,-250,0,0,27,28,0,0,0,0,1,0,172,0,173,3913,1049,3913,10,3,0,6,1,225,45,399,2700,f8646f77459ebfc5ef4302967dc32ee69ca51870e5a62e2d9c04e4436c8bdc2a,2,8,0,0,4,2,0,3,0,0,1,0,0,0,0,0,0,0,0,0,56,42,47085,16878,85,20,27,28,1,1,56,42
331,NIMASED,0,16,63,63,1,1,loss,2515,314.375,26931,3,26931,0,3001,-250,35,0,36,1,2,0,0,0,52,0,4,3,59,0,305,2489,2,6,0,3,0,225,45,399,2700,31e5183fba890a49d914383b0395d50629f03d72911df8bdfac146850b83504d,0,2,2,0,3,0,6,0,0,0,0,0,0,0,2,0,35,0,2,0,17,0,26974,1291,17,9,36,1,3,0,17,0
332,BILSODHAM,0,16,63,63,1,0,loss,6607,825.875,0,121172,0,121172,-250,3668,0,60,9,61,0,11,0,0,0,89,25,0,114,0,689,6577,39,36,0,11,0,225,45,399,2700,4e21673421ca170f3e49fcc301f5f668e6f22530de7e856089eaf26e816cba1f,3,36,0,3,0,11,0,36,0,0,0,0,0,0,0,11,0,60,0,3,0,163,17658,121265,39,19,9,61,0,6,0,163
332,BILSODHAM,0,16,63,63,1,1,loss,6652,831.500,123873,1,123873,0,5116,-250,55,0,60,9,12,0,0,0,85,0,40,1,126,0,297,6625,77,34,0,13,0,225,45,399,2700,140e8b2f5f0df22d4eced2b581552f670ed011130782b30ec2d116391d2aa84a,70,7,2,0,13,0,34,0,0,0,0,0,0,0,12,0,55,0,2,0,239,5,123939,14845,18,62,60,9,5,0,239,5
333,RINGOUTOND,0,16,63,63,1,0,win,9589,1198.625,31960,0,31960,0,15415,993,0,0,37,29,0,0,0,0,1,0,24,0,25,9345,753,9345,56,41,0,11,1,225,45,399,2700,60851f91e84b76d70728ec8a4860244429ffc4c34e6642559db7ae9b693047d0,56,0,0,2,1,10,1,40,0,0,1,0,0,0,0,0,0,0,0,0,83,415,83267,52133,89,22,37,29,1,5,83,415
333,RINGOUTOND,0,16,63,63,1,1,loss,4352,544.000,90383,0,90383,0,6062,139,60,0,62,7,5,0,0,0,83,0,7,0,90,0,337,4321,22,23,0,9,0,225,45,399,2700,8970e0bb62999544678103342fd64c78238708a97aa22e899bb129b7a71bc59a,20,2,1,0,9,0,23,0,0,0,0,0,0,0,5,0,60,0,7,0,39,1,90383,3774,17,13,62,7,7,0,39,1
334,WEAVACON,0,16,63,63,1,0,loss,4517,564.625,1,53013,0,53013,-250,7370,0,40,9,42,0,11,0,0,0,69,29,1,99,0,521,4457,11,17,0,7,0,225,45,399,2700,2fc549dee07570e408a4f548821c95d76b868a4f8e504f969cbaf4ceb542bf01,11,0,0,1,0,7,0,17,0,0,0,0,0,0,0,12,0,40,0,4,0,97,9018,53083,28,19,9,42,0,4,0,97
334,WEAVACON,0,16,63,63,1,1,loss,2935,366.875,38066,0,38066,0,3985,-172,45,0,45,0,1,0,0,0,58,0,6,0,64,0,1217,2907,0,11,0,3,0,225,45,399,2700,fcc949885496d07957c0d9e017544e0a1da1e339b317600cb9b48c427805423e,0,0,2,0,3,0,11,0,0,0,0,0,0,0,1,0,45,0,2,0,16,0,38083,3243,7,14,45,0,3,0,16,0
335,ALPUSILL,1,18,62,5,1,0,win,7878,984.750,84617,0,84617,0,18162,-250,0,0,116,29,0,0,0,0,6,0,112,0,118,7666,1457,7666,82,0,0,9,1,225,90,399,2700,e79001092c8c440df247922eaaebe149c81a21a0a4591403a7c312d7999c90b8,0,82,1,0,4,5,0,0,0,0,1,0,0,0,0,0,0,0,0,0,171,246,244506,42322,67,20,116,29,1,3,171,246
335,ALPUSILL,1,18,62,5,1,1,loss,4227,528.375,67392,0,67392,0,10121,-250,39,0,39,5,3,0,0,0,55,0,8,0,63,0,595,3849,2,2,0,3,0,225,90,399,2700,9f2dcdff44486f8cf9c1b3a1c0dd1dd921072e6c7b97d8b93945cb9def1f879d,0,2,2,0,3,0,2,0,0,0,0,0,0,0,3,0,39,0,1,0,28,1,67454,4478,12,13,39,5,3,0,28,1
336,BADDIETORY,1,18,62,5,1,0,win,8927,1115.875,97584,0,97584,0,20060,-250,0,0,101,47,0,0,0,0,18,0,176,0,194,8750,633,8750,80,1,0,13,1,225,90,399,2700,fd35578616ec9072b4c5752c36a44241dfb74c73de84f41b69ec59d1323217c7,0,80,3,0,2,11,1,0,0,0,1,0,0,0,0,0,0,0,0,0,120,235,194553,80399,108,20,101,47,1,5,120,235
336,BADDIETORY,1,18,62,5,1,1,loss,5309,663.625,104131,0,104131,0,2317,-239,54,0,54,5,16,0,0,0,93,0,4,0,97,0,721,5273,2,6,0,6,0,225,90,399,2700,6580940c7d7ecaef190d1af892e23cfc4dcba38a97540b64bce5d662137041ec,0,2,1,0,6,0,6,0,0,0,0,0,0,0,16,0,54,0,2,0,43,1,104283,6313,24,12,54,5,4,0,43,1
337,IMMQUEEND,1,18,62,5,1,0,win,8618,1077.250,42216,0,42216,0,3561,3274,0,0,74,32,0,0,0,0,4,0,119,0,123,8393,1865,8393,50,1,0,11,1,225,90,399,2700,2e1b9b9c168c6347f99591d1eea3c4fadfa17237e5e019a8484f0521fd7c8d28,0,50,4,0,4,7,1,0,0,0,1,0,0,0,0,0,0,0,0,0,91,127,181349,50205,56,13,74,32,1,3,91,127
337,IMMQUEEND,1,18,62,5,1,1,loss,5612,701.500,69460,0,69460,0,325,-250,39,0,41,3,8,0,0,0,63,0,11,0,74,0,1161,5601,1,4,0,6,0,225,90,399,2700,f48cdc52f84c27454b8e477e14d217273faa560b8f27b1cc3b39d47eb796ba43,0,1,1,0,6,0,4,0,0,0,0,0,0,0,8,0,39,0,1,0,55,0,69550,6533,15,24,41,3,4,0,55,0
338,HOBUED,1,18,62,5,1,0,win,7717,964.625,34167,0,34167,0,4333,2399,0,0,68,35,0,0,0,0,4,0,177,0,181,7497,713,7497,45,1,0,11,1,225,90,399,2700,cf485df08a2290ae2922708ea2f64d95f768807589614f9f742c6cd656abaab7,0,45,2,0,7,4,1,0,0,0,1,0,0,0,0,0,0,0,0,0,77,92,120243,45332,77,19,68,35,1,1,77,92
338,HOBUED,1,18,62,5,1,1,ongoing,9600,1200.000,166897,1417,166897,1415,9819,-186,58,0,58,20,10,15,0,0,91,17,41,2,151,0,1893,9473,2,23,0,24,0,225,90,399,2700,040ed63a14fa6a97f72491afe9f20033e8f2605e17a997ddb75d585598ffade0,0,2,1,0,24,0,23,0,0,0,0,0,0,0,10,15,58,0,2,0,405,5,169066,26361,15,68,58,20,8,0,405,5
339,BUGDEHAM,1,18,62,5,1,0,ongoing,9600,1200.000,55995,79564,55992,79564,2080,1934,24,21,42,40,93,16,0,0,138,58,1,3,200,0,929,9588,100,1,0,15,0,225,90,399,2700,bfa396ed37777c0fcecc5ef2e7efb75ba2d5f62df50ef6a28a09480a7f7c3daa,0,100,2,0,1,14,1,0,0,0,0,0,0,0,93,16,24,21,0,4,26,338,56224,84217,93,22,42,40,1,4,26,338
339,BUGDEHAM,1,18,62,5,1,1,ongoing,9600,1200.000,67390,22076,67390,22075,4728,25,26,12,33,18,5,66,0,0,49,92,3,1,145,0,3289,9481,1,17,0,17,0,225,90,399,2700,ee5fff85ed652b3d67e3d765196ed2d8ceaed4a595f5823a0bb300921a1c0014,0,1,0,0,17,0,17,0,0,0,0,0,0,0,5,66,26,12,3,0,335,7,79532,31049,16,73,33,18,5,0,335,7
340,SHADOZOND,2,16,63,6,2,0,loss,4390,548.750,2,64887,0,64887,-250,10719,0,37,3,37,0,9,711,1186,0,60,4,2,66,0,2424,4217,0,0,0,5,0,225,135,399,2700,a5031979f9b649c1c57082cc38275e94a111365dfefe911908519ef093d1137e,0,0,0,0,0,5,0,0,0,0,0,0,0,0,0,9,0,37,0,3,0,41,7266,65081,16,15,3,37,0,3,0,41
340,SHADOZOND,2,16,63,6,2,1,loss,4732,591.500,108723,0,108723,0,1463,-250,53,0,56,9,5,0,1621,425,64,0,32,0,96,0,3203,4683,0,3,0,3,0,225,135,399,2700,ff922ea50febd124f2add29446cd8edd11199241708b5a44de2c1d80dc2eac30,0,0,1,0,3,0,3,0,0,0,0,0,0,0,5,0,53,0,2,0,52,0,108798,11458,12,20,56,9,3,0,52,0
341,CORWILLOW,2,16,63,6,2,0,loss,4169,521.125,1,54319,0,54319,-250,24007,0,30,2,30,0,9,672,722,0,52,12,1,65,0,2255,3177,0,0,0,3,0,225,135,399,2700,4521e55f2e691ec7f5b6ef07841d9ebd74646da9385eaf7dad9edd8bfbc2a8e9,0,0,0,0,0,3,0,0,0,0,0,0,0,0,0,9,0,30,0,1,0,30,2396,54345,16,11,2,30,0,3,0,30
341,CORWILLOW,2,16,63,6,2,1,loss,4514,564.250,83871,2,83871,0,2275,-250,45,0,45,2,5,0,1461,845,59,0,2,2,63,0,2217,4447,4,1,0,2,0,225,135,399,2700,e6e1ed0436c80a37891ab48361d94f94a093e79c51297be1395b8fd30d620a79,4,0,0,0,2,0,1,0,0,0,0,0,0,0,6,0,45,0,1,0,28,0,83923,3610,8,10,45,2,2,0,28,0
342,BININGICK,2,16,63,6,2,0,loss,3396,424.500,1,39216,0,39216,-250,19059,0,30,2,30,0,13,353,889,0,46,5,1,52,0,2395,2395,0,0,0,1,0,225,135,399,2700,62e16be009414bc17d6f78b1f82ce21a2a777058fbeb120c1b99177d0f410e08,0,0,0,0,0,1,0,0,0,0,0,0,0,0,0,13,0,30,0,1,0,17,3635,39262,6,15,2,30,0,1,0,17
342,BININGICK,2,16,63,6,2,1,ongoing,9600,1200.000,76403,26636,76403,26636,3767,26598,29,16,40,16,8,63,2416,2834,51,91,7,0,149,0,2489,9513,9,8,0,3,0,225,135,399,2700,2a9a21492fc1a70f18399495f2b83af9f14d7f5e6e6035f7b4cf8417e026e3f4,9,0,4,3,1,2,8,0,0,0,0,0,0,0,8,63,29,16,1,0,54,18,114308,39935,20,66,40,16,1,1,54,18
343,SADITORY,2,16,63,6,2,0,loss,3685,460.625,0,60904,0,60904,-250,17623,0,38,2,38,0,2,83,1055,0,49,12,0,61,0,2049,2935,1,0,0,2,0,225,135,399,2700,35fd2c4d9d0fe9a8b6ced5a075cb58031c04f0b785475cbc17d8b77f77cf382f,1,0,0,0,0,2,0,0,0,0,0,0,0,0,0,2,0,38,0,1,0,29,6532,61341,11,13,2,38,0,2,0,29
343,SADITORY,2,16,63,6,2,1,loss,3457,432.125,52906,2,52906,0,3535,-250,38,0,38,0,9,0,1015,693,53,0,11,2,66,0,2337,3411,0,1,0,2,0,225,135,399,2700,d42a0c63bee5a0a651ea15134b9aeaa9a4388a74c1e12c8cef1a826fa770ab12,0,0,0,0,2,0,1,0,0,0,0,0,0,0,9,0,38,0,2,0,15,0,52916,1521,15,10,38,0,2,0,15,0
344,LOWCEEND,2,16,63,6,2,0,ongoing,9600,1200.000,104430,55373,104429,55373,3558,18758,44,29,48,33,21,6,2555,1994,73,42,9,1,125,0,2657,9223,7,0,0,18,0,225,135,399,2700,45cae1859ac900c2bf3739ae2185d530123b65d96884e67f25f9b452fea34fcd,7,0,0,0,0,18,0,0,0,0,0,0,0,0,21,6,44,29,0,2,13,122,104430,55373,31,21,48,33,0,4,13,122
344,LOWCEEND,2,16,63,6,2,1,ongoing,9600,1200.000,81189,85,81189,85,4001,-127,38,0,38,11,4,1,2973,2264,52,1,79,0,132,0,2489,9427,19,9,0,10,0,225,135,399,2700,e75b3f24f87993a10c44668ec6f215405fa48fad94e85cde2fc95f8567cd13a9,19,0,0,3,10,0,9,0,0,0,0,0,0,0,4,1,38,0,1,0,265,18,111087,26914,14,76,38,11,5,0,265,18
345,QAZASME,3,18,62,12,4,0,ongoing,9600,1200.000,8635,129512,8635,129512,6,6773,0,22,8,31,62,14,1815,1920,106,56,0,0,162,0,1217,9545,0,75,0,20,0,225,180,399,2700,92180c5475f268b9b76e71195129eaa1419240d0a8c15997b33b61ab37451946,0,0,3,0,1,19,1,74,0,0,0,0,0,0,62,14,0,22,0,4,15,512,13793,139507,66,29,8,31,1,6,15,512
345,QAZASME,3,18,62,12,4,1,ongoing,9600,1200.000,75394,19409,75394,19409,8868,5619,5,9,27,9,26,50,2389,1939,52,95,5,0,152,0,1049,9401,0,57,0,6,0,225,180,399,2700,f4fd5ceef0e7351c0497e31bac55b9aacd4e43ca1c41df9859f5578a7b9085f5,0,0,1,0,5,1,54,3,0,0,0,0,0,0,26,50,5,9,2,0,258,77,90267,19445,30,56,27,9,4,1,258,77
346,VERYHIPOLD,3,18,62,12,4,0,loss,6146,768.250,0,78840,0,78840,-250,6684,0,17,2,29,0,14,715,1477,0,37,55,0,92,0,1009,6037,0,31,0,12,0,225,180,399,2700,495d66e9b2a322033fcdfc55391d07658a1b6d8dbed5e6f1c8b81c9856b6eea8,0,0,0,0,0,12,1,30,0,0,0,0,0,0,0,14,0,17,0,1,6,215,18629,94068,46,21,2,29,0,6,6,215
346,VERYHIPOLD,3,18,62,12,4,1,win,6009,751.125,1,60442,0,60442,-250,78613,0,20,13,20,0,49,1513,1502,0,98,13,1,112,0,1345,5401,0,10,0,6,0,225,180,399,2700,030c967d8f74110cae8e51b747eb51c82d9f8b492af7a6f4a5b365c00ceb8ff5,0,0,0,0,3,3,4,6,0,0,0,0,0,0,0,49,0,20,0,1,88,74,23532,60468,42,53,13,20,2,1,88,74
347,MINOUTBOY,3,18,62,12,4,0,win,9470,1183.750,49688,0,49688,0,39555,-183,20,0,20,23,89,0,2322,2327,175,0,26,0,201,0,1001,8997,0,43,0,5,0,225,180,399,2700,39b15f5ac1c73b8f9d3efedfa31095ff5f2696672dbd3cff497b5a6518a3602d,0,0,13,0,3,2,7,36,0,0,0,0,0,0,89,0,20,0,1,0,60,193,50850,66604,110,28,20,23,1,1,60,193
347,MINOUTBOY,3,18,62,12,4,1,win,8746,1093.250,0,84417,0,84417,-64,121698,0,25,19,25,0,88,2227,2027,0,171,19,0,190,0,1385,7773,0,21,0,13,0,225,180,399,2700,0ae2cd655e3190356b72213e532e80699ff6bb1709679bb3df358ede1bb755da,0,0,0,0,7,6,12,9,0,0,0,0,0,0,0,88,0,25,0,1,324,127,39130,84501,46,107,19,25,4,1,324,127
348,HAMALOW,3,18,62,12,4,0,loss,7273,909.125,0,181906,0,181906,687,63183,0,50,4,50,0,6,418,1520,0,69,8,0,77,0,1241,7169,0,51,0,19,0,225,180,399,2700,7e330c592a764c586b8211a5227fcab49b183590af8f2e2170bcd8bfea614985,0,0,2,0,0,19,0,51,0,0,0,0,0,0,0,6,0,50,0,4,0,87,8256,181910,22,27,4,50,0,7,0,87
348,HAMALOW,3,18,62,12,4,1,ongoing,9600,1200.000,91214,11344,91214,11344,4391,2783,23,3,33,14,8,39,2316,1849,44,70,13,0,127,0,921,9565,0,65,0,16,0,225,180,399,2700,d6efb3085262bb22c300366ec0c630f24f6bf432c85530f1190d89cfa1fb527b,0,0,0,0,15,1,60,5,0,0,0,0,0,0,8,39,23,3,2,0,338,31,103719,25616,30,54,33,14,4,1,338,31
349,FUTUSICK,3,18,62,12,4,0,ongoing,9600,1200.000,20184,75817,20184,75817,4676,7902,3,10,9,20,50,23,2030,2403,85,49,12,0,146,0,1329,9353,0,44,0,9,0,225,180,399,2700,be806c63fb2d41804a27061cdc3de25d9ac43059e1459309ccfee1b730f3c2db,0,0,2,0,1,8,3,41,0,0,0,0,0,0,50,23,3,10,0,1,58,316,29395,76097,60,32,9,20,1,2,58,316
349,FUTUSICK,3,18,62,12,4,1,loss,5354,669.250,135686,0,135686,0,5240,-167,43,0,43,2,5,0,1380,698,62,0,10,0,72,0,1369,5333,0,33,0,8,0,225,180,399,2700,521f92c53e3d732a2b7521c7c7b4a0e2c61e0bb39be2dd7e49ab2de3d2911daa,0,0,0,0,8,0,33,0,0,0,0,0,0,0,5,0,43,0,5,0,44,0,135722,4103,26,20,43,2,5,0,44,0
350,SUZDIEHOLE,0,18,62,20,3,0,loss,4169,521.125,0,14421,0,14421,-216,104,0,0,7,22,0,12,1073,1424,0,26,48,0,74,0,1837,3802,0,0,2,4,0,225,225,399,2700,cf16d44ae6d063b033d746c74ca1f769abbe7991b8a29746f05011c1a566707a,0,0,0,0,0,4,0,0,0,2,0,0,0,0,0,12,0,0,0,1,7,56,7610,20195,23,29,7,22,0,3,7,56
350,SUZDIEHOLE,0,18,62,20,3,1,loss,6237,779.625,64871,0,64871,0,6987,-250,34,0,34,3,5,0,1858,1056,47,0,51,0,98,0,1810,6163,0,23,0,9,0,225,225,399,2700,c07735d899758f6b29e59d3898e0a815e75508f9708adeb9df527c61bbb8606f,0,0,0,0,8,1,23,0,0,0,0,0,0,0,5,0,34,0,2,0,163,29,64906,9306,22,43,34,3,5,1,163,29
351,DOUQUELAS,0,18,62,20,3,0,loss,3422,427.750,0,14702,0,14702,-250,21137,0,11,12,19,0,23,729,1195,0,49,32,0,81,0,1807,2602,0,1,1,3,0,225,225,399,2700,4116398c6e8cd56813376779471d34fbf3d6cb1ccf26b771b4d07bb682180a2b,0,0,1,0,0,3,1,0,0,1,0,0,0,0,0,23,0,11,0,1,0,57,12633,18959,20,28,12,19,0,3,0,57
351,DOUQUELAS,0,18,62,20,3,1,ongoing,9600,1200.000,108742,1475,108742,1474,3411,-204,36,0,40,6,4,15,2873,1325,58,24,27,1,110,0,1489,9577,0,47,0,20,0,225,225,399,2700,b62b87bf342fc6a65f4d072dd2f477af633f8ca17c8e0e740689dce2d62217ac,0,0,0,0,18,2,47,0,0,0,0,0,0,0,4,15,36,0,5,0,352,42,108742,20616,25,59,40,6,5,1,352,42
352,SHIUME,0,18,62,20,3,0,win,7300,912.500,31876,0,31876,0,8017,-250,0,0,28,20,0,0,1969,2441,1,0,21,0,22,6979,2038,6979,0,0,2,7,1,225,225,399,2700,a6bc0a19a801171916e08cf10c7d18f7c6f50bb952f0dbd45dc160180f420228,0,0,10,0,3,4,0,0,0,2,1,0,0,0,0,0,0,0,0,0,71,48,45513,16479,49,34,28,20,1,1,71,48
352,SHIUME,0,18,62,20,3,1,ongoing,9600,1200.000,93228,4993,93228,4993,4202,-244,33,0,34,7,5,6,2850,1734,53,11,88,0,152,0,1585,9562,0,49,0,21,0,225,225,399,2700,e5db436865eba3f285bcd6f9b018e1c2212a4d7ead55662c6a4a3f982af3d6ac,0,0,2,0,19,2,49,0,0,0,0,0,0,0,5,6,33,0,3,0,536,37,93228,17246,24,77,34,7,7,1,536,37
353,HURTPEOLD,0,18,62,20,3,0,loss,8225,1028.125,0,31546,0,31546,-93,99,0,0,9,29,0,9,1711,2801,0,17,23,0,40,0,2020,7723,0,1,3,9,0,225,225,399,2700,0c5054e7c3be8569c8a2ffccbcbd4d85b49bcca7354891aa0c61445be5ba3e78,0,0,3,0,0,9,1,0,0,3,0,0,0,0,0,9,0,0,0,2,24,109,20366,36940,39,33,9,29,0,3,24,109
353,HURTPEOLD,0,18,62,20,3,1,loss,8193,1024.125,118976,0,118976,0,1,-18,0,0,53,6,1,0,2150,1028,45,0,36,0,81,0,1537,8083,0,43,1,22,0,225,225,399,2700,0b1bd2e83d79410913a38d698146c75ac83ac8c0523b3365ac78eb7232afe26f,0,0,0,0,22,0,43,0,1,0,0,0,0,0,1,0,0,0,4,0,162,3,138464,13882,27,44,53,6,6,0,162,3
354,JOSOZBOY,0,18,62,20,3,0,win,5171,646.375,31767,0,31767,0,7143,30454,0,0,17,14,0,0,1624,1518,3,0,97,0,100,4915,2047,4915,0,0,1,3,1,225,225,399,2700,c60766ba62a91b42cb862a6f13b550906d00b34553df60e039034da50f0476d1,0,0,2,0,1,2,0,0,0,1,1,0,0,0,0,0,0,0,0,0,56,79,50877,15999,63,28,17,14,1,1,56,79
354,JOSOZBOY,0,18,62,20,3,1,win,7508,938.500,0,29617,0,29617,2470,16057,0,14,19,14,0,63,2457,2470,0,108,23,0,131,0,1603,7240,0,18,0,8,0,225,225,399,2700,f61fabdb12bbfddb186f28e2052d0d68bc58d4a9d57575643db96654780b86e1,0,0,1,0,4,4,18,0,0,0,0,0,0,0,0,63,0,14,0,1,260,56,33995,29669,26,82,19,14,3,1,260,56
355,TIMWILDOR,1,18,63,4,2,0,ongoing,9600,1200.000,44654,75874,44652,75874,1373,138770,17,29,30,42,82,5,3383,2615,116,49,9,2,176,0,1441,9587,13,0,0,37,0,225,270,399,2700,1ec4d6e1d09f46537eac4a6df1fe0fc49b9f7858e5583c85b47f84ae69fac996,13,0,0,0,0,37,0,0,0,0,0,0,0,0,82,5,17,29,0,4,20,504,54291,93330,83,26,30,42,0,7,20,504
355,TIMWILDOR,1,18,63,4,2,1,loss,8431,1053.875,149824,0,149824,0,883,-250,57,0,57,12,5,0,2623,1210,73,0,73,0,146,0,1649,8419,14,14,0,21,0,225,270,399,2700,750c8460287edba6776d9b8876b1dec19de8a4cdfa8256d72cd19808fadd79ce,14,0,0,0,20,1,14,0,0,0,0,0,0,0,5,0,57,0,1,0,329,6,178077,14705,14,67,57,12,5,1,329,6
356,CALINGPAL,1,18,63,4,2,0,win,8603,1075.375,32000,0,32000,0,20887,98625,0,0,80,31,0,0,3490,2331,1,0,115,0,116,8353,1537,8353,10,0,0,22,1,225,270,399,2700,e799d6d3bbf1b31542a7367012e6ad534211bfbbb657c49310886c33748a2e2e,10,0,0,0,11,11,0,0,0,0,1,0,0,0,0,0,0,0,0,0,130,170,194031,43879,48,32,80,31,1,2,130,170
356,CALINGPAL,1,18,63,4,2,1,ongoing,9600,1200.000,137073,2253,137073,2253,7155,-217,46,1,46,15,0,18,3790,2582,59,23,36,0,118,0,2161,9433,0,19,0,19,0,225,270,399,2700,ce940c03a1906488cfd76d4eaee488a4858888ee72e707df3f460f6dcbc1dec8,0,0,0,0,18,1,19,0,0,0,0,0,0,0,0,18,46,1,2,0,415,24,137073,18256,14,76,46,15,6,1,415,24
357,SCOIHOLE,1,18,63,4,2,0,ongoing,9600,1200.000,142,214560,142,214560,719,17337,0,78,8,78,1,3,352,2365,1,97,7,0,105,0,1025,9587,3,0,0,46,0,225,270,399,2700,15cccdc1f8da5e9f4ba7cc8d3c5639952ad2f111ee594fa0da7df2899b9bb00c,3,0,0,0,0,46,0,0,0,0,0,0,0,0,1,3,0,78,0,4,5,113,14877,223017,13,19,8,78,0,5,5,113
357,SCOIHOLE,1,18,63,4,2,1,loss,6839,854.875,198445,1,198445,0,2456,-250,59,0,60,16,10,0,2256,2160,81,0,38,1,120,0,2057,6793,0,14,0,15,0,225,270,399,2700,2c7089fd7c7ccb3ae626f8854ba34381c0479b067c403943f61f49332b4c7233,0,0,0,0,14,1,14,0,0,0,0,0,0,0,10,0,59,0,4,0,248,9,198581,33000,19,56,60,16,5,1,248,9
358,SWACELAS,1,18,63,4,2,0,win,7864,983.000,26389,0,26389,0,13374,65493,0,0,59,34,0,0,2511,2836,2,0,137,0,139,7631,1313,7631,17,0,0,22,1,225,270,399,2700,9b76a91ce62332b7b91fbc4e9c738abb9575e85c71ddd36f8d420cdb1ac708ca,17,0,0,0,5,17,0,0,0,0,1,0,0,0,0,0,0,0,0,0,71,188,139685,58624,62,30,59,34,1,4,71,188
358,SWACELAS,1,18,63,4,2,1,ongoing,9600,1200.000,56392,106970,56392,106970,985,33196,13,26,35,37,8,134,4183,4574,27,181,0,0,208,0,2033,9597,30,14,0,17,0,225,270,399,2700,2a09f20f53bf8f426a168303c6b30f81553f4cbd9b43246987ed89b7ccb7c274,30,0,0,0,10,7,14,0,0,0,0,0,0,0,9,134,13,26,1,1,326,58,66526,106970,20,141,35,37,3,1,326,58
359,KILLMPAL,1,18,63,4,2,0,loss,7256,907.000,0,130606,0,130606,-250,3763,0,53,7,53,0,1,801,1658,0,67,16,0,83,0,1977,7177,3,0,0,28,0,225,270,399,2700,096669ac74f9e3cf6a6f3fef6a4f5d803255e4da996232ebc0af14567d56d66d,3,0,0,0,0,28,0,0,0,0,0,0,0,0,0,1,0,53,0,1,1,173,19839,132665,34,13,7,53,0,7,1,173
359,KILLMPAL,1,18,63,4,2,1,ongoing,9600,1200.000,65443,27036,65443,27033,876,-132,25,5,31,22,8,53,2287,3716,43,71,29,3,146,0,1705,9593,15,15,0,22,0,225,270,399,2700,ece01d2c2895b2d3b91228f5b06c0aa654bb1ce2f64b946a06eeedfb7bf43ecf,15,0,0,0,19,3,15,0,0,0,0,0,0,0,8,53,25,5,4,0,358,20,65443,36821,25,71,31,22,5,1,358,20
360,EOAHIPPIL,2,16,45,18,1,0,ongoing,9600,1200.000,23261,42952,23261,42952,563,-176,9,1,22,65,5,11,0,0,29,22,49,0,100,0,4481,9089,9,0,2,0,0,180,315,399,2700,f64c6aa965d92d05e019792eab84da2fa538fadeb21da8c4f32c260716e9983e,9,0,0,0,0,0,0,0,0,2,0,0,0,0,5,11,9,1,0,0,18,28,39980,95214,23,28,22,65,0,0,18,28
360,EOAHIPPIL,2,16,45,18,1,1,ongoing,9600,1200.000,165764,8658,165764,8656,7392,13,61,5,63,20,10,38,0,0,92,48,16,2,158,0,1153,9459,18,9,0,13,0,180,315,399,2700,fea4e332d4dcedf167f1aa8d4c9bd5f96c404cccde1cd3ecff07c33ef35cfbfd,18,0,0,0,13,0,9,0,0,0,0,0,0,0,10,38,61,5,2,0,198,4,165764,26985,19,53,63,20,4,0,198,4
361,BUROUTJOB,2,16,45,18,1,0,ongoing,9600,1200.000,3577,41466,3577,41466,779,2691,4,22,12,62,14,17,0,0,19,53,48,0,120,0,2779,8430,8,0,2,0,0,180,315,399,2700,4b6ae770693e2ce15ea727c5ac2bfc2e30a902e5001f987674f8b2ee9277b9aa,8,0,0,1,0,0,0,0,0,2,0,0,0,0,14,17,4,22,0,0,22,47,14708,96501,37,33,12,62,0,0,22,47
361,BUROUTJOB,2,16,45,18,1,1,loss,5773,721.625,102590,0,102590,0,650,-250,51,0,51,6,5,0,0,0,69,0,21,0,90,0,2041,5761,2,2,0,8,0,180,315,399,2700,33db199701ee2c1e5545087d707a57c96a053436d77069b2658cfd725bd0f669,2,0,0,0,8,0,2,0,0,0,0,0,0,0,6,0,50,0,2,0,89,1,102697,9530,7,28,51,6,5,0,89,1
362,MORADOR,2,16,45,18,1,0,ongoing,9600,1200.000,31041,68070,31041,68070,3120,40524,16,33,16,63,17,1,0,0,33,42,30,0,105,0,4310,8481,1,0,1,0,0,180,315,399,2700,ebbceeb96aecb994eef3ecce93061605540f6d7b69f5e273f846d98077f3e7d0,1,0,0,1,0,0,0,0,0,1,0,0,0,0,17,1,16,33,0,0,8,13,31041,93536,22,22,16,63,0,0,8,13
362,MORADOR,2,16,45,18,1,1,ongoing,9600,1200.000,81311,32538,81311,32538,6705,3185,33,12,55,14,8,65,0,0,58,85,12,0,155,0,3021,9143,0,10,0,5,0,180,315,399,2700,665ebb5711595ae7d4d055b6e2a9dbf7ba348dd4b50e12a2025e6a7f2e333fc9,0,0,0,2,5,0,10,0,0,0,0,0,0,0,8,65,33,12,1,0,79,20,117910,32538,13,65,55,14,3,0,79,20
363,NIMUSPAL,2,16,45,18,1,0,loss,4769,596.125,0,101319,0,101319,-187,1972,0,0,3,61,0,0,0,0,0,73,16,0,89,0,4761,4761,0,0,1,0,0,180,315,399,2700,8ec38fffd236853cb0405c7032fb2c5a06726971c460a55c2239c307389c0228,0,0,0,1,0,0,0,0,0,1,0,0,0,0,0,0,0,0,0,0,7,20,5780,109682,15,11,3,61,0,0,7,20
363,NIMUSPAL,2,16,45,18,1,1,ongoing,9600,1200.000,80979,4886,80979,4885,8251,-57,38,0,38,15,5,15,0,0,60,20,19,1,100,0,4225,9444,0,6,0,9,0,180,315,399,2700,521373f39a3bc3e19594084a76269be91db502d893025baa07cb1fa305fa9b07,0,0,0,0,9,0,6,0,0,0,0,0,0,0,5,15,38,0,4,0,151,10,84430,13142,11,38,38,15,4,0,151,10
364,BILDIEPERT,2,16,45,18,1,0,loss,7458,932.250,0,69231,0,69231,-250,28842,0,43,10,58,0,0,0,0,0,58,33,0,91,0,2433,4297,1,0,1,0,0,180,315,399,2700,880f9c12f32f8b897c3533eddcff6fa5d4b1c8ce8affef590982fe82b5c12848,1,0,0,0,0,0,0,0,0,1,0,0,0,0,0,0,0,43,0,0,15,24,14202,80381,5,21,10,58,0,0,15,24
364,BILDIEPERT,2,16,45,18,1,1,ongoing,9600,1200.000,84187,41499,84187,41499,1618,18440,38,18,55,18,7,101,0,0,62,134,3,0,199,0,2113,9468,14,7,0,6,0,180,315,399,2700,2fe46aaf1340272b938b1081b8c6216b8962d6b52204f5e1a31e8291369f50c8,14,0,0,9,6,0,7,0,0,0,0,0,0,0,7,102,38,18,1,0,89,25,112591,41499,16,104,55,18,4,0,89,25
365,RINGLOPOUT,3,16,45,34,1,0,loss,2779,347.375,0,13357,0,13357,-250,4580,0,0,2,33,0,0,0,0,0,1,70,0,71,2265,2265,2265,0,0,0,0,1,180,360,399,2700,5971cc50864adae266874b172134c81a23cd502b7e6fc64281d57bedb32c2dc5,0,0,0,0,0,0,0,0,0,0,0,1,0,0,0,0,0,0,0,0,1,7,10536,27488,25,15,2,33,0,0,1,7
365,RINGLOPOUT,3,16,45,34,1,1,win,7896,987.000,0,53038,0,53038,-250,18493,0,0,23,30,0,0,0,0,0,3,166,0,169,7649,1473,7649,38,18,0,13,1,180,360,399,2700,4c00f19c96e7bc873e4dfa1660de706d2a98292fd06e8f7b172d3de342ed74ee,38,0,0,29,13,0,18,0,0,0,0,1,0,0,0,0,0,0,0,0,175,19,23695,104461,21,95,23,30,3,0,175,19
366,WEAVTAL,3,16,45,34,1,0,loss,1927,240.875,0,16129,0,16129,-250,6581,0,0,1,21,0,0,0,0,0,1,80,0,81,1665,1665,1665,0,0,0,0,1,180,360,399,2700,d943855e62d8280ca1208ccaba76a18f5247cf36bc7663dc6f7e195533bf3c59,0,0,0,0,0,0,0,0,0,0,0,1,0,0,0,0,0,0,0,0,9,43,10504,21705,44,7,1,20,0,0,9,43
366,WEAVTAL,3,16,45,34,1,1,win,3313,414.125,0,41147,0,41147,-250,28964,0,11,7,11,0,64,0,0,0,104,12,0,116,0,1297,2433,4,2,0,0,0,180,360,399,2700,d84fcd6ae49c1f3c9065fa9a2ea1674496365c9f0c9bffd7194bc68d10b992d8,4,0,0,0,0,0,2,0,0,0,0,0,0,0,0,65,0,11,0,0,51,53,4804,41189,21,69,7,11,0,0,51,53
367,ALPPEPIL,3,16,45,34,1,0,loss,2219,277.375,0,9501,0,9501,-250,7398,0,0,9,24,0,0,0,0,0,1,45,0,46,1969,1265,1969,3,0,0,0,1,180,360,399,2700,1748cd8974b3daf0f88ff16d98c34a43a738b22e4c845cef1eb61d51d95f788f,3,0,0,2,0,0,0,0,0,0,0,1,0,0,0,0,0,0,0,0,6,15,12695,21651,21,13,9,24,0,0,6,15
367,ALPPEPIL,3,16,45,34,1,1,win,5234,654.250,0,62464,0,62464,462,2511,0,0,21,37,0,0,0,0,0,29,128,0,157,5097,849,5097,19,18,0,8,1,180,360,399,2700,61677848ecbc4ca569088666ec7107a7bc9628b87f46f6efad58a65f0b2f64b2,19,0,0,8,8,0,18,0,0,0,0,1,0,0,0,0,0,0,0,0,175,30,19571,71637,11,83,21,37,4,0,175,30
368,BADOZJOB,3,16,45,34,1,0,win,4909,613.625,6866,0,6866,0,4931,267169,0,0,22,36,0,0,0,0,1,0,79,0,80,4609,1121,4609,14,0,0,3,1,180,360,399,2700,66f42d7d49c41d2eca5ada62963e20a29e688d0c49966ee282967054196ffdfc,14,0,0,13,3,0,0,0,0,0,1,0,0,0,0,0,0,0,0,0,91,101,71849,54138,104,28,22,36,1,0,91,101
368,BADOZJOB,3,16,45,34,1,1,win,5347,668.375,0,34993,0,34993,-250,16830,0,0,16,23,0,0,0,0,0,2,135,0,137,5113,985,5113,0,18,0,6,1,180,360,399,2700,e3c05467babd15e4d9b2104e97ce326bf5ba5a1761261ba645e50548c293555f,0,0,0,0,6,0,18,0,0,0,0,1,0,0,0,0,0,0,0,0,177,40,22304,63741,13,129,16,23,4,0,177,40
369,IMMWILLIN,3,16,45,34,1,0,loss,2251,281.375,0,6592,0,6592,-250,10516,0,0,8,21,0,0,0,0,0,1,81,0,82,1833,1169,1833,5,0,0,0,1,180,360,399,2700,91a7b9b67046080c4799dfb578b9c77a642754de4dbf125ef238091eb3ace3cf,5,0,0,0,0,0,0,0,0,0,0,1,0,0,0,0,0,0,0,0,0,3,20113,24966,54,13,8,21,0,0,0,3
369,IMMWILLIN,3,16,45,34,1,1,win,4413,551.625,0,42438,0,42438,-250,13319,0,0,29,31,0,0,0,0,0,2,116,0,118,4177,1033,4177,22,10,0,7,1,180,360,399,2700,a8a544480567c5dd42da883301592ee03b9a527d333f99cb9437cb0ca393d68f,22,0,0,14,7,0,10,0,0,0,0,1,0,0,0,0,0,0,0,0,59,25,30984,57884,15,66,29,31,3,0,59,25
370,HOBINGDON,2,16,45,52,1,0,loss,3056,382.000,2,21060,0,21060,-250,8154,0,27,2,27,0,3,0,0,0,45,0,2,47,0,2113,2685,1,0,0,1,0,180,405,399,2700,ab203f0eec6444825a2cd420adb1bfdf28fb22b42f77f55d6ab403dac1529fcb,1,0,0,0,0,1,0,0,0,0,0,0,0,0,0,3,0,27,0,1,0,5,5060,21060,4,7,2,27,0,1,0,5
370,HOBINGDON,2,16,45,52,1,1,loss,4454,556.750,42354,1,42354,0,1732,-250,39,0,39,4,3,0,0,0,54,0,15,1,70,0,2980,4225,0,3,0,1,0,180,405,399,2700,c9ef54af3733a263ca1b441f85e56d7cc233fce603f4b7d349659fce411f8e2c,0,0,0,0,1,0,3,0,0,0,0,0,0,0,3,0,39,0,1,0,35,0,42503,6916,8,21,39,4,1,0,35,0
371,BUGIPERT,2,16,45,52,1,0,loss,4142,517.750,1,33679,0,33679,-250,6216,0,28,1,28,0,0,0,0,0,44,2,1,47,0,2417,3614,0,0,0,3,0,180,405,399,2700,c3963eac02c8117a57929aa984c52b0db8a0dbfe56a7200a70a7555c2696be7a,0,0,0,0,0,3,0,0,0,0,0,0,0,0,0,0,0,28,0,1,0,23,2209,33889,9,6,1,28,0,2,0,23
371,BUGIPERT,2,16,45,52,1,1,loss,5004,625.500,20290,1,20290,0,1781,-241,21,0,22,8,5,0,0,0,40,0,8,1,49,0,1921,4962,2,1,0,4,0,180,405,399,2700,bd988b9f47ae3d9e2413a491f6d90ca450aa2b00d56ae702ec14f72a9e42ffc0,2,0,0,0,4,0,1,0,0,0,0,0,0,0,5,0,21,0,1,0,38,6,20378,7025,9,14,22,8,3,0,38,6
372,SHADMEOUT,2,16,45,52,1,0,win,7915,989.375,66982,0,66982,0,4823,-135,0,0,34,4,0,0,0,0,8,0,124,0,132,7745,2273,7745,1,0,0,1,1,180,405,399,2700,b065d4d06624635bafdcbaaeddb8725e1fa2e7938d32baa5587f39bdedef119e,1,0,0,0,1,0,0,0,0,0,1,0,0,0,0,0,0,0,0,0,22,3,83387,2788,92,19,34,5,1,0,22,3
372,SHADMEOUT,2,16,45,52,1,1,ongoing,9600,1200.000,102867,24983,102867,24983,1344,7613,39,15,46,16,7,73,0,0,69,98,0,0,167,0,2369,9577,9,8,0,13,0,180,405,399,2700,3646d87e5e070df03cf81c452fdcf08f0d8b33a609541f2607606287af7faf78,9,0,0,0,13,0,8,0,0,0,0,0,0,0,7,73,39,15,3,0,185,8,111446,25831,9,78,46,16,5,0,185,8
373,CORMPT,2,16,45,52,1,0,loss,5985,748.125,1,39964,0,39964,-250,25580,0,33,3,33,0,12,0,0,0,57,3,1,61,0,2217,5583,0,0,0,5,0,180,405,399,2700,ba71e12b524ae55a9c8c46dc089c45ca937319821b4e3099e9317d4d351f6276,0,0,0,0,0,5,0,0,0,0,0,0,0,0,0,13,0,32,0,1,1,50,6427,39990,10,16,3,33,0,2,1,50
373,CORMPT,2,16,45,52,1,1,loss,9047,1130.875,68803,2,68803,0,6458,-250,35,0,36,15,4,0,0,0,52,0,58,2,112,0,3958,8777,0,10,0,12,0,180,405,399,2700,1e77843f344df54f29019b468a2b5a9e472f3ee457fd468e2aa2ece06da2868b,0,0,0,0,12,0,10,0,0,0,0,0,0,0,4,0,35,0,4,0,249,4,68971,23644,10,57,36,15,5,0,249,4
374,BINHIPBAR,2,16,45,52,1,0,loss,6573,821.625,2,61766,0,61766,-250,26417,0,37,9,38,0,2,0,0,0,55,17,2,74,0,2641,6410,2,0,0,6,0,180,405,399,2700,367e086d45ef8974874646027271384c835633a7dc510d8fe8c340e67022bd92,2,0,0,0,0,6,0,0,0,0,0,0,0,0,0,2,0,37,0,3,2,63,11631,61906,15,7,9,38,0,3,2,63
374,BINHIPBAR,2,16,45,52,1,1,ongoing,9600,1200.000,120590,662,120590,662,6947,38,54,0,61,10,2,9,0,0,75,9,38,0,122,0,2985,9348,0,7,0,14,0,180,405,399,2700,56b79c171349c8b7620d184831b2ae1bfea62a7297327f50530807fc8093e0db,0,0,0,0,14,0,7,0,0,0,0,0,0,0,2,9,54,0,1,0,185,18,161688,10076,11,30,61,10,4,0,185,18
375,SADOUTER,1,16,45,63,1,0,loss,8826,1103.250,1,87994,0,87994,-250,6399,0,41,17,41,0,8,0,0,0,64,56,1,121,0,1459,8729,9,15,0,17,0,135,450,399,2700,8b9bba6cc837fe52b859a0c8b185f54dc2dcf379ea27dc306c5a5f68c0c75c3e,9,0,0,0,0,17,0,15,0,0,0,0,0,0,0,8,0,41,0,3,15,314,26064,88046,67,16,17,41,0,5,15,314
375,SADOUTER,1,16,45,63,1,1,win,7042,880.250,0,50754,0,50754,-250,10635,0,0,25,27,0,0,0,0,0,11,127,0,138,6857,2457,6857,0,4,0,8,1,135,450,399,2700,4dfecbd893aeffba4fae373c0f50fdc0843835c2ce1e1e6972b1ac22137aa7d9,0,0,0,0,4,4,4,0,0,0,0,1,0,0,0,0,0,0,0,0,85,82,27577,78122,11,79,25,27,2,1,85,82
376,LOWALIN,1,16,45,63,1,0,win,7736,967.000,32859,0,32859,0,7975,-250,0,0,56,30,0,0,0,0,2,0,151,0,153,7505,1049,7505,22,4,0,9,1,135,450,399,2700,afb702314c3ffa4be1d625f0bed0b66412b27f897108fbc746e86060e0289d3b,12,10,0,0,6,3,0,4,0,0,1,0,0,0,0,0,0,0,0,0,94,152,142794,35059,81,18,56,30,1,2,94,152
376,LOWALIN,1,16,45,63,1,1,win,5554,694.250,0,47469,0,47469,-250,7247,0,0,7,15,0,0,0,0,0,12,155,0,167,5393,2505,5393,1,0,0,2,1,135,450,399,2700,3efe6cfb181f973d01ef3fa52b578f3bcc7bb548023df8b2eca031fba033c80b,1,0,0,0,0,2,0,0,0,0,0,1,0,0,0,0,0,0,0,0,6,31,3434,62261,18,107,7,15,0,1,6,31
377,QAZUSDON,1,16,45,63,1,0,ongoing,9600,1200.000,29012,18650,29012,18650,7964,-53,0,0,29,24,0,0,0,0,3,1,82,0,86,8985,1273,8985,19,8,0,7,1,135,450,399,2700,e1b16e24425899bbe12595c38b619b7217e0be4f93f3ea4df06752dedb6fc969,3,16,0,0,1,6,0,8,0,0,1,0,0,0,0,0,0,0,0,0,184,198,77369,29128,72,10,29,24,1,3,184,198
377,QAZUSDON,1,16,45,63,1,1,win,4880,610.000,0,44725,0,44725,-250,7695,0,0,16,33,0,0,0,0,0,3,163,0,166,4657,1529,4657,3,1,0,5,1,135,450,399,2700,2aff7344a7f475f201d3e8965cbf49fe9a97537293f67e0c5647b388a6f5dd78,3,0,0,0,3,2,1,0,0,0,0,1,0,0,0,0,0,0,0,0,29,30,13751,96088,13,90,16,33,1,1,29,30
378,VERYINMAR,1,16,45,63,1,0,loss,8720,1090.000,1,142812,0,142812,-238,1379,0,52,5,52,0,4,0,0,0,80,47,1,128,0,865,8705,13,12,0,15,0,135,450,399,2700,abf9f239255ddb03e0fe2ca4c654cd21e67cac9d72d61d2126da7a945f036cf2,0,13,0,0,0,15,0,12,0,0,0,0,0,0,0,4,0,52,0,1,2,200,9719,142812,54,15,5,52,0,4,2,200
378,VERYINMAR,1,16,45,63,1,1,win,7989,998.625,0,43480,0,43480,-250,11063,0,0,28,42,0,0,0,0,0,5,152,0,157,7764,433,7764,5,3,0,16,1,135,450,399,2700,d93bfd206e6d23b9c1dc0714bc3d93f6c2944ae532eceb4fea58bb29c42ee4ab,4,1,0,0,9,7,3,0,0,0,0,1,0,0,0,0,0,0,0,0,166,79,29868,110730,14,100,28,42,3,1,166,79
379,MINLOPLUG,1,16,45,63,1,0,ongoing,9600,1200.000,85214,10793,85214,10793,22132,5425,31,14,31,29,78,3,0,0,134,23,5,0,162,0,1089,9073,12,7,0,22,0,135,450,399,2700,60bb0e18ee54a1fdb413edc0764e26f8f4fff1fbcf1da957dabb8eb80e49de4d,5,7,0,1,12,10,0,7,0,0,0,0,0,0,78,3,31,14,1,0,51,136,85214,31170,81,10,31,29,1,3,51,136
379,MINLOPLUG,1,16,45,63,1,1,win,4551,568.875,0,31901,0,31901,-250,10387,0,0,14,23,0,0,0,0,0,3,104,0,107,4331,2353,4331,0,1,0,3,1,135,450,399,2700,66a7880287d8cce9f4f5cf06f93fd8a863dc5c0e73db586035179d5add603af7,0,0,0,0,2,1,1,0,0,0,0,1,0,0,0,0,0,0,0,0,12,35,9501,60514,15,57,14,23,2,1,12,35
380,HAMTT,3,16,63,63,1,0,win,4975,621.875,20490,0,20490,0,4831,2138,0,0,36,25,0,0,0,0,1,0,149,0,150,4745,921,4745,50,13,0,12,1,135,225,399,2700,3a2c94b1533d9142f06a6fc25a03edd68a1a3150321468b0631241a2240c7fc0,22,28,5,4,3,9,0,13,0,0,1,0,0,0,0,0,0,0,0,0,13,151,67081,29643,77,26,36,25,1,4,13,151
380,HAMTT,3,16,63,63,1,1,loss,6812,851.500,81089,1,81089,0,10365,-250,33,0,33,16,6,0,0,0,63,0,23,1,87,0,1057,6729,42,37,0,19,0,135,225,399,2700,e0a3b58ed9ce3f3e46628c7f39f55ba48ae891edc5cc751f1abbe602f286d20b,38,4,2,0,19,0,37,0,0,0,0,0,0,0,6,0,33,0,2,0,362,11,94080,16280,17,69,33,16,7,0,362,11
381,FUTPEBAR,3,16,63,63,1,0,win,8284,1035.500,31802,0,31802,0,10517,-250,0,0,37,25,0,0,0,0,1,0,52,0,53,8025,201,8025,61,32,0,12,1,135,225,399,2700,778d8b6c6b6dfb6e11afd3824503bcea1b9eee5b7e8e39e133af8e3f9608848f,28,33,1,2,1,11,0,32,0,0,1,0,0,0,0,0,0,0,0,0,73,493,70573,42229,92,22,37,25,1,6,73,493
381,FUTPEBAR,3,16,63,63,1,1,loss,4162,520.250,70977,0,70977,0,1671,-178,30,0,30,4,3,0,0,0,47,0,13,0,60,0,225,4156,2,22,0,11,0,135,225,399,2700,d0d928e0c23270651b211f97f66002976f4f87b6b4864814e6672afea777e2c7,0,2,1,0,11,0,22,0,0,0,0,0,0,0,3,0,30,0,3,0,110,0,71005,8985,18,41,30,4,4,0,110,0
382,SUZOZER,3,16,63,63,1,0,ongoing,9600,1200.000,80035,34606,80035,34606,77455,4241,41,5,45,41,87,5,0,0,183,21,3,0,207,0,385,9441,104,62,0,23,0,135,225,399,2700,8ecfbd6ae110af57a83c7e27f9f2a3aa203d9054d5df831b590e427c001fa2e9,43,61,5,0,1,22,0,62,0,0,0,0,0,0,87,5,41,5,1,2,25,783,80035,109738,103,23,45,41,1,7,25,783
382,SUZOZER,3,16,63,63,1,1,win,7080,885.000,0,28090,0,28090,7202,4889,0,0,38,49,0,0,0,0,0,1,179,0,180,6817,1201,6817,48,39,0,22,1,135,225,399,2700,58407a33713e8cdb673d0f36d1a89dae1579d266b9ed4190f3f427a755b12041,0,48,3,5,18,4,39,0,0,0,0,1,0,0,0,0,0,0,0,0,395,31,69119,92578,27,81,38,49,7,1,395,31
383,DOUWILING,3,16,63,63,1,0,loss,2722,340.250,0,48469,0,48469,-250,6634,0,28,2,28,0,4,0,0,0,46,33,0,79,0,321,2673,13,13,0,3,0,135,225,399,2700,f40582ebe8cdfe4e40dc2cb15ef8fc8748ddbea46bd86728a531db20089b3710,0,13,0,0,0,3,0,13,0,0,0,0,0,0,0,4,0,28,0,1,0,49,4624,48499,29,7,2,28,0,2,0,49
383,DOUWILING,3,16,63,63,1,1,win,8809,1101.125,0,21680,0,21680,10024,2824,0,0,28,30,0,0,0,0,0,1,196,0,197,8553,1025,8553,113,36,0,17,1,135,225,399,2700,b54df2950325d1009b12e15218550d086a7bca70bb37c73b259294267c0571bb,73,40,2,0,15,2,36,0,0,0,0,1,0,0,0,0,0,0,0,0,518,65,34070,70671,24,111,28,30,6,1,518,65
384,SHIINGORD,3,16,63,63,1,0,loss,2534,316.750,1,48983,0,48983,-250,7359,0,30,2,30,0,3,0,0,0,48,5,1,54,0,665,2473,1,13,0,5,0,135,225,399,2700,aea420d9a10971dcb665edca49652f6d97237f8f229a24fcc0de0fb69d5d5f10,1,0,0,1,0,5,0,13,0,0,0,0,0,0,0,3,0,30,0,3,0,27,2244,49123,12,10,2,30,0,3,0,27
384,SHIINGORD,3,16,63,63,1,1,win,8392,1049.000,0,37773,0,37773,7009,3957,0,0,24,40,0,0,0,0,0,7,111,0,118,8185,529,8185,46,34,0,19,1,135,225,399,2700,1550b72b4f923f07b8afb311b648c40f6642340ec74b579424f30c4c430d3477,34,12,0,3,18,1,33,1,0,0,0,1,0,0,0,0,0,0,0,0,566,31,49126,73312,14,87,24,40,6,1,566,31
385,HURTOMAR,1,16,63,63,1,0,loss,4128,516.000,1,104181,0,104181,-250,6183,0,54,8,54,0,3,0,0,0,75,12,1,88,0,1241,4065,10,4,0,4,0,135,180,399,2700,12dfe8af47326050b7537d311c6aa64eee280e49ccfb7b0d03d8d5fad0b64d74,0,10,0,1,0,4,0,4,0,0,0,0,0,0,0,3,0,54,0,2,0,70,9061,104181,29,11,8,54,0,2,0,70
385,HURTOMAR,1,16,63,63,1,1,ongoing,9600,1200.000,31906,100938,31906,100938,-21,59342,11,29,43,33,4,112,0,0,25,175,0,0,200,0,609,9340,34,8,0,13,0,135,180,399,2700,db5b7c9ead6197748bf974a76916ce36f7934deaf179861bdffe91999bcaaeb3,9,25,2,0,11,2,8,0,0,0,0,0,0,0,4,112,11,29,0,1,245,38,81009,101061,22,112,43,33,3,1,245,38
386,JOSMELUG,1,16,63,63,1,0,loss,4749,593.625,1,82917,0,82917,-250,2246,0,64,7,64,0,10,0,0,0,95,20,1,116,0,1489,4722,5,5,0,7,0,135,180,399,2700,c6c1181bc2ad9b9d1c10f83ce1b59b5a584d1fe07c4214bed64e51c404217012,1,4,0,1,0,7,0,5,0,0,0,0,0,0,0,10,0,64,0,3,2,114,12667,83089,33,21,7,64,0,3,2,114
386,JOSMELUG,1,16,63,63,1,1,ongoing,9600,1200.000,24598,7626,24598,7626,279,17643,0,0,38,28,0,0,0,0,1,2,146,0,149,8305,1649,8305,30,12,0,3,1,135,180,399,2700,e9b357e2af7fd2262b62e4eb4cbe2997777d23a79075db10638202e26231bb33,13,17,2,0,2,1,12,0,0,0,0,1,0,0,0,0,0,0,0,0,179,190,66334,131077,26,124,38,28,2,1,179,190
387,TIMMPHILL,1,16,63,63,1,0,ongoing,9600,1200.000,71575,28807,71575,28807,5523,2645,38,0,38,35,95,1,0,0,163,5,12,0,180,0,353,9454,24,15,0,9,0,135,180,399,2700,622a279e3c8210ee7b5f5caa54bb006758ebcd4a75876565cc989aac437fff32,8,16,0,1,1,8,0,15,0,0,0,0,0,0,95,2,38,0,0,2,44,372,71575,73424,103,23,38,35,1,5,44,372
387,TIMMPHILL,1,16,63,63,1,1,loss,3703,462.875,59802,2,59802,0,5436,-250,32,0,32,5,7,0,0,0,54,0,26,2,82,0,801,3529,2,4,0,2,0,135,180,399,2700,7d003fb8a65bd5c75e3b78bb4e517aff61ec02f5dc3216cd6d81f0a050601bfa,0,2,2,0,2,0,4,0,0,0,0,0,0,0,7,0,32,0,1,0,35,0,59978,9219,13,28,32,5,2,0,35,0
388,CALHIPMET,1,16,63,63,1,0,ongoing,9600,1200.000,144247,80230,144247,80230,73692,7491,30,32,33,37,118,3,0,0,162,46,0,0,208,0,1545,9393,46,16,0,7,0,135,180,399,2700,a27fae9354c259791710acf17d577a91faa9e923239398ea1505aa2b2813d812,29,17,0,2,1,6,0,16,0,0,0,0,0,0,118,3,30,32,1,1,98,265,144247,80274,124,29,33,37,1,4,98,265
388,CALHIPMET,1,16,63,63,1,1,win,8989,1123.625,0,34105,0,34105,-250,10457,0,0,34,52,0,0,0,0,0,2,149,0,151,8761,1737,8761,28,8,0,10,1,135,180,399,2700,0cbc09da4425a30c6584faa5a8303af54b8eae985a0182cbf22232d3ab636e8d,18,10,1,0,7,3,8,0,0,0,0,1,0,0,0,0,0,0,0,0,249,101,43500,156916,25,97,34,52,3,1,249,101
389,SCOOUTED,1,16,63,63,1,0,loss,2582,322.750,1,46601,0,46601,-250,2927,0,35,2,35,0,7,0,0,0,54,14,1,69,0,1625,2513,0,2,0,2,0,135,180,399,2700,d303b05012897427bc825d9acfc6ef267805341fa8968d41a76b9cebef2e7636,0,0,0,1,0,2,0,2,0,0,0,0,0,0,0,7,0,35,0,2,0,23,4172,46743,15,13,2,35,0,2,0,23
389,SCOOUTED,1,16,63,63,1,1,win,9341,1167.625,0,51284,0,51284,2005,-53,0,0,31,55,0,0,0,0,0,4,158,0,162,9129,2433,9129,23,9,0,9,1,135,180,399,2700,ed074c9a3e1d9378ee7aee99234254ce93441f21fd884eba9c2666c9201ac93a,10,13,1,0,5,4,9,0,0,0,0,1,0,0,0,0,0,0,0,0,180,77,46851,129089,24,98,31,55,3,1,180,77
390,SWAAING,1,16,63,63,1,0,loss,5475,684.375,1,121739,0,121739,-250,3017,0,52,5,52,0,3,0,0,0,72,9,1,82,0,2789,5417,0,7,0,5,0,135,135,399,2700,99ef234f96231c6dd32c6811b9ba93c802c91dac37ad59e3d747b74027978bad,0,0,0,1,0,5,0,7,0,0,0,0,0,0,0,3,0,52,0,2,1,54,5932,121819,17,11,5,52,0,3,1,54
390,SWAAING,1,16,63,63,1,1,loss,5600,700.000,124434,1,124434,0,2932,-250,56,0,57,6,7,0,0,0,84,0,23,1,108,0,497,5561,10,5,0,7,0,135,135,399,2700,763c3a32199d36f2343e5ff7144d8a4b57bb48e2201205973115438a693d36b6,9,1,0,0,7,0,5,0,0,0,0,0,0,0,7,0,56,0,3,0,97,0,124434,7587,13,32,57,6,5,0,97,0
391,KILLGBORD,1,16,63,63,1,0,loss,4539,567.375,0,86818,0,86818,-213,2613,0,40,3,40,0,7,0,0,0,61,65,0,126,0,1635,4433,1,7,0,5,0,135,135,399,2700,46a1b4b7e27bb45a0c02c356c2603240cfd04dd2c1af967ebfd3214caefc5c58,1,0,0,3,0,5,0,7,0,0,0,0,0,0,0,7,0,40,0,1,3,126,11451,86882,63,13,3,40,0,4,3,126
391,KILLGBORD,1,16,63,63,1,1,ongoing,9600,1200.000,38253,77255,38253,77255,255,4138,18,34,36,35,2,71,0,0,36,127,8,0,171,0,1897,9526,30,20,0,7,0,135,135,399,2700,09e77f9292a0bb71d9b2aa79cb4f162384bfe6c73140b8483bdcb171a5afa227,20,10,0,0,6,1,20,0,0,0,0,0,0,0,3,71,18,34,0,1,378,96,59394,77255,29,82,37,35,4,1,378,96
392,EOAINCON,1,16,63,63,1,0,ongoing,9600,1200.000,460,128469,460,128469,-227,2412,0,45,21,45,6,6,0,0,7,65,64,0,136,0,1137,9553,32,13,0,23,0,135,135,399,2700,4984c60916fd071354d7ce49bd0e3b5b9d27163e08e3e0adc65df73c0949d01b,4,28,0,1,0,23,0,13,0,0,0,0,0,0,6,6,0,45,0,2,7,387,24879,137326,77,17,21,45,0,8,7,387
392,EOAINCON,1,16,63,63,1,1,loss,7236,904.500,131660,0,131660,0,1925,-54,53,0,53,14,6,0,0,0,71,0,53,0,124,0,2025,7193,0,14,0,14,0,135,135,399,2700,9dc2bf9d508302fdaebfac1cab8cc163fd50f1d66738087dfe989eef9f609e4d,0,0,0,0,14,0,14,0,0,0,0,0,0,0,6,0,53,0,2,0,174,7,160905,17519,8,43,53,14,4,0,174,7
393,BURLOPILL,1,16,63,63,1,0,loss,4511,563.875,0,113417,0,113417,-213,968,0,66,6,66,0,6,0,0,0,92,13,0,105,0,1193,4489,11,6,0,4,0,135,135,399,2700,3bf5883b6ebcff54cc3bf1196caeab2f16be4a8670a288ffb57a12e161fc278f,1,10,0,1,0,4,0,6,0,0,0,0,0,0,0,6,0,66,0,2,1,75,8655,113593,28,19,6,66,0,3,1,75
393,BURLOPILL,1,16,63,63,1,1,ongoing,9600,1200.000,76447,36512,76447,36510,5578,1067,19,17,46,27,17,90,0,0,59,129,5,2,195,0,2094,9442,1,24,0,17,0,135,135,399,2700,5e3d260848827df53f7ef9bb38c47d24ab6a22c5294e9acbfe08957cc3cfcd3e,0,1,0,0,17,0,24,0,0,0,0,0,0,0,17,90,19,17,4,0,381,22,101514,36512,23,96,46,27,6,0,381,22
394,MORTHILL,1,16,63,63,1,0,ongoing,9600,1200.000,18364,71386,18364,71386,291,10334,16,26,18,46,20,9,0,0,39,49,13,0,101,0,1129,9513,27,12,0,15,0,135,135,399,2700,aadc51863ad2ffc71e0e6d4feb3069736c0964245d8efa7daab5f833b95e5d5c,1,26,0,0,0,15,0,12,0,0,0,0,0,0,20,9,16,26,0,1,25,201,18364,123097,48,12,18,46,0,4,25,201
394,MORTHILL,1,16,63,63,1,1,loss,4924,615.500,87703,0,87703,0,1048,-250,43,0,43,6,1,0,0,0,56,0,5,0,61,0,657,4913,8,3,0,5,0,135,135,399,2700,033fd49c368846b97baf064eada7e0a314b3d89101b00b179abb1efdd2f9df90,6,2,1,0,5,0,3,0,0,0,0,0,0,0,1,0,43,0,1,0,41,0,87777,7219,15,10,43,6,3,0,41,0
395,NIMPEMET,0,16,41,63,1,0,loss,4155,519.375,0,60996,0,60996,-250,2428,0,53,10,53,0,7,0,0,0,78,31,0,109,0,761,4150,31,14,0,6,0,90,135,399,2700,5c7e468624d662c2b3996bdcb801a9e3a01764ed1e07d43e5b2c25356d3b5169,7,24,0,2,0,6,0,14,0,0,0,0,0,0,0,8,0,52,0,2,1,82,8601,61035,29,22,10,53,0,3,1,82
395,NIMPEMET,0,16,41,63,1,1,win,4375,546.875,0,13958,0,13958,6350,3807,0,0,26,17,0,0,0,0,0,1,159,0,160,4089,689,4089,6,10,0,4,1,90,135,399,2700,ed697598e0775ca91d9d8de7ee8d03ce9dc23aabed798332f77b656bb155e820,0,6,0,0,0,4,10,0,0,0,0,1,0,0,0,0,0,0,0,0,15,22,21156,47383,16,73,26,17,0,1,15,22
396,BILOZED,0,16,41,63,1,0,ongoing,9600,1200.000,18050,21453,18047,21453,-112,1930,1,22,21,30,82,6,0,0,125,49,25,3,202,0,465,9593,65,46,0,13,0,90,135,399,2700,3abe9fb93841f8d1c7de236ead118e6714f784e5b5e8635a42a34d85c3fe5a5b,18,47,0,1,0,13,0,46,0,0,0,0,0,0,81,6,1,22,0,5,90,720,27586,35970,117,21,21,30,0,6,90,720
396,BILOZED,0,16,41,63,1,1,win,6308,788.500,0,30286,0,30286,-250,13994,0,0,24,33,0,0,0,0,0,1,146,0,147,6049,1225,6049,35,13,0,5,1,90,135,399,2700,911598d95b2a726be613d3ef1db212e3322044dd5032d769174e48180274e09f,28,7,0,0,0,5,13,0,0,0,0,1,0,0,0,0,0,0,0,0,103,106,23663,50372,23,81,24,33,0,1,103,106
397,RINGIKEHAM,0,16,41,63,1,0,loss,8586,1073.250,0,169647,0,169647,-69,11678,0,57,4,63,0,8,0,0,0,89,8,0,97,0,1369,8515,2,56,0,21,0,90,135,399,2700,df4382fb9fd0d2b949ba823b790616f0607c84385fbde50a0879bf4b1716a100,2,0,0,1,0,21,0,56,0,0,0,0,0,0,0,9,0,56,0,8,0,123,13315,169661,40,20,4,63,0,9,0,123
397,RINGIKEHAM,0,16,41,63,1,1,ongoing,9600,1200.000,18038,53236,18037,53236,1383,69859,17,25,35,25,9,65,0,0,36,133,28,1,198,0,1633,9536,59,39,0,4,0,90,135,399,2700,a0662851aeb16b30f04f3ddff127410d4f2c96dea397931dc169a7b4790638f9,38,21,0,0,0,4,39,0,0,0,0,0,0,0,9,65,17,25,0,1,248,131,39065,72383,23,98,35,25,0,1,248,131
398,WEAVOGOOND,0,16,41,63,1,0,loss,3163,395.375,1,36842,0,36842,-250,4889,0,42,2,42,0,7,0,0,0,67,12,1,80,0,1185,3124,1,10,0,5,0,90,135,399,2700,3c5099346e0b58c8fadfd8eba4abf10563a94d984d5ea0838caffc7ad141d6b1,1,0,0,1,0,5,0,10,0,0,0,0,0,0,0,7,0,42,0,4,0,31,3008,36880,14,14,2,42,0,4,0,31
398,WEAVOGOOND,0,16,41,63,1,1,win,7159,894.875,0,32000,0,32000,-250,10449,0,0,30,39,0,0,0,0,0,1,164,0,165,6897,337,6897,11,26,0,1,1,90,135,399,2700,4b852100767e44c0c6b4ad36f81eb118412c22ca1f27f00ada6c68340e62331d,0,11,0,0,0,1,26,0,0,0,0,1,0,0,0,0,0,0,0,0,219,91,32411,60924,23,101,30,39,0,1,219,91
399,ALPOCON,0,16,41,63,1,0,loss,3201,400.125,0,36551,0,36551,-250,5210,0,35,1,35,0,30,0,0,0,97,5,0,102,0,1617,3199,0,8,0,3,0,90,135,399,2700,07a1b9911dbeb3548f65f552bbeb23c3855ae57684207b890fd2b575bdccb30d,0,0,0,1,0,3,0,8,0,0,0,0,0,0,0,30,0,35,0,3,0,24,1418,36565,10,33,1,35,0,3,0,24
399,ALPOCON,0,16,41,63,1,1,win,4711,588.875,0,28382,0,28382,-250,24735,0,0,34,34,0,0,0,0,0,2,126,0,128,4473,281,4473,29,10,0,3,1,90,135,399,2700,3990dc9456511e1f049c7e717fc0c3456a06855dfda64733e6c93c3cb3e27eda,21,8,0,0,0,3,10,0,0,0,0,1,0,0,0,0,0,0,0,0,57,77,27284,50034,17,115,34,34,0,1,57,77
400,BADMEILL,0,16,25,63,1,0,loss,4575,571.875,0,56063,0,56063,-250,8635,0,47,11,47,0,4,0,0,0,70,14,0,84,0,529,4505,30,14,0,7,0,90,135,399,2700,b2b0d11078b06364c4d182f43de9f239dba7e8616a7336f870854a5b227a5ab0,4,26,0,2,0,7,0,14,0,0,0,0,0,0,0,4,0,47,0,2,1,114,10226,56102,32,15,11,47,0,4,1,114
400,BADMEILL,0,16,25,63,1,1,win,8707,1088.375,0,28649,0,28649,-250,11589,0,0,51,35,0,0,0,0,0,2,189,0,191,8449,1485,8449,24,49,0,3,1,90,135,399,2700,a765be0b69f5932b0cb6868b9a32291e423f82ffcfbefe48536910a018856e16,0,24,0,0,0,3,49,0,0,0,0,1,0,0,0,0,0,0,0,0,286,146,56054,76844,21,117,51,35,0,1,286,146
401,IMMMPTORY,0,16,25,63,1,0,loss,6206,775.750,1,99042,0,99042,-250,3354,0,50,11,50,0,6,0,0,0,73,45,1,119,0,393,6185,63,31,0,15,0,90,135,399,2700,c934a5ce0dbeb8a59e0c396b5d57feb99176d680d22382c6bc75dc131481a69c,1,62,0,1,0,15,0,31,0,0,0,0,0,0,0,6,0,50,0,4,7,346,14191,99143,65,16,11,50,0,6,7,346
401,IMMMPTORY,0,16,25,63,1,1,ongoing,9600,1200.000,14996,37953,14996,37953,9485,4096,0,0,20,33,0,0,0,0,2,2,176,0,180,6217,393,6217,36,12,0,3,1,90,135,399,2700,8df5059212a483cdc9045f2beef59be7ca12798b63c2fb0063a8f2f49fff6aa9,20,16,0,0,0,3,10,2,0,0,0,1,0,0,0,0,0,0,0,0,101,96,21850,65083,34,95,21,33,0,1,101,96
402,HOBHIPEND,0,16,25,63,1,0,loss,4697,587.125,1,44680,0,44680,-250,4682,0,40,6,40,0,2,0,0,0,56,37,1,94,0,889,4665,25,11,0,8,0,90,135,399,2700,e01c4bcbaca200b0982dc7d007648e1b74a360a17496f50d8d1b2c6122d17005,2,23,0,2,0,8,0,11,0,0,0,0,0,0,0,2,0,40,0,3,0,107,15504,44692,48,24,6,40,0,5,0,107
402,HOBHIPEND,0,16,25,63,1,1,win,8862,1107.750,0,58671,0,58671,-242,4897,0,0,34,36,0,0,0,0,0,11,136,0,147,8657,233,8657,53,32,0,2,1,90,135,399,2700,f9bcb3ea480dfd701aa38f875055225da0a1929385c0f4424b1f8e007db3d4c0,33,20,0,0,0,2,32,0,0,0,0,1,0,0,0,0,0,0,0,0,164,65,45226,77694,20,107,34,36,0,1,164,65
403,BUGOUTME,0,16,25,63,1,0,loss,4048,506.000,0,51611,0,51611,-250,4436,0,52,10,52,0,7,0,0,0,79,26,0,105,0,521,4025,32,14,0,6,0,90,135,399,2700,719ed3da707424dc563b1878240cfbf457dbecc5fd030c2d2375e85795291508,7,25,0,0,0,6,0,14,0,0,0,0,0,0,0,7,0,52,0,2,1,102,14867,51611,44,18,10,52,0,4,1,102
403,BUGOUTME,0,16,25,63,1,1,win,7353,919.125,0,32340,0,32340,-250,16793,0,0,30,27,0,0,0,0,0,2,67,0,69,7105,1297,7105,32,23,0,6,1,90,135,399,2700,6ee1135879446713cc49b65e194fb957c1c4a83d23197b153cf8054aa0e56415,22,10,0,0,0,6,23,0,0,0,0,1,0,0,0,0,0,0,0,0,189,160,25775,63045,21,117,30,27,0,1,189,160
404,SHADEHAM,0,16,25,63,1,0,loss,5484,685.500,0,80933,0,80933,-250,2113,0,56,11,56,0,4,0,0,0,71,39,0,110,0,297,5474,31,28,0,8,0,90,135,399,2700,0fa2ec9b1d3996fa5cf58f6037c8f4d39a2a1fd4532f2ed35dd3b074aff3aceb,5,26,0,2,0,8,0,28,0,0,0,0,0,0,0,4,0,56,0,2,3,137,9221,80958,34,15,11,56,0,4,3,137
404,SHADEHAM,0,16,25,63,1,1,win,7905,988.125,0,19052,0,19052,19337,2766,0,0,36,30,0,0,0,0,0,2,175,0,177,7665,1089,7665,25,38,0,6,1,90,135,399,2700,f5d989cfa9832694ef7b49a9ca94635dc83ce044362b57d3f93fff2cd5baac36,0,25,0,0,0,6,38,0,0,0,0,1,0,0,0,0,0,0,0,0,178,123,42497,63458,18,87,36,30,0,1,178,123
405,CORGBOND,1,16,27,63,1,0,loss,2535,316.875,1,17312,0,17312,-250,8373,0,18,2,18,0,3,0,0,0,28,1,1,30,0,1505,2065,1,0,0,2,0,90,180,399,2700,72eb29158c91d0174a74612fa4a68e423955ae53c5305def182cda3f134bc8e8,1,0,0,0,0,2,0,0,0,0,0,0,0,0,0,3,0,18,0,1,1,2,4940,19353,2,10,2,18,0,2,1,2
405,CORGBOND,1,16,27,63,1,1,win,8877,1109.625,0,31862,0,31862,-250,13745,0,0,25,45,0,0,0,0,0,1,157,0,158,8641,795,8641,5,8,0,5,1,90,180,399,2700,c26d5cd73a8040e71451227e6818ff79a43dc332270e3deb47f61ba7ac870612,0,5,0,0,0,5,8,0,0,0,0,1,0,0,0,0,0,0,0,0,80,113,35983,145998,22,106,25,45,0,2,80,113
406,BININLOW,1,16,27,63,1,0,loss,9127,1140.875,0,76594,0,76594,19,-1,0,31,9,32,0,6,0,0,0,47,35,0,82,0,2276,9105,0,11,0,10,0,90,180,399,2700,ebb7b0e2c3aae10b95b7a01936555d812a87208d091b8e6890991dc3976f1ce6,0,0,0,0,0,10,0,11,0,0,0,0,0,0,0,7,0,30,0,1,6,136,11972,76738,46,13,9,32,0,3,6,136
406,BININLOW,1,16,27,63,1,1,win,8217,1027.125,0,87143,0,87143,-239,1646,0,0,22,37,0,0,0,0,0,54,104,0,158,8134,2033,8134,2,8,0,2,1,90,180,399,2700,883641f9cba28ac7395000691b599eb641fd967b249d9b11dbf150938c96d4b9,0,2,0,0,0,2,8,0,0,0,0,1,0,0,0,0,0,0,0,0,52,104,22845,100729,16,86,22,37,0,1,52,104
407,SADLOPICK,1,16,27,63,1,0,loss,1915,239.375,1,17083,0,17083,243,8656,0,19,1,19,0,1,0,0,0,31,0,1,32,0,1401,1401,0,0,0,1,0,90,180,399,2700,a4cce6799d3135b6ca2b83daa017429f7e49e0a7237da7e45013104f0a764512,0,0,0,0,0,1,0,0,0,0,0,0,0,0,0,1,0,19,0,1,0,1,2403,19420,1,4,1,19,0,1,0,1
407,SADLOPICK,1,16,27,63,1,1,win,5653,706.625,0,42939,0,42939,1221,2054,0,0,19,23,0,0,0,0,0,4,64,0,68,5449,1241,5449,7,2,0,3,1,90,180,399,2700,774d6add927612210adbfcdd7ec6c5b25bb4bfef534319099ec6311aeef1bcb8,6,1,0,0,0,3,2,0,0,0,0,1,0,0,0,0,0,0,0,0,36,69,14303,68701,17,76,19,23,0,1,36,69
408,LOWTTORY,1,16,27,63,1,0,loss,2628,328.500,0,18582,0,18582,-250,1893,0,24,5,24,0,3,0,0,0,40,3,0,43,0,1209,2492,2,1,0,2,0,90,180,399,2700,4f1484bd21ca80ddfa9719acefc0c21eb91a0dcf524a57e27ae1905e5fc5f5c1,0,2,0,0,0,2,0,1,0,0,0,0,0,0,0,3,0,24,0,1,0,14,5157,19658,4,8,5,24,0,2,0,14
408,LOWTTORY,1,16,27,63,1,1,win,6967,870.875,0,53707,0,53707,175,1254,0,0,20,67,0,0,0,0,0,3,113,0,116,6761,777,6761,7,4,0,5,1,90,180,399,2700,c85639ad71d6393b9076898bce7cd33da3184cb30f812507bb0021bede358854,5,2,0,0,0,5,4,0,0,0,0,1,0,0,0,0,0,0,0,0,46,80,19483,164921,16,45,21,67,0,1,46,80
409,QAZPEEND,1,16,27,63,1,0,win,7171,896.375,185854,0,185854,0,25806,363,71,0,71,22,58,0,0,0,159,0,6,0,165,0,577,6796,57,1,0,2,0,90,180,399,2700,d3471f6c138caff63ca7b19b2b50fcf6d7d81f70c46eb63a58e463792368610d,53,4,0,0,0,2,0,1,0,0,0,0,0,0,58,0,71,0,0,0,62,43,185918,15230,65,19,71,22,0,1,62,43
409,QAZPEEND,1,16,27,63,1,1,ongoing,9600,1200.000,24677,29931,24677,29931,6891,1917,0,0,30,41,0,0,0,0,2,2,162,0,166,8233,1641,8233,22,6,0,1,1,90,180,399,2700,0641297d5c18e2e72935de701f39682f156d2b1a7fd70cdb1ca5987579694215,7,15,1,0,0,1,6,0,0,0,0,1,0,0,0,0,0,0,0,0,67,55,30039,107073,13,102,30,41,0,1,67,55
410,VERYEAME,1,16,34,63,1,0,loss,6957,869.625,2,162905,0,162905,-250,7008,0,61,10,61,0,2,0,0,0,81,31,2,114,0,1537,6881,14,6,0,11,0,45,135,399,2700,e0425fb111aeb54a00d917aa8388b79adb903b60ef64bc8c6d29ba67a6b92c0c,0,14,0,1,0,11,0,6,0,0,0,0,0,0,0,2,0,61,0,3,4,122,6890,163055,37,16,10,61,0,4,4,122
410,VERYEAME,1,16,34,63,1,1,win,8720,1090.000,0,29317,0,29317,54110,22554,0,0,31,25,0,0,0,0,0,3,160,0,163,8489,3545,8489,5,4,0,2,1,45,135,399,2700,084e9d6a2a24e49d192849eb6c02576b95a4df3ed0eecc3b3edb48a218cb265c,0,5,4,0,0,2,0,4,0,0,0,1,0,0,0,0,0,0,0,0,43,118,24045,63154,17,85,32,25,0,1,43,118
411,MINIKEOLD,1,16,34,63,1,0,ongoing,9600,1200.000,51393,40207,51393,40207,12087,10498,23,15,23,22,71,6,0,0,112,33,2,0,147,0,643,9047,22,10,0,10,0,45,135,399,2700,5f805f40e1fa53812f307995172758c4dcbe4b05e3a2adcd7859e388c2b563c9,0,22,1,1,0,10,0,10,0,0,0,0,0,0,71,6,23,15,0,1,10,313,51393,44261,83,14,23,22,0,3,10,313
411,MINIKEOLD,1,16,34,63,1,1,win,8225,1028.125,0,31241,0,31241,93231,7094,0,0,30,64,0,0,0,0,0,2,151,0,153,8001,3891,8001,0,0,0,11,1,45,135,399,2700,762eb4875393a838981bfc7ca2e49cde1fffa74abbfc1a18ad21f776d3b2d467,0,0,2,0,0,11,0,0,0,0,0,1,0,0,0,0,0,0,0,0,81,72,33568,152526,13,68,30,64,0,1,81,72
412,HAMOGOBOY,1,16,34,63,1,0,ongoing,9600,1200.000,149,120481,149,120481,43,2306,0,49,12,50,1,3,0,0,1,72,29,0,102,0,1009,9565,11,10,0,25,0,45,135,399,2700,c98982dc7ba510dc8d89982eb0a6d27acc836764ad039ded881ebd968fd3142a,0,11,0,1,0,25,0,10,0,0,0,0,0,0,1,3,0,49,0,3,5,278,13703,123090,52,10,12,50,0,7,5,278
412,HAMOGOBOY,1,16,34,63,1,1,win,6629,828.625,0,30062,0,30062,9648,25357,0,0,31,58,0,0,0,0,0,1,119,0,120,6385,777,6385,6,0,0,4,1,45,135,399,2700,0b18138bb7eac118a13a7ae74116089f6c4d14f3fadf173b54a937725fe72157,0,6,7,0,0,4,0,0,0,0,0,1,0,0,0,0,0,0,0,0,23,56,40810,112409,12,38,31,58,0,1,23,56
413,FUTOLOW,1,16,34,63,1,0,loss,5685,710.625,0,126069,0,126069,-250,648,0,53,4,53,0,3,0,0,0,81,3,0,84,0,1377,5673,0,6,0,10,0,45,135,399,2700,0f0c8ae3e033a7042143cc64c60fbb1ae1c5555ce71152f81fd51a6a20e093bf,0,0,0,0,0,10,0,6,0,0,0,0,0,0,0,4,0,52,0,2,1,57,4516,127037,22,5,4,53,0,3,1,57
413,FUTOLOW,1,16,34,63,1,1,win,5822,727.750,0,31702,0,31702,21954,17827,0,0,39,45,0,0,0,0,0,2,84,0,86,5601,809,5601,3,0,0,2,1,45,135,399,2700,b655430f1223f4fba69af32238db2d0c802622b5f7364b2f031c2e44aa397a17,0,3,5,0,0,2,0,0,0,0,0,1,0,0,0,0,0,0,0,0,28,49,47037,97399,10,55,39,45,0,1,28,49
414,SUZMEICK,1,16,34,63,1,0,loss,2748,343.500,1,17123,0,17123,1293,2949,0,26,1,26,0,3,0,0,0,48,1,1,50,0,2689,2689,0,0,0,1,0,45,135,399,2700,70a4f876b3bbba138d422d1f8125e1fa90cc54b0220b7b80f541841ba205f387,0,0,0,1,0,1,0,0,0,0,0,0,0,0,0,3,0,26,0,1,0,1,3073,19022,1,6,1,26,0,1,0,1
414,SUZMEICK,1,16,34,63,1,1,loss,6305,788.125,25701,0,25701,0,25153,-250,0,0,46,18,0,0,0,0,1,0,94,0,95,6073,1271,6073,13,0,0,0,1,45,135,399,2700,2a08337e66375e79ed56e3bf96c00fd0b8b5f8d2647261d471571367d151b872,0,13,0,0,0,0,0,0,0,0,1,0,0,0,0,0,0,0,0,0,34,11,80192,38054,18,38,46,18,0,0,34,11
415,DOUMPHOLE,2,16,50,63,1,0,loss,2564,320.500,1,38968,0,38968,-155,3748,0,33,1,33,0,6,0,0,0,50,2,1,53,0,2097,2097,0,0,0,1,0,45,135,399,2700,cb4ad5c28e852628d46794f35a35d23c459664a477d37afae25990e7a09e0ca0,0,0,0,1,0,1,0,0,0,0,0,0,0,0,0,6,0,33,0,1,0,1,2721,39040,1,12,1,33,0,1,0,1
415,DOUMPHOLE,2,16,50,63,1,1,loss,8800,1100.000,39951,0,39951,0,1219,-250,2,0,60,14,8,0,0,0,29,0,61,0,90,0,1001,8576,1,0,2,0,0,45,135,399,2700,4b96200c5afbdceed0f472f105690a8c85182fd0411e1e6c0fa07eedb57d9fed,0,1,1,0,0,0,0,0,2,0,0,0,0,0,8,0,2,0,0,0,40,18,92403,11263,28,24,60,14,0,0,40,18
416,SHIHIPLAS,2,16,50,63,1,0,ongoing,9600,1200.000,254006,61861,254006,61861,53938,2536,87,19,89,43,51,13,0,0,157,48,3,0,208,0,729,9472,7,3,0,6,0,45,135,399,2700,11e00c5a9425348d3c5208ef67e0aadf0b06fb9a8b333365dce06a41e994b340,0,7,2,0,0,6,0,3,0,0,0,0,0,0,51,13,87,19,0,1,28,37,254006,82746,53,20,89,43,0,2,28,37
416,SHIHIPLAS,2,16,50,63,1,1,ongoing,9600,1200.000,30011,36525,30011,36525,303,76,0,0,56,48,14,6,0,0,36,26,81,0,143,0,1057,9392,18,0,2,1,0,45,135,399,2700,ca68db226f6cb00ef32346e91978a63db197139dd3b8921d279563515c56b3d7,0,18,0,0,0,1,0,0,2,0,0,0,0,0,14,6,0,0,0,1,33,16,91940,92673,30,58,56,48,0,1,33,16
417,HURTQAZAL,2,16,50,63,1,0,loss,9528,1191.000,1,187707,0,187707,-235,1097,0,84,13,84,0,11,0,0,0,115,31,1,147,0,1345,9513,12,6,0,8,0,45,135,399,2700,edee776baea5d62df45ca6e55333177d97b0a9d6ed07f49343efd64c43963ca8,0,12,0,1,0,8,0,6,0,0,0,0,0,0,0,11,0,84,0,3,0,136,21271,187707,50,19,13,84,0,4,0,136
417,HURTQAZAL,2,16,50,63,1,1,ongoing,9600,1200.000,37097,6043,37097,6043,95,2865,10,0,68,28,24,0,0,0,43,7,49,0,99,0,1337,8281,8,0,2,0,0,45,135,399,2700,72a0e5265602d1a51bae0b7b5da314c63196475b3a282156843f7933d5837970,0,8,0,0,0,0,0,0,2,0,0,0,0,0,24,0,10,0,0,0,45,12,93980,34406,24,34,68,28,0,0,45,12
418,JOSEOLD,2,16,50,63,1,0,loss,8014,1001.750,1,184114,0,184114,-250,5362,0,73,10,73,0,9,0,0,0,102,8,1,111,0,243,7865,7,3,0,8,0,45,135,399,2700,f6db4c28e156c38bacfc288d9486e009a3a433f4ef55a2c3a87a50d2644a817d,0,7,0,3,0,8,0,3,0,0,0,0,0,0,0,9,0,73,0,2,1,61,12809,184310,19,16,10,73,0,4,1,61
418,JOSEOLD,2,16,50,63,1,1,ongoing,9600,1200.000,45119,934,45119,934,14,26,1,2,54,14,9,3,0,0,23,7,57,0,87,0,5761,9309,2,0,2,0,0,45,135,399,2700,bad89bf01422d4a84d856f12c5a4ecd2dc584a8b33eb3b5981a7c4d11fbebfa8,0,2,0,0,0,0,0,0,2,0,0,0,0,0,9,3,1,2,0,0,35,35,81668,23298,29,28,54,14,0,0,35,35
419,TIMGBBOY,2,16,50,63,1,0,loss,2828,353.500,1,24790,0,24790,-250,5468,0,26,1,26,0,14,0,0,0,54,3,1,58,0,1721,2609,2,0,0,1,0,45,135,399,2700,d62e4a70bb098c6a2198c9ff7947eb0d12d219aae316de75382dca17136f6f82,0,2,0,0,0,1,0,0,0,0,0,0,0,0,0,14,0,26,0,1,0,2,2735,26656,2,17,1,26,0,1,0,2
419,TIMGBBOY,2,16,50,63,1,1,ongoing,9600,1200.000,45087,11428,45087,11428,13917,2197,26,5,42,6,12,64,0,0,50,76,18,0,144,0,2129,9233,32,0,1,0,0,45,135,399,2700,6647487b00d8602d40626f64f92d640cca8c7bdddc7083c05b9a887ffff85e00,0,32,0,0,0,0,0,0,1,0,0,0,0,0,12,64,26,5,0,0,60,14,58843,13912,36,79,42,6,0,0,60,14
420,CALINDOR,2,16,18,63,1,0,ongoing,9600,1200.000,33,86991,32,86991,-218,8436,0,48,13,48,1,4,0,0,1,66,26,1,94,0,1441,9217,6,6,0,14,0,45,135,399,2700,4d4fccdc241baeb43a66579c748de6b39ea0e51f8d7943a6a926004f69ab71db,0,6,0,1,0,14,0,6,0,0,0,0,0,0,1,4,0,48,0,1,6,199,17683,86991,64,10,13,48,0,5,6,199
420,CALINDOR,2,16,18,63,1,1,ongoing,9600,1200.000,6431,65256,6431,65256,2468,23595,17,38,22,38,1,9,0,0,33,49,16,0,98,0,3881,7157,6,0,1,0,0,45,135,399,2700,cde1d045656e0d5bc81bad0422c9f5557fb6b779c8a2575409b128ec2a31fd48,0,6,0,0,0,0,0,0,1,0,0,0,0,0,1,9,17,38,0,0,22,26,22357,65256,16,43,22,38,0,0,22,26
421,SCOLOPPAL,2,16,18,63,1,0,ongoing,9600,1200.000,85509,17128,85509,17128,81517,6341,29,18,32,31,99,4,0,0,146,31,4,0,181,0,809,8577,7,6,0,0,0,45,135,399,2700,0ddafedc6ed72b12827fbcf5170f02d6473dbf8a3889dda168e964a9c9b53620,0,7,2,1,0,0,0,6,0,0,0,0,0,0,99,4,29,18,0,0,111,74,85509,28842,103,18,32,31,0,0,111,74
421,SCOLOPPAL,2,16,18,63,1,1,ongoing,9600,1200.000,29650,41291,29650,41291,34311,2582,20,26,47,26,1,41,0,0,33,71,10,0,114,0,5657,7457,2,0,1,0,0,45,135,399,2700,488e6fbc7be249fbfe3ea10ef91f822d0f85c7a41df90d2f4dbf3e24d36d8b87,0,2,0,0,0,0,0,0,1,0,0,0,0,0,1,41,20,26,0,0,60,33,64805,41291,20,49,47,26,0,0,60,33
422,SWATHOLE,2,16,18,63,1,0,loss,3457,432.125,1,24704,0,24704,-250,7640,0,25,3,25,0,2,0,0,0,38,2,1,41,0,1649,2775,1,0,0,1,0,45,135,399,2700,e1a7f426d7961280ee22631c3810067577efd86154feca31202c8dc99e6926b8,0,1,0,1,0,1,0,0,0,0,0,0,0,0,0,2,0,25,0,1,0,18,3532,24722,8,8,3,25,0,1,0,18
422,SWATHOLE,2,16,18,63,1,1,ongoing,9600,1200.000,11552,54907,11552,54907,1712,7185,15,28,27,31,3,23,0,0,30,63,0,0,93,0,1073,6246,5,0,1,0,0,45,135,399,2700,318bc8ac5cc2ae15fc3812656e255610785793c008ef4774293f893979394153,0,5,0,0,0,0,0,0,1,0,0,0,0,0,3,24,15,28,0,0,23,41,28155,55427,12,32,27,31,0,0,23,41
423,KILLOXLAS,2,16,18,63,1,0,loss,6408,801.000,2,12635,0,12635,-250,6832,0,15,7,16,0,4,0,0,0,27,4,2,33,0,5142,6148,0,0,0,3,0,45,135,399,2700,658c71b721c6940aeb38bd185b99f3b224931cbfa9d87d3c31b3cf5b64967026,0,0,0,2,0,3,0,0,0,0,0,0,0,0,0,4,0,15,0,1,4,31,11087,12835,7,10,7,16,0,2,4,31
423,KILLOXLAS,2,16,18,63,1,1,ongoing,9600,1200.000,12050,62271,12050,62271,3655,45801,14,33,18,33,3,34,0,0,25,72,5,0,102,0,0,0,0,0,0,0,0,45,135,399,2700,62178bd35fd6bce3e3f88efb2736a958d9b0af961ef4d7d7da1efb9ebff6bff0,0,0,0,0,0,0,0,0,0,0,0,0,0,0,3,34,14,33,0,0,31,115,15106,62271,14,39,18,33,0,0,31,115
424,EOAEAAL,2,16,18,63,1,0,loss,6264,783.000,3,83375,0,83375,-250,3410,0,40,12,42,0,1,0,0,0,59,17,3,79,0,1761,6227,4,1,0,9,0,45,135,399,2700,6c46230e612886be18fb73d1c698063698f402d0f82aaf936a72fb63b4609151,0,4,0,2,0,9,0,1,0,0,0,0,0,0,0,1,0,40,0,3,7,84,9938,83996,20,14,12,42,0,4,7,84
424,EOAEAAL,2,16,18,63,1,1,ongoing,9600,1200.000,18568,28054,18568,28054,23971,2585,10,22,44,23,5,2,0,0,26,25,38,0,89,0,5049,5827,1,0,1,0,0,45,135,399,2700,8bd14709e6871d8532233a18de6951c543fee34afb47b546f50a85ebb5c4ad08,0,1,0,0,0,0,0,0,1,0,0,0,0,0,6,2,10,22,0,0,41,28,68043,32856,18,25,44,23,0,0,41,28
425,BURIKEPIL,3,16,52,63,1,0,loss,4054,506.750,2,81860,0,81860,-250,2840,0,34,4,35,0,8,0,0,0,64,10,2,76,0,201,4033,37,18,0,8,0,45,135,399,2700,9c31952130db4b9c84958d5d1fda70944f08cd83ae12a0452088cafe9d67fabe,0,37,0,3,0,8,0,18,0,0,0,0,0,0,0,8,0,34,0,2,4,123,6633,81966,38,11,4,35,0,4,4,123
425,BURIKEPIL,3,16,52,63,1,1,loss,2943,367.875,10089,0,10089,0,94,-237,2,0,22,3,5,0,0,0,13,0,36,0,49,0,153,2601,9,0,1,2,0,45,135,399,2700,2332ffd9de31792a619b836c8c1f2199c14b92bfbcfd4ba7ebe1a7748a9ca428,0,9,0,0,2,0,0,0,1,0,0,0,0,0,5,0,2,0,2,0,4,0,19764,9281,17,5,22,3,2,0,4,0
426,MOROGOJOB,3,16,52,63,1,0,loss,2746,343.250,0,46845,0,46845,-250,2745,0,33,2,33,0,28,0,0,0,90,3,0,93,0,337,2729,16,8,0,4,0,45,135,399,2700,3466d0637aea2da27e91f615a52f5f8b972c07f6715ac6b6222b6117913b4242,0,16,0,0,0,4,0,8,0,0,0,0,0,0,0,28,0,33,0,2,0,27,1807,46897,16,30,2,33,0,3,0,27
426,MOROGOJOB,3,16,52,63,1,1,loss,5532,691.500,12749,0,12749,0,-3,-33,0,0,29,11,10,0,0,0,25,0,39,0,64,0,1793,5337,1,0,4,5,0,45,135,399,2700,4dcf4504327c48ce79d96e22d00924e51e25083e0e25a8451f19b458566273bb,0,1,0,0,5,0,0,0,4,0,0,0,0,0,10,0,0,0,1,0,49,7,27023,14673,15,26,29,11,3,0,49,7
427,NIMODOR,3,16,52,63,1,0,loss,4843,605.375,0,148827,0,148827,-217,2989,0,61,7,61,0,5,0,0,0,92,50,0,142,0,657,4836,67,34,0,11,0,45,135,399,2700,66cb2767f96ff428080258c7b7d111d81aba96acfe63bb16fae40e17b2d129a5,0,67,0,1,0,11,0,34,0,0,0,0,0,0,0,5,0,61,0,3,2,143,6603,153482,41,14,7,61,0,6,2,143
427,NIMODOR,3,16,52,63,1,1,loss,6110,763.750,21097,0,21097,0,1256,-234,0,0,29,18,0,0,0,0,30,0,28,0,58,0,1297,6079,9,0,4,9,0,45,135,399,2700,1c036a1db8aa703405314020a3e9bd8814d753ce429967405a34b94b62747785,0,9,0,1,9,0,0,0,4,0,0,0,0,0,0,0,0,0,2,0,129,3,29963,23589,23,42,29,18,4,0,129,3
428,BILMEPAL,3,16,52,63,1,0,loss,1593,199.125,0,28315,0,28315,65,7273,0,28,0,28,0,0,0,0,0,37,1,0,38,0,337,1540,4,6,0,1,0,45,135,399,2700,eb0a1c6bc2d8f05e766fb43a82b31dc49589b78ca87bca8460772ebdc769d718,0,4,0,1,0,1,0,6,0,0,0,0,0,0,0,0,0,28,0,1,0,1,511,28329,4,4,0,28,0,1,0,1
428,BILMEPAL,3,16,52,63,1,1,win,8413,1051.625,1,18666,0,18666,-250,21236,0,19,23,19,0,0,0,0,0,26,19,1,46,0,1944,7775,38,0,5,5,0,45,135,399,2700,9e16014a9b0d05f027e68da484be4c77c9bc0c1b4c86db093ef89f05252a5302,0,38,0,0,4,1,0,0,5,0,0,0,0,0,0,0,0,19,0,1,114,99,17826,24036,24,56,23,19,2,1,114,99
429,RINGDIPERT,3,16,52,63,1,0,loss,3549,443.625,1,86844,0,86844,-250,11124,0,57,2,57,0,9,0,0,0,85,24,1,110,0,825,3498,20,20,0,4,0,45,135,399,2700,b17cb161629d17721696211307525531a87417acb379920c7ba1b44e09dc1b21,0,20,0,1,0,4,0,20,0,0,0,0,0,0,0,9,0,57,0,1,0,44,3554,86950,26,21,2,57,0,2,0,44
429,RINGDIPERT,3,16,52,63,1,1,win,5807,725.875,0,44760,0,44760,-250,5102,0,0,22,30,0,0,0,0,0,9,85,0,94,5593,1457,5593,2,0,2,11,1,45,135,399,2700,54bcd776eacf79eb2ded1a609a07145254666c27a390c4bc6b87e80e70b03f08,0,2,0,13,6,5,0,0,2,0,0,1,0,0,0,0,0,0,0,0,15,29,21010,60957,25,46,22,30,2,1,15,29
430,WEAVKOPOUT,2,16,63,63,1,0,loss,2563,320.375,0,14470,0,14470,163,4330,0,28,1,28,0,0,0,0,0,42,4,0,46,0,0,0,0,0,0,0,0,45,135,399,2700,447ec4689383628c4cac8cc9b8b7f30e7f4a0fdf479f7338f240f105085e6724,0,0,0,0,0,0,0,0,0,0,0,0,0,0,0,0,0,28,0,0,0,1,2806,16415,1,6,1,28,0,0,0,1
430,WEAVKOPOUT,2,16,63,63,1,1,loss,6259,782.375,68425,1,68425,0,2130,-250,45,0,45,3,5,0,0,0,66,0,10,1,77,0,3274,6158,0,3,0,3,0,45,135,399,2700,8f4a1cfd64f5f98971ac3127c0893e4c68cf4211e5bb7f77570420bbbcc4b56c,0,0,1,0,3,0,3,0,0,0,0,0,0,0,5,0,45,0,1,0,36,1,68495,5669,14,14,45,3,2,0,36,1
431,ALPQAZT,2,16,63,63,1,0,ongoing,9600,1200.000,79,144716,79,144716,330,7061,0,57,12,57,1,3,0,0,1,79,0,0,80,0,3129,9273,1,3,0,12,0,45,135,399,2700,2be5eede7859d6871482ce46649f94b81607c6ad87444fd52b52d68222cdc04f,1,0,0,1,0,12,0,3,0,0,0,0,0,0,1,3,0,57,0,2,1,98,8346,144716,23,9,12,57,0,3,1,98
431,ALPQAZT,2,16,63,63,1,1,ongoing,9600,1200.000,43701,86206,43701,86206,954,40514,19,19,25,28,3,73,0,0,34,107,4,0,145,0,2318,9449,17,3,0,2,0,45,135,399,2700,293265623ee156f4859bea296515e4deae771b5c900afcd691a03a27f97960df,7,10,1,0,1,1,3,0,0,0,0,0,0,0,3,73,19,19,1,1,5,12,48289,86206,12,73,25,28,1,1,5,12
432,BADEPIL,2,16,63,63,1,0,ongoing,9600,1200.000,14347,46356,14346,46356,-23,1201,7,25,14,33,31,0,0,0,51,39,0,1,91,0,1411,9585,13,4,0,4,0,45,135,399,2700,c034cd868afe02b258e81a2a8c8ad9ca3e5ec4352c27df01297544bd384d28f7,4,9,0,0,0,4,0,4,0,0,0,0,0,0,31,0,7,25,0,2,7,93,16221,50071,31,14,14,33,0,3,7,93
432,BADEPIL,2,16,63,63,1,1,loss,7422,927.750,34113,2,34113,0,4897,-250,28,0,28,5,5,0,0,0,46,0,17,2,65,0,827,7305,8,2,0,4,0,45,135,399,2700,f06d8ef0e3a7e97264e126263ad25d5a7d4bb9ede0d25b18996cf5f58b647b75,6,2,0,0,4,0,2,0,0,0,0,0,0,0,5,0,28,0,2,0,82,2,34272,10637,9,35,28,5,3,0,82,2
433,IMMGBJOB,2,16,63,63,1,0,loss,2891,361.375,0,17428,0,17428,-250,6705,0,26,0,26,0,8,0,0,0,48,6,0,54,0,1737,1737,1,0,0,0,0,45,135,399,2700,8d55b0a584d7859291e71f23f6b1804dafa75a8aa469af0550566cf19a6f8bde,0,1,0,0,0,0,0,0,0,0,0,0,0,0,0,8,0,26,0,0,0,3,445,17506,2,10,0,26,0,0,0,3
433,IMMGBJOB,2,16,63,63,1,1,win,7714,964.250,0,29012,0,29012,-250,7672,0,0,30,59,0,0,0,0,0,1,71,0,72,7441,905,7441,2,0,0,2,1,45,135,399,2700,af30bfdbabbca76ece86ff493e8c909e110b197da52148f4478b2c946b6496c3,1,1,0,0,1,1,0,0,0,0,0,1,0,0,0,0,0,0,0,0,6,32,23881,131632,12,45,30,59,1,1,6,32
434,HOBINLIN,2,16,63,63,1,0,loss,2536,317.000,0,16903,0,16903,-250,6716,0,26,1,26,0,8,0,0,0,47,2,0,49,0,1401,1401,1,0,0,0,0,45,135,399,2700,98718ddc1678c1a6701422ba6143b9868beb454a7d3f098722626e25247af3a3,0,1,0,0,0,0,0,0,0,0,0,0,0,0,0,8,0,26,0,0,0,1,1437,17842,1,8,1,26,0,0,0,1
434,HOBINLIN,2,16,63,63,1,1,ongoing,9600,1200.000,37414,123080,37414,123080,735,45957,15,56,31,56,2,22,0,0,29,91,0,0,120,0,923,9303,4,0,0,5,0,45,135,399,2700,dd51b05b89ab1c5dde244f51ea0cd63f0677bbf4a140bd026c5d36df24485e26,0,4,2,0,3,2,0,0,0,0,0,0,0,0,2,22,15,56,1,1,30,96,39235,123080,11,30,31,56,1,1,30,96
435,BUGLOPDON,0,16,63,63,1,0,loss,7007,875.875,1,77767,0,77767,-250,4177,0,56,10,56,0,6,0,0,0,79,14,1,94,0,601,6985,55,22,0,11,0,45,135,399,2700,69d498364da381c46531920ce1c5b785ee3f204c7de98359a91b1423df53b642,10,45,0,1,0,11,0,22,0,0,0,0,0,0,0,6,0,56,0,2,1,154,12729,77855,36,13,10,56,0,4,1,154
435,BUGLOPDON,0,16,63,63,1,1,loss,7907,988.375,47942,0,47942,0,5027,-250,26,0,27,13,5,0,0,0,46,0,39,0,85,0,321,7842,32,25,0,13,0,45,135,399,2700,5a34a7dbc1355e04d06adb3b5be6dd18fd59272318e9fd9ab512807ff993bbcc,25,7,1,0,12,1,25,0,0,0,0,0,0,0,5,0,26,0,3,0,345,2,47983,24844,12,63,27,13,6,1,345,2
436,SHADYPERT,0,16,63,63,1,0,loss,5950,743.750,1,76229,0,76229,-250,1088,0,38,3,38,0,0,0,0,0,51,14,1,66,0,353,5945,22,21,0,11,0,45,135,399,2700,0fb583f6a66ce9c6a480958b50986973c038748bbb911b4c0113392a44ffd94e,0,22,0,3,0,11,0,21,0,0,0,0,0,0,0,0,0,38,0,3,1,102,6955,76289,35,5,3,38,0,4,1,102
436,SHADYPERT,0,16,63,63,1,1,loss,7743,967.875,63793,0,63793,0,6241,-250,32,0,32,10,6,0,0,0,54,0,38,0,92,0,321,7678,9,24,0,15,0,45,135,399,2700,d8fc6cbea5467c9706fa7b4d06443200d52281d21c33cf28587e528aef65e4a6,0,9,2,0,15,0,24,0,0,0,0,0,0,0,6,0,32,0,5,0,191,4,63847,9698,11,34,32,10,5,0,191,4
437,COROXOUT,0,16,63,63,1,0,ongoing,9600,1200.000,25908,60578,25907,60578,2465,2037,16,15,19,35,81,1,0,0,128,26,5,1,160,0,625,9561,47,42,0,24,0,45,135,399,2700,fa85283f91a07fc01f3bf7b79a5525227c235c8d2b04177e3a2fd7dc5fcf1290,4,43,0,1,0,24,0,42,0,0,0,0,0,0,81,1,16,15,0,4,5,499,25908,60615,82,9,19,35,0,8,5,499
437,COROXOUT,0,16,63,63,1,1,ongoing,9600,1200.000,8379,64031,8379,64031,5435,84,0,0,27,30,0,0,0,0,17,77,97,0,191,9529,249,9529,67,25,0,26,1,45,135,399,2700,0c94a6d0bf141a84a307a380a338022d3639ad41cc25934e0cc724ecc0a891d3,51,16,5,0,16,10,25,0,0,0,0,1,0,0,0,0,0,0,0,0,359,38,26736,66102,10,104,27,30,6,1,359,38
438,BINEAT,0,16,63,63,1,0,win,6520,815.000,31222,0,31222,0,16484,-250,0,0,34,14,0,0,0,0,1,0,69,0,70,6281,505,6281,25,10,0,12,1,45,135,399,2700,edeeb3b22666405b2d44351f41732eccb75d24fadfaaf4e78b1cff3831402979,15,10,0,1,7,5,0,10,0,0,1,0,0,0,0,0,0,0,0,0,39,132,57800,14823,89,17,34,14,1,3,39,132
438,BINEAT,0,16,63,63,1,1,win,6503,812.875,0,35048,0,35048,-250,13922,0,0,19,25,0,0,0,0,0,2,142,0,144,6265,1385,6265,25,10,0,6,1,45,135,399,2700,3735fb116ed92115cf17931ebf5b662f7e26a31777c007ecd1fe4835ad4127b3,22,3,1,0,2,4,10,0,0,0,0,1,0,0,0,0,0,0,0,0,141,67,14840,73899,14,95,19,25,2,1,141,67
439,SADIKEBAR,0,16,63,63,1,0,loss,5211,651.375,0,59131,0,59131,-117,1206,0,36,1,36,0,6,0,0,0,69,2,0,71,0,1217,5202,1,18,0,9,0,45,135,399,2700,62be7fc67ecf2a065e68a7003a969fce8f7f458f191021f9db0e8d0b986db0ca,1,0,0,1,0,9,0,18,0,0,0,0,0,0,0,6,0,36,0,4,0,52,1743,59147,17,11,1,36,0,5,0,52
439,SADIKEBAR,0,16,63,63,1,1,ongoing,9600,1200.000,18993,45828,18993,45828,692,35835,0,0,22,19,0,0,0,0,1,3,127,0,131,7481,1601,7481,22,18,0,10,1,45,135,399,2700,c1e9d5e930ebd762a692b6796b384ddb7c7a100df6d94cfbe23f133b4a6c26c9,15,7,0,0,5,5,14,4,0,0,0,1,0,0,0,0,0,0,0,0,99,52,25101,88887,20,108,22,19,3,1,99,52
440,LOWOGOER,0,16,63,63,1,0,ongoing,9600,1200.000,18137,103042,18134,103042,3,2129,6,36,17,55,90,5,0,0,141,64,0,3,208,0,289,9593,120,56,0,27,0,45,135,399,2700,44aaf06a082b83d39383f52853e84cf2ae3f8878166e1d95050663084cc9a60a,6,114,0,1,0,27,0,56,0,0,0,0,0,0,92,5,6,36,0,7,28,585,18676,121980,100,15,17,55,0,8,28,585
440,LOWOGOER,0,16,63,63,1,1,ongoing,9600,1200.000,5792,33877,5792,33877,824,13724,0,0,26,29,0,0,0,0,1,3,181,0,185,7193,297,7193,32,22,0,12,1,45,135,399,2700,bcefa09337d27021a3c4c6a25386571e8c0788f32f150c75a3041c7f2cfc2379,23,9,2,0,8,4,22,0,0,0,0,1,0,0,0,0,0,0,0,0,353,90,29830,75836,15,127,27,29,4,1,353,90
441,QAZOLIN,0,16,63,63,1,0,loss,3643,455.375,2,40550,0,40550,-250,9127,0,39,6,39,0,11,0,0,0,64,13,2,79,0,393,3593,20,8,0,6,0,45,135,399,2700,d1c2c0313880188340d92f60a063753b0e6f6562da532f4b7b548cad3c58b1b4,2,18,0,1,0,6,0,8,0,0,0,0,0,0,0,12,0,38,0,3,0,76,4176,40586,28,14,6,39,0,4,0,76
441,QAZOLIN,0,16,63,63,1,1,win,8458,1057.250,0,36783,0,36783,-250,13830,0,0,26,40,0,0,0,0,0,3,49,0,52,8233,1001,8233,30,20,0,17,1,45,135,399,2700,0c7b745a0b5e36a2109cb43f9a2fefd32ac9eec409667bebcbf144da3391dc3c,21,9,5,0,8,9,20,0,0,0,0,1,0,0,0,0,0,0,0,0,207,46,23243,73299,23,102,26,40,3,1,207,46
442,VERYDEDON,0,16,63,63,1,0,loss,6867,858.375,1,103423,0,103423,-250,3727,0,42,11,48,0,2,0,0,0,61,26,1,88,0,441,6850,58,28,0,15,0,45,135,399,2700,aed751bfd8074129af68fc5148d4003d8b48204b4dca0646ccb3acb408f2ebd9,2,56,0,1,0,15,0,28,0,0,0,0,0,0,0,2,0,42,0,3,2,221,6969,103438,36,12,11,48,0,4,2,221
442,VERYDEDON,0,16,63,63,1,1,ongoing,9600,1200.000,110169,467,110169,467,7082,-123,45,0,45,16,0,0,0,0,59,1,74,0,134,0,1433,9548,17,52,0,24,0,45,135,399,2700,e8eabc2c5688cb93ccf991fcd30a06b9897da3d3f5b2416319a4612999e51042,0,17,2,0,23,1,52,0,0,0,0,0,0,0,0,0,45,0,4,0,298,8,110169,28422,17,71,45,16,6,1,298,8
443,MINDIMAR,0,16,63,63,1,0,loss,3797,474.625,0,37533,0,37533,-250,9236,0,29,2,29,0,7,0,0,0,50,9,0,59,0,433,3681,16,8,0,5,0,45,135,399,2700,6d0a04be3f85927a9bb2d56bffcca9e961f143306a81fe3b14de3572fa81237c,0,16,0,1,0,5,0,8,0,0,0,0,0,0,0,7,0,29,0,2,0,57,6560,37593,28,10,2,29,0,4,0,57
443,MINDIMAR,0,16,63,63,1,1,win,5068,633.500,0,46553,0,46553,258,2365,0,0,20,34,0,0,0,0,0,14,111,0,125,4883,1561,4883,14,5,0,5,1,45,135,399,2700,170f7920ee6c03b7f3a1cb6dcd9800ee9cd8b9121f3307ef7a6d29e6344b0859,12,2,2,0,2,3,5,0,0,0,0,1,0,0,0,0,0,0,0,0,65,31,12516,50772,13,60,20,34,2,1,65,31
444,HAMKOPLUG,0,16,63,63,1,0,loss,6089,761.125,0,70684,0,70684,-250,3320,0,52,15,52,0,4,0,0,0,75,30,0,105,0,737,6073,32,26,0,9,0,45,135,399,2700,360d00d58eff643ad7cba7363ed911bb810923c3bc21f44071679d16c381589f,6,26,0,3,0,9,0,26,0,0,0,0,0,0,0,4,0,52,0,3,4,182,13179,70696,55,11,15,52,0,4,4,182
444,HAMKOPLUG,0,16,63,63,1,1,loss,5270,658.750,36868,2,36868,0,7770,-250,32,0,32,9,2,0,0,0,45,0,29,2,76,0,1937,5185,20,15,0,6,0,45,135,399,2700,da543e0b3332e52df562cdd5eff61c38306a1946ceaa5f4b98f0ac49bbe822a8,16,4,2,0,6,0,15,0,0,0,0,0,0,0,2,0,32,0,2,0,135,1,36908,17696,19,39,32,9,4,0,135,1
445,FUTQAZHILL,3,16,63,5,10,0,win,4867,608.375,32470,0,32470,0,24438,163,7,0,7,1,65,0,475,551,100,0,19,0,119,0,491,4141,14,0,0,1,0,45,585,399,2700,b77c7350e72b3646ab08829e74f5684b33767ced7f0841048c15ab3fcc72a8e6,9,5,0,0,1,0,0,0,0,0,0,0,0,0,65,0,7,0,1,0,62,73,32536,11864,65,32,7,1,1,0,62,73
445,FUTQAZHILL,3,16,63,5,10,1,win,3247,405.875,0,34682,0,34682,-168,6200,0,0,2,0,0,97,361,292,0,138,13,0,151,0,481,3181,9,0,0,0,0,45,585,399,2700,b68ca1ffa19a4bbcc27972e36716f835042eca69e723ac349381a57a0f30bd61,1,8,0,0,0,0,0,0,0,0,0,0,0,0,0,97,0,0,0,0,30,49,6253,34874,21,98,2,0,0,0,30,49
446,SUZEBAR,3,16,63,5,10,0,win,5364,670.500,31695,0,31695,0,28228,-250,0,0,15,9,0,0,517,794,1,0,47,0,48,5141,441,5141,29,0,0,1,1,45,585,399,2700,c4db27e813734b60cd9cc08cc34b3376c7040935ce8ed55fe9380c2bd841edbc,17,12,0,0,1,0,0,0,0,0,1,0,0,0,0,0,0,0,0,0,129,46,44908,16693,48,52,15,9,1,0,129,46
446,SUZEBAR,3,16,63,5,10,1,win,6516,814.500,0,64750,0,64750,5274,11477,0,3,2,3,0,111,834,339,0,174,19,0,193,0,441,6331,25,0,0,1,0,45,585,399,2700,c729d94aa809d706e9f178761d52c13a04c71fda72fef29a16c0c93a08fc90d1,1,24,0,0,0,1,0,0,0,0,0,0,0,0,0,111,0,3,0,1,53,74,16585,64954,36,118,2,3,0,1,53,74
447,DOUGBER,3,16,63,5,10,0,win,6789,848.625,15943,0,15943,0,2868,13843,0,0,9,7,0,0,666,994,4,0,142,0,146,6561,501,6561,45,0,0,1,1,45,585,399,2700,031cdc580199b8508dfcb15e4b2a447709e47082124401c681fac197d7dca91c,20,25,0,0,1,0,0,0,0,0,1,0,0,0,0,0,0,0,0,0,169,65,61363,35452,86,80,9,7,1,0,169,65
447,DOUGBER,3,16,63,5,10,1,win,5910,738.750,0,89348,0,89348,1909,15572,0,13,1,14,0,92,728,469,0,170,9,0,179,0,361,5651,84,0,0,1,0,45,585,399,2700,92a10803df12a546f5c89791bd3e50f11edcb1c64cebb37054b0db1d9df3b349,0,84,0,0,0,1,0,0,0,0,0,0,0,0,0,92,0,13,0,1,17,33,9339,89698,30,101,1,14,0,1,17,33
448,SHIINING,3,16,63,5,10,0,win,6380,797.500,9587,0,9587,0,5233,-250,0,0,9,5,0,0,592,921,1,0,58,0,59,6141,421,6141,31,0,0,2,1,45,585,399,2700,7b501bd6d544d30add0208a83a0490b8cef6561869ad732ccf2f90c298d04c40,13,18,0,0,2,0,0,0,0,0,1,0,0,0,0,0,0,0,0,0,119,30,30945,24561,30,66,9,5,1,0,119,30
448,SHIINING,3,16,63,5,10,1,ongoing,9600,1200.000,91,147305,91,147305,4028,91047,0,5,2,5,1,141,1108,469,1,207,0,0,208,0,471,8401,33,0,0,3,0,45,585,399,2700,ea5fe2ccbf710b65405c3bbf8769ffc06026a8d5a5114db9cd4f5bd046f0fe66,0,33,0,0,2,1,0,0,0,0,0,0,0,0,1,141,0,5,0,1,182,115,20019,147305,37,144,2,5,2,1,182,115
449,HURTSODORD,3,16,63,5,10,0,win,7386,923.250,47827,0,47827,0,64559,890,9,0,9,3,105,0,709,808,174,0,10,0,184,0,581,6521,31,0,0,3,0,45,585,399,2700,9c4fb1ee1905de74f5cdc23d91fc15baee9c0b07c5cc6157d9cd9e1866ad5a7e,5,26,0,0,1,2,0,0,0,0,0,0,0,0,105,0,9,0,1,0,84,199,47919,13854,108,38,9,3,1,2,84,199
449,HURTSODORD,3,16,63,5,10,1,win,5065,633.125,0,85239,0,85239,517,17720,0,5,1,5,0,138,573,487,0,207,1,0,208,0,331,4591,30,0,0,2,0,45,585,399,2700,9e57bada32b1d7a13daeea24bd1e701543c48efd76d58c7026b744658ef1eaf7,1,29,0,0,1,1,0,0,0,0,0,0,0,0,0,138,0,5,0,1,68,29,9609,85277,27,140,1,5,1,1,68,29
450,JOSYMAR,1,18,61,36,1,0,loss,4012,501.500,1,59108,0,59108,-250,39964,0,36,3,36,0,10,0,0,0,63,24,1,88,0,1372,3675,0,0,0,6,0,90,675,399,2700,9083f13fcfebeda0c9da9bd99314fe659a60210f91d9afb4ad6fb5168ff2353e,0,0,0,0,0,6,0,0,0,0,0,0,0,0,0,11,0,35,0,1,0,69,4489,59204,28,16,3,36,0,4,0,69
450,JOSYMAR,1,18,61,36,1,1,loss,8836,1104.500,123647,1,123647,0,4389,-250,60,0,60,11,2,0,0,0,80,0,50,1,131,0,2273,8737,21,9,0,20,0,90,675,399,2700,bce6ae822ed6b073a300003bdb680023568fd91327bb512ff71e4d7cb25728a6,21,0,0,0,16,4,9,0,0,0,0,0,0,0,2,0,60,0,1,0,276,18,128367,29910,10,68,60,11,5,1,276,18
451,TIMOXLUG,1,18,61,36,1,0,loss,2181,272.625,1,29691,0,29691,-250,16681,0,28,3,28,0,16,0,0,0,58,2,1,61,0,1222,1640,0,0,0,2,0,90,675,399,2700,b027528937651ebd9e815f578594e506025c42735ef897568b0c38dd79121575,0,0,0,0,0,2,0,0,0,0,0,0,0,0,0,16,0,28,0,1,1,4,3656,29865,3,16,3,28,0,2,1,4
451,TIMOXLUG,1,18,61,36,1,1,win,5109,638.625,0,31140,0,31140,-250,28182,0,0,31,26,0,0,0,0,0,2,108,0,110,4878,2121,4878,4,1,0,4,1,90,675,399,2700,7d196cf1f1b377db36cd8a480dccc1927d4ce67cf8df80babb13943e5defbdfb,4,0,0,0,2,2,1,0,0,0,0,1,0,0,0,0,0,0,0,0,34,40,32680,83709,11,69,31,26,1,1,34,40
452,CALEAHILL,1,18,61,36,1,0,win,5439,679.875,2029,0,2029,0,2848,-250,0,0,23,47,0,0,0,0,1,0,106,0,107,5197,1364,5197,6,0,0,11,1,90,675,399,2700,abe05065bc30f8aee82c37da56525de35e0f2fb5b1533639c08624c1d459838c,6,0,0,0,0,11,0,0,0,0,0,1,0,0,0,0,0,0,0,0,7,134,45050,76437,37,12,23,47,0,5,7,134
452,CALEAHILL,1,18,61,36,1,1,ongoing,9600,1200.000,78674,42659,78674,42659,929,51619,30,20,35,21,6,51,0,0,54,86,17,0,157,0,2049,9585,11,11,0,20,0,90,675,399,2700,0214de42870ae70f46bcb131a521a807b9834dd8bb99bd12bd5524ed3536fcd0,11,0,0,0,13,7,11,0,0,0,0,0,0,0,6,53,30,20,2,0,163,30,84950,42659,13,74,35,21,3,1,163,30
453,SCOIKEMET,1,18,61,36,1,0,loss,1666,208.250,1,21164,0,21164,-250,11078,0,26,3,26,0,4,0,0,0,43,0,1,44,0,1323,1564,0,0,0,2,0,90,675,399,2700,afc4f6bd9d9ed4bfb43cc5d6c1e860a209d62fc8f00ad8989892cd184ca8c675,0,0,0,0,0,2,0,0,0,0,0,0,0,0,0,4,0,26,0,1,0,7,2365,21238,4,11,3,26,0,2,0,7
453,SCOIKEMET,1,18,61,36,1,1,win,1743,217.875,0,15802,0,15802,23,8715,0,10,1,10,0,30,0,0,0,47,10,0,57,0,0,0,0,0,0,0,0,90,675,399,2700,e5d2909eafc20f521b3c617dd03f46da1e2b948d715bec8b760c000cb196d2af,0,0,0,0,0,0,0,0,0,0,0,0,0,0,0,30,0,10,0,0,0,1,478,15850,4,38,1,10,0,0,0,1
454,SWAOGOED,1,18,61,36,1,0,loss,2093,261.625,1,24323,0,24323,536,7979,0,23,1,23,0,4,0,0,0,36,2,1,39,0,1419,1793,0,0,0,2,0,90,675,399,2700,2e04b59843a7b3c30ff68ce57199f7b1c71abec4beba7bd635c263e4ff329f30,0,0,0,0,0,2,0,0,0,0,0,0,0,0,0,4,0,23,0,2,0,1,2613,26755,2,10,1,23,0,2,0,1
454,SWAOGOED,1,18,61,36,1,1,loss,9248,1156.000,172450,0,172450,0,6683,-250,57,0,57,13,2,0,0,0,83,0,50,0,133,0,1897,9086,0,12,0,25,0,90,675,399,2700,568bf0b78828491992558b21f4f16ec7634a00439fc94c6303cac8abea08040c,0,0,0,0,24,1,12,0,0,0,0,0,0,0,2,0,57,0,4,0,315,7,172450,26640,8,67,57,13,5,1,315,7
455,KILLUING,0,16,59,34,1,0,loss,2018,252.250,0,18948,0,18948,-250,4278,0,0,4,34,0,0,0,0,0,1,86,0,87,1713,1713,1713,0,0,0,0,1,135,630,399,2700,dbcc25f10f0eaf31392a17e36896d136044b611294ab94d89ea1dfd0065a1855,0,0,0,1,0,0,0,0,0,0,0,1,0,0,0,0,0,0,0,0,0,1,6330,25401,22,12,4,34,0,0,0,1
455,KILLUING,0,16,59,34,1,1,win,5626,703.250,0,18939,0,18939,6121,3019,0,0,35,15,0,0,0,0,0,1,109,0,110,5348,1545,5348,0,21,0,0,1,135,630,399,2700,1e3769cc6305cb8c29455867aa8f51ba7985dff448ecaf2709303f1868ba24b6,0,0,10,0,0,0,21,0,0,0,0,1,0,0,0,0,0,0,0,0,136,57,33387,53965,15,101,35,15,0,0,136,57
456,EOADEORD,0,16,59,34,1,0,loss,2037,254.625,0,23266,0,23266,-250,4481,0,0,2,35,0,0,0,0,0,1,44,0,45,1801,731,1801,3,0,0,0,1,135,630,399,2700,47e4eb3e19ebec51a571c96b941a404073ab459c74adb5c827b4728867f0be8b,3,0,0,1,0,0,0,0,0,0,0,1,0,0,0,0,0,0,0,0,0,1,2048,24940,2,13,2,35,0,0,0,1
456,EOADEORD,0,16,59,34,1,1,win,5879,734.875,0,22874,0,22874,6929,11808,0,0,40,29,0,0,0,0,0,1,59,0,60,5641,945,5641,53,26,0,0,1,135,630,399,2700,306f5cbcc882ae7ca7ea3c34379081385ad5df4d0cd11025f6433cdf8da32146,53,0,1,1,0,0,26,0,0,0,0,1,0,0,0,0,0,0,0,0,277,107,35764,47509,19,79,40,29,0,0,277,107
457,BURDICON,0,16,59,34,1,0,loss,1942,242.750,0,19994,0,19994,-250,7528,0,0,1,48,0,0,0,0,0,1,59,0,60,1705,1705,1705,0,0,0,0,1,135,630,399,2700,c585fd455ff0dff46b363e3f9ff4212aee7feb4993d632d8b2081071f6859245,0,0,0,1,0,0,0,0,0,0,0,1,0,0,0,0,0,0,0,0,0,2,8502,26911,42,13,1,48,0,0,0,2
457,BURDICON,0,16,59,34,1,1,win,2953,369.125,0,22918,0,22918,86,4428,0,0,16,25,0,0,0,0,0,2,141,0,143,2689,2145,2689,3,1,0,0,1,135,630,399,2700,7632fe9a6b271f6195d49cc1229ca14f3d74d280b361ee4b0a3169841836068e,3,0,0,0,0,0,1,0,0,0,0,1,0,0,0,0,0,0,0,0,10,6,10368,41561,23,68,16,25,0,0,10,6
458,MORKOPILL,0,16,59,34,1,0,loss,2344,293.000,0,14821,0,14821,-250,7321,0,0,4,33,0,0,0,0,0,1,23,0,24,2049,1729,2049,3,0,0,0,1,135,630,399,2700,9543a758c5d2cbdbebd2d7507d72e58e41432ebe5889069e02ff86767cf040e3,3,0,0,1,0,0,0,0,0,0,0,1,0,0,0,0,0,0,0,0,0,2,13191,27198,58,14,4,33,0,0,0,2
458,MORKOPILL,0,16,59,34,1,1,win,3673,459.125,0,4427,0,4427,5007,2792,0,0,30,21,0,0,0,0,0,1,152,0,153,3281,1841,3281,7,6,0,0,1,135,630,399,2700,93ee0a0a3f181eb6df4e053644d1013c9a4d5ab6055d60b8127ba89358ff37d6,7,0,0,4,0,0,6,0,0,0,0,1,0,0,0,0,0,0,0,0,21,18,26598,40913,24,92,30,21,0,0,21,18
459,NIMQAZTORY,0,16,59,34,1,0,loss,2363,295.375,0,13776,0,13776,-250,8500,0,0,9,32,0,0,0,0,0,1,93,0,94,2018,1273,2018,4,0,0,0,1,135,630,399,2700,ec3015e63ca66237123736e7554c60c6d6834149d76526f6fc8dfd71bc228c8b,4,0,0,1,0,0,0,0,0,0,0,1,0,0,0,0,0,0,0,0,6,21,13680,26694,34,17,9,32,0,0,6,21
459,NIMQAZTORY,0,16,59,34,1,1,win,4797,599.625,0,31130,0,31130,4997,4870,0,0,13,14,0,0,0,0,0,1,42,0,43,4481,1809,4481,0,1,0,0,1,135,630,399,2700,2710d3782897abe71d29e78ce079f388d365e0be625043f03a6a877384e14b2d,0,0,0,0,0,0,1,0,0,0,0,1,0,0,0,0,0,0,0,0,91,132,10426,52795,33,57,14,14,0,0,91,132
460,BILEMET,3,18,61,18,1,0,win,4571,571.375,45384,1,45384,0,66643,-250,35,0,35,33,6,0,0,0,48,0,33,1,82,0,1033,3860,12,0,3,1,0,45,495,399,2700,65ccd8b639e972107bbb70ff358dd9b8eb556a64fc197a76ff5b9b5e26714f50,12,0,0,1,1,0,0,0,0,3,0,0,0,0,6,0,35,0,1,0,11,1,45424,31771,33,29,35,33,1,0,11,1
460,BILEMET,3,18,61,18,1,1,ongoing,9600,1200.000,36008,124197,36008,124197,7344,36646,15,33,35,37,12,100,0,0,38,170,0,0,208,0,1625,9497,50,49,0,16,0,45,495,399,2700,51e6d13576909b81cdd7bf24b26096857a250e6cfdf8a9cea4185680b76d1696,50,0,0,36,16,0,49,0,0,0,0,0,0,0,12,100,15,33,1,0,602,162,90194,124197,33,110,35,37,6,0,602,162
461,RINGCEED,3,18,61,18,1,0,loss,2943,367.875,0,18101,0,18101,2296,4648,0,10,2,35,0,16,0,0,0,36,13,0,49,0,857,2369,2,0,2,0,0,45,495,399,2700,8740a1d08472166cbfade0438fba42cc2cd049ae911762bc948b507e26f38304,2,0,0,3,0,0,0,0,0,2,0,0,0,0,0,16,0,10,0,0,0,0,1792,28155,1,29,2,35,0,0,0,0
461,RINGCEED,3,18,61,18,1,1,win,5499,687.375,0,107504,0,107504,-250,8233,0,20,14,20,0,83,0,0,0,153,16,0,169,0,1401,4993,0,7,0,0,0,45,495,399,2700,6eefd40364341c1de7f53ea603b9f8a5978624ae7599d371cab3015ca24ceeee,0,0,0,42,0,0,7,0,0,0,0,0,0,0,0,83,0,20,0,0,35,79,15083,107622,22,86,14,20,0,0,35,79
462,WEAVASHAM,3,18,61,18,1,0,loss,1314,164.250,0,9010,0,9010,-223,361,0,2,1,32,0,21,0,0,0,43,29,0,72,0,1089,1089,0,0,1,0,0,45,495,399,2700,612c3deff8071594bccfea678cbacad7839e42ac3068b80750cd930175eb0092,0,0,0,1,0,0,0,0,0,1,0,0,0,0,0,21,0,2,0,0,0,1,694,20629,4,24,1,32,0,0,0,1
462,WEAVASHAM,3,18,61,18,1,1,win,2935,366.875,0,45384,0,45384,-134,55144,0,15,11,15,0,75,0,0,0,124,14,0,138,0,1057,1233,2,0,0,0,0,45,495,399,2700,11583672d5db2d3893404cb9c36690ce511191341e4e0858a5168a0ef1a6b192,2,0,0,0,0,0,0,0,0,0,0,0,0,0,0,75,0,15,0,0,41,39,6572,46892,19,78,11,15,0,0,41,39
463,ALPSODOND,3,18,61,18,1,0,loss,6593,824.125,0,35991,0,35991,1985,24,0,1,5,35,0,13,0,0,0,27,51,0,78,0,1137,6401,5,0,6,0,0,45,495,399,2700,d451e4bd94d0aeb24ab7e98408106b276c6452fb8c932bcf23a32ec8be928b76,5,0,0,2,0,0,0,0,0,6,0,0,0,0,0,13,0,1,0,0,1,0,3873,52618,7,33,5,35,0,0,1,0
463,ALPSODOND,3,18,61,18,1,1,ongoing,9600,1200.000,75299,146436,75299,146436,9481,113366,8,19,35,22,24,122,0,0,45,163,0,0,208,0,1057,9209,56,55,0,18,0,45,495,399,2700,cc34416dc2d1bb28d685149be2d335b3383b56d07a71b71ba0306841104e8eae,56,0,0,7,18,0,55,0,0,0,0,0,0,0,24,123,8,19,2,0,563,69,100374,146436,30,126,35,22,6,0,563,69
464,BADYCON,3,18,61,18,1,0,loss,2527,315.875,0,17958,0,17958,2460,1342,0,0,1,35,0,0,0,0,0,45,37,0,82,0,857,2497,1,0,2,0,0,45,495,399,2700,25977dd5930684343cd5a1ff33eefec57aa910714b3a096187d466789c2a8651,1,0,0,2,0,0,0,0,0,2,0,0,0,0,0,0,0,0,0,0,0,0,843,31520,1,37,1,35,0,0,0,0
464,BADYCON,3,18,61,18,1,1,ongoing,9600,1200.000,250028,4945,250028,4945,2380,11,62,0,63,12,4,3,0,0,91,6,43,0,140,0,1273,9593,0,113,0,43,0,45,495,399,2700,83d3b3ee408c76683e05843f42cb8cad1b627180f164695bf4bcf1aa13032be5,0,0,0,7,43,0,113,0,0,0,0,0,0,0,5,3,61,0,10,0,527,5,250028,35544,15,61,63,12,10,0,527,5
465,IMMOXILL,1,10,0,63,1,0,ongoing,9600,1200.000,14713,8586,14713,8586,153888,5601,3,0,9,0,66,28,0,0,84,35,28,0,147,0,3929,9209,0,6,0,2,0,45,450,399,2700,d86a0b757eecee59233d558857a2356eb7a5b6cfc3a1903bb60ed7c3d64a59e2,0,0,0,2,0,2,0,6,0,0,0,0,0,0,66,28,3,0,0,0,5,59,35826,9188,85,30,9,0,0,1,5,59
465,IMMOXILL,1,10,0,63,1,1,win,7355,919.375,0,16235,0,16235,27843,17567,0,0,8,5,0,0,0,0,0,2,125,0,127,7133,1785,7133,0,1,1,2,1,45,450,399,2700,e678e434bda7df43caaba829f1ca890423e50f7b9b3b5e7d15dc70d53b260298,0,0,0,0,0,2,0,1,0,1,0,1,0,0,0,0,0,0,0,0,118,66,12106,31303,27,108,8,5,0,1,118,66
466,HOBEATORY,1,10,0,63,1,0,ongoing,9600,1200.000,84138,10817,84138,10817,116736,2937,19,3,19,6,58,30,0,0,103,46,13,0,162,0,1329,9481,15,7,0,6,0,45,450,399,2700,148b309705470afe996bd883b473da4d2c264da90cd5260826d0e1f8a47f0e81,0,15,0,0,0,6,0,7,0,0,0,0,0,0,58,30,19,3,0,1,26,218,84138,14453,71,41,19,6,0,2,26,218
466,HOBEATORY,1,10,0,63,1,1,win,6056,757.000,0,2615,0,2615,39788,7046,0,0,24,7,0,0,0,0,0,2,167,0,169,5825,1817,5825,14,2,0,0,1,45,450,399,2700,9e2b67c5800d2c11caf01ebbffd7282aa10c5ca39ea1b0ad44caac7131ceb9a4,0,14,0,0,0,0,0,2,0,0,0,1,0,0,0,0,0,0,0,0,146,71,16906,29092,19,110,24,7,0,0,146,71
467,BUGIKEEND,1,10,0,63,1,0,ongoing,9600,1200.000,15652,94390,15649,94390,17995,10118,9,24,10,27,35,62,0,0,52,124,28,3,207,0,1265,9489,30,14,0,24,0,45,450,399,2700,c548cf8e299f31a90955704f65eee69837dcfb04821fa3193f6bae2b78ead338,0,30,0,1,0,24,0,14,0,0,0,0,0,0,35,62,9,24,0,5,8,351,17313,94390,74,62,10,27,0,6,8,351
467,BUGIKEEND,1,10,0,63,1,1,win,4781,597.625,0,34733,0,34733,-250,8142,0,0,7,10,0,0,0,0,0,4,90,0,94,4566,893,4566,3,0,0,2,1,45,450,399,2700,ccd88870d14204c34cd856b72905a6febea521470d742eef5bf9134a4ca76713,0,3,0,0,0,2,0,0,0,0,0,1,0,0,0,0,0,0,0,0,11,47,8058,48994,23,72,7,10,0,1,11,47
468,SHADQUEME,1,10,0,63,1,0,ongoing,9600,1200.000,2840,126973,2837,126973,-212,7983,1,35,4,35,15,35,0,0,19,101,29,3,152,0,801,9464,15,15,0,14,0,45,450,399,2700,75114d362418020a198e01c1dfaa863ba6c7147653bd1e82fa4ee72dfaa90b4a,0,15,0,0,0,14,0,15,0,0,0,0,0,0,16,35,0,35,0,5,23,391,13795,126973,78,39,4,35,0,5,23,391
468,SHADQUEME,1,10,0,63,1,1,ongoing,9600,1200.000,32826,48250,32826,48250,81178,51332,5,5,11,5,51,122,0,0,60,148,0,0,208,0,1665,8634,71,1,0,1,0,45,450,399,2700,374e073d713085fd036559806413e8ccd80ead387b6984ceeee6a2763f80e6c0,0,71,0,0,0,1,0,1,0,0,0,0,0,0,51,122,5,5,0,1,96,48,32826,48250,62,122,11,5,0,1,96,48
469,CORUHAM,1,10,0,63,1,0,ongoing,9600,1200.000,33413,19475,33412,19475,84033,8024,9,1,12,2,55,86,0,0,80,118,9,1,208,0,761,9417,11,10,0,4,0,45,450,399,2700,6be7b0e89830288903e02497d0080da860c909e9033574e7cdcce29b341b8351,0,11,0,1,0,4,0,10,0,0,0,0,0,0,55,86,9,1,0,2,19,98,38866,20607,78,87,12,2,0,2,19,98
469,CORUHAM,1,10,0,63,1,1,win,5098,637.250,0,29254,0,29254,19168,7017,0,0,10,9,0,0,0,0,0,4,74,0,78,4904,1300,4904,3,0,0,2,1,45,450,399,2700,69a33642bc937852a830dce24e55f4c704fff9b112f81dbc585dacf2744a2ee1,0,3,0,0,0,2,0,0,0,0,0,1,0,0,0,0,0,0,0,0,40,49,12962,48029,24,87,10,9,0,1,40,49
470,BINDEOND,1,1,45,63,1,0,win,7087,885.875,102606,0,102606,0,1401,1135,0,0,38,18,0,0,0,0,37,0,115,0,152,6953,1145,6953,1,4,0,9,1,1350,1350,399,2700,87f6d712459fb971dd13838ca9292e4e1eebe92a8e4995baf0496a37057fc4d2,1,0,0,0,2,7,0,4,0,0,1,0,0,0,0,0,0,0,0,0,63,119,122747,14697,89,18,38,18,1,2,63,119
470,BINDEOND,1,1,45,63,1,1,win,4832,604.000,0,47872,0,47872,-250,7728,0,0,16,40,0,0,0,0,0,4,133,0,137,4609,1983,4609,1,0,0,3,1,1350,1350,399,2700,b5150c4bc75bba0f895f0bd23f5945a0453ec106c3eff45a2e8e40d64c02827c,1,0,0,0,0,3,0,0,0,0,0,1,0,0,0,0,0,0,0,0,25,88,6364,108601,20,62,16,40,0,1,25,88
471,SADDILOW,1,1,45,63,1,0,win,5282,660.250,40133,0,40133,0,20184,-250,0,0,37,19,0,0,0,0,3,0,159,0,162,5070,905,5070,5,1,0,8,1,1350,1350,399,2700,8a290ba792e116a6974415b23f9226b3ba9d08cbcfa4fef258942f951c8c1c70,1,4,0,0,5,3,0,1,0,0,1,0,0,0,0,0,0,0,0,0,50,33,113578,18695,89,20,37,19,1,2,50,33
471,SADDILOW,1,1,45,63,1,1,win,5407,675.875,0,31600,0,31600,-250,21504,0,0,19,23,0,0,0,0,0,1,199,0,200,5161,1641,5161,0,3,0,5,1,1350,1350,399,2700,0394f5f01a2ec0b3e9d7f6a3a50a614fa20861a285e7f3b9a0b0e0bcbcf3fd44,0,0,0,0,2,3,3,0,0,0,0,1,0,0,0,0,0,0,0,0,72,87,16686,82385,15,142,19,23,1,1,72,87
472,LOWKOPICK,1,1,45,63,1,0,win,5060,632.500,45285,0,45285,0,13354,-250,0,0,28,18,0,0,0,0,31,0,71,0,102,4953,1228,4953,3,0,0,2,1,1350,1350,399,2700,79630368155c951f439ec5ffe3003b8c2aeacf14d866dc883fe106ce7673b53c,1,2,0,0,2,0,0,0,0,0,1,0,0,0,0,0,0,0,0,0,102,20,56059,6996,61,9,28,18,1,0,102,20
472,LOWKOPICK,1,1,45,63,1,1,win,8036,1004.500,0,31690,0,31690,-250,16569,0,0,17,49,0,0,0,0,0,1,56,0,57,7793,2807,7793,5,1,0,5,1,1350,1350,399,2700,5e5881d61d373045c50b1c94ee511ddeaf3b14468f896588a0da5dff14f4143b,4,1,0,0,2,3,1,0,0,0,0,1,0,0,0,0,0,0,0,0,60,112,17305,148356,18,47,18,49,1,1,60,112
473,QAZQAZHOLE,1,1,45,63,1,0,win,4493,561.625,65900,0,65900,0,8176,-250,0,0,68,19,0,0,0,0,11,0,150,0,161,4329,1753,4329,4,1,0,4,1,1350,1350,399,2700,f654eebda89aee1213f9cde463616d4a71e69926929a317edef766b684a855f6,0,4,0,0,3,1,0,1,0,0,1,0,0,0,0,0,0,0,0,0,113,26,149488,15431,66,21,68,19,1,1,113,26
473,QAZQAZHOLE,1,1,45,63,1,1,win,5275,659.375,0,38747,0,38747,-250,13774,0,0,19,32,0,0,0,0,0,3,171,0,174,5049,2629,5049,2,0,0,5,1,1350,1350,399,2700,ebef0f50360829e09b9ec3f8ebbd33bdde1a52d43d31bea606b68412226ca413,2,0,0,0,1,4,0,0,0,0,0,1,0,0,0,0,0,0,0,0,19,48,18457,85809,17,101,19,32,1,1,19,48
474,VERYIEND,1,1,45,63,1,0,win,6041,755.125,39088,0,39088,0,15459,-250,0,0,39,30,0,0,0,0,2,0,179,0,181,5817,817,5817,5,3,0,14,1,1350,1350,399,2700,d52d01403ae69c24cae8229b597534ff504245adb9743365d72659e797e754c4,1,4,0,0,9,5,0,3,0,0,1,0,0,0,0,0,0,0,0,0,58,56,104722,30018,101,17,39,30,1,2,58,56
474,VERYIEND,1,1,45,63,1,1,win,5692,711.500,0,6691,0,6691,-250,18960,0,0,20,12,0,0,0,0,0,1,34,0,35,5465,2217,5465,2,1,0,7,1,1350,1350,399,2700,3928fd6d632f2c5d76ea023a360f74f0b641ad8200a9d22472d5ee0738c9c5c8,2,0,0,0,2,5,1,0,0,0,0,1,0,0,0,0,0,0,0,0,29,39,16028,40450,22,129,20,12,2,1,29,39
475,MINCEME,1,1,8,63,1,0,win,7747,968.375,205751,0,205751,0,57025,4653,67,0,68,33,87,0,0,0,181,0,6,0,187,0,1489,6858,14,15,0,4,0,1350,1350,399,2700,057d7c7ea73804f0dff2050551fca74f8447feea5a652cb8aa896fb35346f377,0,14,0,0,0,4,9,6,0,0,0,0,0,0,87,0,67,0,0,0,88,160,205853,33351,87,23,68,33,0,2,88,160
475,MINCEME,1,1,8,63,1,1,win,4921,615.125,0,46957,0,46957,-250,14708,0,0,21,40,0,0,0,0,0,4,181,0,185,4713,825,4713,1,3,0,3,1,1350,1350,399,2700,1031148a936c9c04c8a1fa7f9186ad8808447df2c6f2460735414dce104c45c9,0,1,0,0,0,3,3,0,0,0,0,1,0,0,0,0,0,0,0,0,50,146,12512,100588,21,94,21,40,0,1,50,146
476,HAMASOLD,1,1,8,63,1,0,ongoing,9600,1200.000,253078,295,253078,295,55854,-6,58,0,63,33,115,1,0,0,206,2,0,0,208,0,965,9355,12,31,0,5,0,1350,1350,399,2700,dafef219c5d7cca2175dc4b31094bdfb982bca5a40ad3a73a653a2fc6757c96e,0,12,0,0,0,5,20,11,0,0,0,0,0,0,115,1,58,0,0,0,124,200,253078,51734,115,20,63,33,0,3,124,200
476,HAMASOLD,1,1,8,63,1,1,win,6735,841.875,0,31575,0,31575,-250,16350,0,0,23,36,0,0,0,0,0,1,77,0,78,6510,1018,6510,1,4,0,5,1,1350,1350,399,2700,972603859b84ee258eacb1ac4d4821601e23522203cc6b5b35fdac2fd99d9489,0,1,0,0,0,5,4,0,0,0,0,1,0,0,0,0,0,0,0,0,34,90,25977,74040,24,93,23,36,0,1,34,90
477,FUTSODBOY,1,1,8,63,1,0,ongoing,9600,1200.000,44516,63393,44516,63393,5508,4368,21,16,31,54,104,5,0,0,155,38,0,0,193,0,1121,9387,20,20,0,24,0,1350,1350,399,2700,3ac9ade7219590a69a74ed1cba61974abc118184a564031145a7fd113639ee52,0,20,0,0,0,24,1,19,0,0,0,0,0,0,103,7,21,16,0,2,33,491,44579,141115,105,15,31,54,0,5,33,491
477,FUTSODBOY,1,1,8,63,1,1,win,5596,699.500,0,44693,0,44693,-250,13528,0,0,23,32,0,0,0,0,0,5,118,0,123,5361,897,5361,1,1,0,6,1,1350,1350,399,2700,89eaf304d37ffc3a4aa033ef7cb7754d5b6d661a0c964f5c9fc6794a7f6fafad,0,1,0,0,0,6,1,0,0,0,0,1,0,0,0,0,0,0,0,0,28,92,15782,86041,21,75,23,32,0,1,28,92
478,SUZYLOW,1,1,8,63,1,0,win,7280,910.000,179716,0,179716,0,48087,632,54,0,54,23,75,0,0,0,165,0,5,0,170,0,1497,6369,4,17,0,2,0,1350,1350,399,2700,17ddc33d66e8affe07998241bd0bc375c220e6caae04999184bcddac5e6eac6b,0,4,0,0,0,2,14,3,0,0,0,0,0,0,76,0,53,0,0,0,71,67,179716,18859,80,22,54,23,0,1,71,67
478,SUZYLOW,1,1,8,63,1,1,win,3724,465.500,0,63828,0,63828,-234,49126,0,20,6,20,0,76,0,0,0,122,5,0,127,0,3455,3455,0,0,0,1,0,1350,1350,399,2700,364261f173a2712dac889ea0e98e22f5c4dd780c4ecad3c45bbd427ff1a39d25,0,0,0,0,0,1,0,0,0,0,0,0,0,0,0,77,0,20,0,1,9,25,3105,63920,21,77,6,20,0,1,9,25
479,DOUOXICK,1,1,8,63,1,0,ongoing,9600,1200.000,457592,2462,457592,2462,252627,540,74,0,74,28,109,2,0,0,206,2,0,0,208,0,1777,8069,0,25,0,1,0,1350,1350,399,2700,94297f2f705919e54ede0324c22b26bc340e5055362ea4d594819e3ff0be7f05,0,0,0,0,0,1,24,1,0,0,0,0,0,0,109,2,74,0,0,0,133,86,457592,19597,113,27,74,28,0,1,133,86
479,DOUOXICK,1,1,8,63,1,1,win,2579,322.375,0,21175,0,21175,-116,885,0,10,2,10,0,16,0,0,0,32,28,0,60,0,0,0,0,0,0,0,0,1350,1350,399,2700,1116b6c14ddc57c4ba436f1a15627a15a973048dbcb9ca65d84afb086c56a2ac,0,0,0,0,0,0,0,0,0,0,0,0,0,0,0,16,0,10,0,0,3,10,2163,21199,22,20,2,10,0,0,3,10
480,SHIEAHOLE,1,8,4,6,1,0,win,8700,1087.500,52357,2,52357,0,310908,-250,10,0,10,5,101,0,0,0,142,0,18,2,162,0,3501,7364,0,0,0,5,0,225,225,399,2700,7532aff14ca9cfac0e74585cf27673e5a34258dc6ae889bedf6cc1b401e3048c,0,0,0,0,5,0,0,0,0,0,0,0,0,0,101,0,10,0,1,0,125,52,52512,4271,105,20,10,5,1,0,125,52
480,SHIEAHOLE,1,8,4,6,1,1,ongoing,9600,1200.000,4896,15641,4896,15641,39002,1650,1,0,4,0,28,99,0,0,36,122,7,0,165,0,4609,4609,0,0,0,1,0,225,225,399,2700,0946e6acaa886ab76f52ca00824f6eef5a61c615a1f18d9c65f87ed46c42b05e,0,0,0,35,0,1,0,0,0,0,0,0,0,0,28,99,1,0,0,0,33,28,7308,15641,35,99,4,0,0,1,33,28
481,HURTDIELAS,1,8,4,6,1,0,ongoing,9600,1200.000,6814,16378,6814,16378,107731,120279,0,12,1,12,52,44,0,0,63,79,15,0,157,0,2095,9091,0,0,0,10,0,225,225,399,2700,440f813c022d37779c2f5057dbaf527ddcbd5ff5178c1b785d7b631c75b5cab3,0,0,0,0,0,10,0,0,0,0,0,0,0,0,52,44,0,12,0,1,14,273,16572,16481,92,47,1,12,0,2,14,273
481,HURTDIELAS,1,8,4,6,1,1,ongoing,9600,1200.000,681,87027,681,87027,1099,30299,0,10,0,10,6,93,0,0,7,126,5,0,138,0,4674,7542,0,0,0,2,0,225,225,399,2700,b4c0aed1ed0565adb799e905f455b268cdd94a1be21fc75e13205773290ab91c,0,0,0,41,0,2,0,0,0,0,0,0,0,0,6,93,0,10,0,1,49,100,2337,87048,18,94,0,10,0,1,49,100
482,JOSQUEAL,1,8,4,6,1,0,ongoing,9600,1200.000,27386,2688,27386,2687,135006,47427,5,2,7,6,95,15,0,0,132,19,2,1,154,0,2736,8943,0,0,0,12,0,225,225,399,2700,534d3fec745110a3ad6148106d6dec3924a75f7dac2b13a0e3f0655fe9b0293d,0,0,0,0,5,7,0,0,0,0,0,0,0,0,95,15,5,2,1,0,73,144,27386,12271,96,37,7,6,1,3,73,144
482,JOSQUEAL,1,8,4,6,1,1,win,5869,733.625,2,67054,0,67054,1299,15284,0,12,2,12,0,67,0,0,0,106,9,2,117,0,3615,4380,0,0,0,2,0,225,225,399,2700,100664dc9a209a36462fac8da8eb7e18304f7b579a060212ca108fec600b9de9,0,0,0,24,0,2,0,0,0,0,0,0,0,0,0,67,0,12,0,1,0,39,2763,67891,18,68,2,12,0,1,0,39
483,TIMUOLD,1,8,4,6,1,0,ongoing,9600,1200.000,126261,99,126261,99,359568,-135,24,0,24,13,124,1,0,0,191,1,3,0,195,0,3589,7305,0,0,0,5,0,225,225,399,2700,245e06689d0355c8965ff291448c50212f7bbf29e701009d78162836fca5704d,0,0,0,0,5,0,0,0,0,0,0,0,0,0,124,1,24,0,1,0,228,145,126261,5863,126,17,24,12,1,0,228,145
483,TIMUOLD,1,8,4,6,1,1,win,4758,594.750,1,50632,0,50632,-250,52280,0,12,2,12,0,74,0,0,0,101,7,1,109,0,4359,4359,0,0,0,1,0,225,225,399,2700,e7e1733f55e4389ec35a0c2dcdb413a4417e2bc39290db16a5d25f2ab55e9a32,0,0,0,8,0,1,0,0,0,0,0,0,0,0,0,74,0,12,0,1,46,62,2402,50799,18,75,2,12,0,1,46,62
484,CALDEBOY,1,8,4,6,1,0,ongoing,9600,1200.000,22012,2060,22012,2060,177704,1219,3,0,3,5,90,17,0,0,115,23,4,0,142,0,3589,8408,0,0,0,6,0,225,225,399,2700,dc2c22fd41166c870621fdf3e313633d6d0a4485808a3311f0585034f4490020,0,0,0,0,6,0,0,0,0,0,0,0,0,0,90,17,3,0,0,0,95,25,22012,5974,90,20,3,5,1,0,95,25
484,CALDEBOY,1,8,4,6,1,1,win,9071,1133.875,1,73213,0,73213,17851,9853,0,9,0,10,0,86,0,0,0,116,13,1,130,0,4021,8279,0,0,0,2,0,225,225,399,2700,51af4cfb6029557da471a98cf8ff595b196f7498f81aca29b6cea1aedcc07c0a,0,0,0,33,0,2,0,0,0,0,0,0,0,0,0,86,0,9,0,1,36,37,3348,73431,22,86,0,10,0,1,36,37
485,SCODIDOR,3,10,4,7,1,0,ongoing,9600,1200.000,216314,4604,216314,4604,637753,-157,20,0,20,1,98,27,0,0,165,43,0,0,208,0,1337,7920,1,0,0,5,0,225,135,399,2700,fa6000d4f56afcb9eb393cc451cf394e6305041e2e647a0540a450cdb7cdca42,0,1,0,0,5,0,0,0,0,0,0,0,0,0,98,27,20,0,1,0,538,187,229305,22122,101,55,20,1,1,0,538,187
485,SCODIDOR,3,10,4,7,1,1,win,8501,1062.625,1,269092,0,269092,18689,45117,0,9,7,9,0,172,0,0,0,207,0,1,208,0,1001,8183,57,0,0,8,0,225,135,399,2700,76dac3c0f1c79b9ba19da292a24efdc95e82d52a915e634a10059975f3fc5169,0,57,0,0,5,3,0,0,0,0,0,0,0,0,0,172,0,9,0,1,226,75,16381,269956,40,172,7,9,3,1,226,75
486,SWAKOPPAL,3,10,4,7,1,0,win,4884,610.500,64671,2,64671,0,75944,-250,8,0,8,0,112,0,0,0,177,0,7,2,186,0,393,4350,1,0,0,2,0,225,135,399,2700,60034d907d58d092142805892250ccb4ec8a274a01aaa30add8d109ae76790eb,0,1,0,0,2,0,0,0,0,0,0,0,0,0,112,0,8,0,1,0,119,126,64827,8701,114,19,8,0,1,0,119,126
486,SWAKOPPAL,3,10,4,7,1,1,ongoing,9600,1200.000,108,295974,108,295974,4846,457235,0,17,6,17,1,138,0,0,1,207,0,0,208,0,1241,4048,28,0,0,3,0,225,135,399,2700,11c8ba9df2b476bb724d40d27277fbbbd3cf32bd5a1b1679d345b4d896f92fca,0,28,0,0,2,1,0,0,0,0,0,0,0,0,1,138,0,17,0,1,142,89,12541,301831,28,147,6,17,2,1,142,89
487,KILLINGPERT,3,10,4,7,1,0,ongoing,9600,1200.000,178657,718,178657,718,406965,4513,17,0,17,7,116,5,0,0,199,6,3,0,208,0,2161,8759,0,0,0,13,0,225,135,399,2700,a8f8a1a270099a867ad8ba96b0d0e2236ba88e7f0c46bd006125d97e863433d8,0,0,0,0,7,6,0,0,0,0,0,0,0,0,116,5,17,0,1,0,244,155,178657,13541,122,38,17,7,1,1,244,155
487,KILLINGPERT,3,10,4,7,1,1,win,5220,652.500,2,140345,0,140345,3750,59615,0,21,4,21,0,125,0,0,0,201,5,2,208,0,1249,4623,63,0,0,1,0,225,135,399,2700,8f689afd823dd73e2a8351520d2ea21a81d8f7ec4a917131d54be6ebd09d3ab3,0,63,0,0,0,1,0,0,0,0,0,0,0,0,0,125,0,21,0,1,79,38,9453,140512,20,135,4,21,0,1,79,38
488,EOAILAS,3,10,4,7,1,0,ongoing,9600,1200.000,131313,753,131313,753,256308,13127,6,2,6,7,125,2,0,0,202,6,0,0,208,0,937,7470,2,0,0,13,0,225,135,399,2700,84ce3efd4d7ed38fc34b0285e2092fa12f12cb52059e49acf1ea26dae98c6621,0,2,0,0,6,7,0,0,0,0,0,0,0,0,125,2,6,2,1,0,231,224,131355,12466,126,27,6,7,1,2,231,224
488,EOAILAS,3,10,4,7,1,1,win,6334,791.750,2,96295,0,96295,-250,15832,0,12,5,12,0,120,0,0,0,192,13,2,207,0,1153,6084,69,0,0,1,0,225,135,399,2700,552101c92ae21ab2238d261ba0c9a4ccf413b173ad2f7656e03538c7a8e49f48,0,69,0,0,0,1,0,0,0,0,0,0,0,0,0,120,0,12,0,1,34,88,10234,96598,25,122,5,12,0,1,34,88
489,BURCEAL,3,10,4,7,1,0,ongoing,9600,1200.000,273392,148,273392,148,332206,669,6,0,6,1,141,1,0,0,207,1,0,0,208,0,1974,3691,0,0,0,2,0,225,135,399,2700,9fc628364549deaed242caace8dc475422c26f1f656e7432dc4ab7cdac6f3787,0,0,0,0,2,0,0,0,0,0,0,0,0,0,141,1,6,0,1,0,179,50,274860,6734,142,22,6,1,1,0,179,50
489,BURCEAL,3,10,4,7,1,1,ongoing,9600,1200.000,1756,69731,1756,69731,-231,2081,0,4,7,5,16,106,0,0,20,186,2,0,208,0,1569,9569,111,0,0,2,0,225,135,399,2700,5ea725ca202541c7fa008bf41cb3c66cbbe1299a38d30f3d9021b165889fb804,0,111,0,0,2,0,0,0,0,0,0,0,0,0,16,106,0,4,0,0,165,212,10373,69731,31,116,7,5,1,0,165,212
490,MORASPIL,1,16,55,63,1,0,loss,1958,244.750,1,17775,0,17775,245,9429,0,22,1,22,0,4,0,0,0,38,2,1,41,0,1449,1449,0,0,0,1,0,45,585,399,2700,04a001298d1f29f79ffa3077038515054bbc73e5ead7f605e5977f8ccbe82f57,0,0,0,0,0,1,0,0,0,0,0,0,0,0,0,4,0,22,0,1,0,1,2374,20130,1,12,1,22,0,1,0,1
490,MORASPIL,1,16,55,63,1,1,win,4051,506.375,1,32573,0,32573,-250,62338,0,4,1,5,0,108,0,0,0,139,5,1,145,0,1763,3555,1,0,0,1,0,45,585,399,2700,a01c748d16c7b94584b45270eec80f6fdc7b5f9eae89185cc93072bef6983264,0,1,0,0,0,1,0,0,0,0,0,0,0,0,0,108,0,4,0,1,2,10,1372,32797,9,108,1,5,0,1,2,10
491,NIMSODJOB,1,16,55,63,1,0,loss,1585,198.125,1,18449,0,18449,-85,3785,0,23,1,23,0,4,0,0,0,39,2,1,42,0,1209,1209,0,0,0,1,0,45,585,399,2700,9c8bd332876a63dd5f8656a686463f33c2b6ec872e3ea25f6da521da4efdd712,0,0,0,1,0,1,0,0,0,0,0,0,0,0,0,4,0,23,0,1,0,1,1913,18539,1,8,1,23,0,1,0,1
491,NIMSODJOB,1,16,55,63,1,1,win,6326,790.750,0,46521,0,46521,-250,5124,0,0,22,39,0,0,0,0,0,7,158,0,165,6129,2098,6129,0,0,0,10,1,45,585,399,2700,4fbb4196cfeb90b4c801832db856a21f2fe559a9ca78b77b8573b95680e51002,0,0,3,0,6,4,0,0,0,0,0,1,0,0,0,0,0,0,0,0,78,86,21377,111833,17,78,22,39,2,1,78,86
492,BILYDOR,1,16,55,63,1,0,loss,1835,229.375,1,22504,0,22504,-186,3609,0,31,1,31,0,3,0,0,0,45,2,1,48,0,1627,1627,0,0,0,1,0,45,585,399,2700,8fcdd1fc3287006fda0e0f53ea7fbcd41bbb6385f984c874bdbaa53f57f297de,0,0,0,1,0,1,0,0,0,0,0,0,0,0,0,3,0,31,0,1,0,1,2079,24377,1,10,1,31,0,1,0,1
492,BILYDOR,1,16,55,63,1,1,win,4728,591.000,0,32526,0,32526,-250,12203,0,0,23,27,0,0,0,0,0,2,110,0,112,4497,489,4497,2,0,0,3,1,45,585,399,2700,80e81a03b87f84d1a43a59aa17d0c2a912668a387229316de2de5bfeaa440d14,0,2,0,0,0,3,0,0,0,0,0,1,0,0,0,0,0,0,0,0,10,37,23222,85908,14,69,22,27,0,1,10,37
493,RINGAPAL,1,16,55,63,1,0,loss,3479,434.875,1,58284,0,58284,-250,1983,0,49,4,51,0,5,0,0,0,71,14,1,86,0,1017,3465,8,3,0,3,0,45,585,399,2700,01e7be01835e6f9c603fe4a503a067c0dab91782a0d61ba2cf65c62759589ff2,1,7,0,1,0,3,0,3,0,0,0,0,0,0,0,5,0,49,0,1,0,48,4845,58486,15,19,4,51,0,3,0,48
493,RINGAPAL,1,16,55,63,1,1,win,5967,745.875,0,37510,0,37510,12081,9050,0,0,24,32,0,0,0,0,0,4,153,0,157,5709,2105,5709,1,0,0,11,1,45,585,399,2700,ae7b83f0e85c469057018f81d42a477ceacb75c80a18fb355fe7890189088760,1,0,2,0,7,4,0,0,0,0,0,1,0,0,0,0,0,0,0,0,80,42,25451,74629,9,94,24,32,3,1,80,42
494,WEAVUSPERT,1,16,55,63,1,0,loss,4342,542.750,2,75895,0,75895,-250,2796,0,46,7,46,0,5,0,0,0,64,14,2,80,0,1193,4297,10,4,0,4,0,45,585,399,2700,a8ef1db8c4933166e57637752d0cccd8c141ce0b78863d434e3835a3a3b5bbbd,1,9,0,1,0,4,0,4,0,0,0,0,0,0,0,5,0,46,0,2,1,61,5868,75995,17,15,7,46,0,3,1,61
494,WEAVUSPERT,1,16,55,63,1,1,win,8763,1095.375,0,23171,0,23171,-250,14431,0,0,27,14,0,0,0,0,0,2,70,0,72,8513,1441,8513,12,0,1,15,1,45,585,399,2700,a62616b00e4ef10a655109770a01f2414fa59a01fbf8343afcb0d21628638ab9,0,12,0,0,13,2,0,0,1,0,0,1,0,0,0,0,0,0,0,0,202,63,26813,43755,16,77,27,14,4,1,202,63
