level,code,terrain,game_mode,player_powers,enemy_powers,speed,strategic_side,outcome,ticks,seconds,blue_population,red_population,blue_living_population,red_living_population,blue_mana,red_mana,blue_castles,red_castles,blue_peak_castles,red_peak_castles,blue_towns,red_towns,blue_action_markers,red_action_markers,blue_alive_slots,red_alive_slots,dead_slots,ruins,slots,war_tick,first_offense_tick,last_offense_tick,both_quakes,both_volcanoes,both_floods,both_knights,both_wars,blue_initial_population,red_initial_population,blue_initial_mana,red_initial_mana,state_hash,blue_exact_quakes,red_exact_quakes,blue_exact_swamps,red_exact_swamps,blue_exact_knights,red_exact_knights,blue_exact_volcanoes,red_exact_volcanoes,blue_exact_floods,red_exact_floods,blue_exact_wars,red_exact_wars,blue_unclassified_power_score,red_unclassified_power_score,blue_actual_towns,red_actual_towns,blue_actual_castles,red_actual_castles,blue_actual_knights,red_actual_knights,blue_actual_battles_won,red_actual_battles_won,blue_peak_actual_population,red_peak_actual_population,blue_peak_actual_towns,red_peak_actual_towns,blue_peak_actual_castles,red_peak_actual_castles,blue_peak_actual_knights,red_peak_actual_knights,blue_peak_actual_battles_won,red_peak_actual_battles_won
0,SHISODING,0,3,63,0,10,0,win,6933,866.625,45732,0,45732,0,60954,32939,13,0,13,6,65,0,694,783,114,0,19,0,133,0,1771,5931,7,1,0,3,0,135,135,399,399,d3bf8fd29b6271da6443f53e6810581a6c3fdcd0d897bcf5a7bf9c55b8c523ac,7,0,0,0,3,0,1,0,0,0,0,0,0,0,65,0,13,0,1,0,76,41,45819,12795,82,45,13,6,1,0,76,41
0,SHISODING,0,3,63,0,10,1,ongoing,9600,1200.000,97124,3958,97124,3957,8745,-243,28,0,28,7,44,25,1107,904,92,39,11,1,143,0,1121,9521,28,29,0,9,0,135,135,399,399,64f5e92f6cee0ca98ed5864cc0ba35af8269038259544f587933907f60d2546c,28,0,0,0,9,0,29,0,0,0,0,0,0,0,44,25,28,0,3,0,206,12,97124,38989,45,55,28,7,3,0,206,12
1,HURTOUTORD,0,3,63,0,10,0,win,2812,351.500,16724,0,16724,0,18373,-250,3,0,3,0,43,0,281,215,61,0,7,0,68,0,1681,2001,3,0,0,1,0,135,135,399,399,3d740a28675204d0b3f121f44512935007353aebd0decc5f1b97a31320918681,3,0,1,0,1,0,0,0,0,0,0,0,0,0,43,0,3,0,1,0,43,4,16747,3111,43,25,3,0,1,0,43,4
1,HURTOUTORD,0,3,63,0,10,1,win,3858,482.250,0,24217,0,24217,5149,23570,0,1,5,1,0,56,386,376,0,77,12,0,89,0,2021,2021,0,1,0,0,0,135,135,399,399,37cc1ee7b5f982f5896ebeaeb41795202023031e3ec528423c2491a353f19ea6,0,0,0,0,0,0,1,0,0,0,0,0,0,0,0,56,0,1,0,0,18,37,10755,24241,34,59,5,1,0,0,18,37
2,JOSAMAR,0,3,63,0,10,0,win,8795,1099.375,31577,0,31577,0,13728,99427,0,0,11,8,0,0,883,1134,2,0,135,0,137,8531,1921,8531,15,0,0,3,1,135,135,399,399,d058af88c2c6314dfa5ea327d6e98ea183c97578333880bc0be5368b571be537,15,0,0,0,3,0,0,0,0,0,1,0,0,0,0,0,0,0,0,0,105,54,47262,21967,65,62,11,8,1,0,105,54
2,JOSAMAR,0,3,63,0,10,1,ongoing,9600,1200.000,76294,31621,76294,31621,5467,77901,19,2,19,4,19,40,990,958,44,58,8,0,110,0,1311,9521,30,14,0,9,0,135,135,399,399,36726fe573604b857dde3f97db36d8156a6fd6bdf3f6ad897424df852589cc7d,30,0,0,0,9,0,14,0,0,0,0,0,0,0,19,40,19,2,3,0,83,11,76294,37587,29,50,19,4,3,0,83,11
3,TIMUSLUG,0,3,63,0,10,0,win,3975,496.875,18895,0,18895,0,15349,-250,2,0,2,2,45,0,394,356,66,0,15,0,81,0,1681,3381,4,1,0,1,0,135,135,399,399,0ba081f05127790b2c7126c1e008e9bc4e583e936a535e7dc27936c21ccb08c2,4,0,0,0,1,0,1,0,0,0,0,0,0,0,45,0,2,0,1,0,53,11,18945,5051,46,23,2,2,1,0,53,11
3,TIMUSLUG,0,3,63,0,10,1,win,4589,573.625,0,24689,0,24689,-250,53894,0,5,1,5,0,33,387,459,0,64,19,0,83,0,2081,2081,1,0,0,0,0,135,135,399,399,8760061972b320492cc87abac27b5cf4cbf4dba58f986bb794fbfccd3d7ee2f1,1,0,0,0,0,0,0,0,0,0,0,0,0,0,0,33,0,5,0,0,33,96,8092,24760,28,40,1,5,0,0,33,96
4,CALDIEHILL,0,3,63,0,10,0,win,5172,646.500,37942,0,37942,0,4588,23042,0,0,7,4,0,0,516,603,3,0,121,0,124,4931,1431,4931,6,0,0,2,1,135,135,399,399,2a94e447b14d39533bcec69427bc01414d1e7d6cd22d12303fa2cc7c2567ad2f,6,0,0,0,2,0,0,0,0,0,1,0,0,0,0,0,0,0,0,0,89,41,60645,17045,130,46,7,4,1,0,89,41
4,CALDIEHILL,0,3,63,0,10,1,win,6757,844.625,0,53025,0,53025,1095,79130,0,1,6,5,0,103,778,676,0,144,35,0,179,0,1571,6541,4,3,0,1,0,135,135,399,399,1a81c9b5c0bc13ba781a960eb4ef2ff65da92513cb437330194dbd2c2b6c4c36,4,0,0,0,1,0,3,0,0,0,0,0,0,0,0,104,0,1,0,0,188,169,15371,53827,46,104,6,5,1,0,188,169
5,SCOQUEMET,1,0,63,16,10,0,win,7755,969.375,19051,0,19051,0,44846,6,0,0,4,8,51,0,646,799,67,0,64,0,131,0,1331,7751,14,2,1,2,0,135,135,399,399,6fe8da1d71a55baa0565e9bc1ef78f4a1da07ff33a066f73764d190e5a3858c1,14,0,0,0,2,0,2,0,0,1,0,0,0,0,51,0,0,0,0,0,50,30,27061,17402,65,37,4,8,1,0,50,30
5,SCOQUEMET,1,0,63,16,10,1,ongoing,9600,1200.000,35975,30078,35975,30078,9359,34871,11,5,12,5,10,50,994,803,24,66,18,0,108,0,2911,8641,0,4,2,0,0,135,135,399,399,8db48b89fde23e5e2630e90230857f47b5a85dd0401540729fedb6bd800faf1f,0,0,0,0,0,0,4,0,0,2,0,0,0,0,10,50,11,5,0,0,1,0,35975,30078,19,72,12,5,0,0,1,0
6,SWAUER,1,0,63,16,10,0,ongoing,9600,1200.000,14471,7867,14471,7867,2848,9006,6,2,6,12,13,31,960,981,25,38,43,0,106,0,1381,9401,36,0,1,2,0,135,135,399,399,3ede2ba38354e7465164d95d7c74a8319c43ebce40f873983d432a490c70b6ca,36,0,0,0,2,0,0,0,0,1,0,0,0,0,13,31,6,2,1,0,15,0,29953,26873,45,33,6,12,1,0,15,0
6,SWAUER,1,0,63,16,10,1,ongoing,9600,1200.000,52078,2513,52078,2512,7281,10091,15,1,15,7,18,16,1077,960,43,20,16,1,80,0,3111,9321,0,6,1,3,0,135,135,399,399,9c67ee68022d8a9ff7fd82a1f61aa6ba9a3489fa484d441b8bf0a04b3416f6f0,0,0,0,0,3,0,6,0,0,1,0,0,0,0,19,16,14,1,1,0,59,2,52078,26172,25,40,15,7,1,0,59,2
7,KILLPEING,1,0,63,16,10,0,win,7811,976.375,17629,0,17629,0,1460,26412,0,0,10,4,0,0,836,679,8,0,99,0,107,7641,1341,7641,11,0,0,3,1,135,135,399,399,8a3047fe2f6945cbcc70a48bc2f5cc07cb8b765767751dfe6aa98037e7948ae5,11,0,0,0,3,0,0,0,0,0,1,0,0,0,0,0,0,0,0,0,43,9,29608,9742,81,33,10,4,2,0,43,9
7,KILLPEING,1,0,63,16,10,1,ongoing,9600,1200.000,37398,5201,37398,5201,7780,21264,16,3,16,3,16,20,1039,956,38,31,37,0,106,0,1981,9201,8,3,1,4,0,135,135,399,399,67613b1a33ff827590ca5be0761506128e0edcd17ce427cb90a59a77835d78cd,8,0,0,0,4,0,3,0,0,1,0,0,0,0,16,20,16,3,1,0,83,0,42573,10604,25,53,16,3,2,0,83,0
8,EOAOZORD,1,0,63,16,10,0,win,6686,835.750,15705,0,15705,0,25672,-230,1,0,8,11,27,0,669,726,41,0,64,0,105,0,1081,6671,14,0,1,3,0,135,135,399,399,464c466f4a7fdabf00b5cc31974457a9ca00c1e76fe8a593fd0132705542882e,14,0,0,0,3,0,0,0,0,1,0,0,0,0,27,0,1,0,0,0,39,1,32495,26556,42,37,8,11,2,0,39,1
8,EOAOZORD,1,0,63,16,10,1,ongoing,9600,1200.000,43450,26654,43450,26653,1888,52486,9,5,15,8,24,70,1082,960,40,91,2,1,134,0,1681,9541,5,5,1,3,0,135,135,399,399,2e83f22f9ecb48925262051bdd56f973b6d52782da9f9225a7f3e3524dbd8f17,5,0,0,0,3,0,5,0,0,1,0,0,0,0,24,70,9,5,1,0,47,5,43450,27495,27,81,15,8,2,0,47,5
9,BURWILCON,1,0,63,16,10,0,win,6222,777.750,20435,0,20435,0,23775,12302,6,0,6,3,79,0,623,661,107,0,15,0,122,0,1411,5361,30,0,0,0,0,135,135,399,399,289d2f83d2149741e9fb3d26bfb90a5fd727fd5d888b5b988b870b8c1dc70ac0,30,0,0,0,0,0,0,0,0,0,0,0,0,0,79,0,6,0,0,0,26,20,20610,4708,91,30,6,3,0,0,26,20
9,BURWILCON,1,0,63,16,10,1,ongoing,9600,1200.000,2381,7905,2381,7905,4194,45928,0,7,8,7,5,55,985,960,9,76,36,0,121,0,3211,8561,0,7,0,1,0,135,135,399,399,ccfc936accde0ca2f0fc10f4368b51ffb3987218e7fbdb126efda75147984ea3,0,0,0,0,1,0,7,0,0,0,0,0,0,0,5,55,0,7,0,0,186,73,23942,11907,31,71,8,7,1,0,186,73
10,MORINGILL,2,0,63,11,10,0,ongoing,9600,1200.000,8227,2793,8227,2793,2006,9727,1,0,4,9,55,30,906,763,60,34,4,0,98,0,2071,9531,31,6,0,2,0,90,90,399,399,8f7a4e9be6574eaae7d01640f223d5eb142992e3e74f2b393ec5bc79e22a960e,31,0,0,1,2,0,2,4,0,0,0,0,0,0,56,30,1,0,0,0,4,1,13670,11106,56,35,4,9,2,0,4,1
10,MORINGILL,2,0,63,11,10,1,ongoing,9600,1200.000,4473,18101,4473,18101,8540,5999,1,7,7,7,18,28,907,960,22,36,8,0,66,0,1921,9311,22,4,0,0,0,90,90,399,399,c9a42043749f91a5544557e8061147fb59e4de885ee51675deffdaecdbaeb266,8,14,0,0,0,0,3,1,0,0,0,0,0,0,18,28,1,7,0,0,0,18,6857,18101,39,28,7,7,0,0,0,18
11,NIMIHILL,2,0,63,11,10,0,ongoing,9600,1200.000,9229,4791,9229,4791,6832,4696,1,5,6,5,34,19,960,866,38,26,15,0,79,0,3261,9191,21,5,0,1,0,90,90,399,399,d17b61e28ecd1c02e669b6f76b20a61d5af6d7309cb6886c9340b5c1aec42fa3,21,0,0,0,1,0,0,5,0,0,0,0,0,0,34,19,1,5,1,0,0,0,11475,4791,46,33,6,5,1,0,0,0
11,NIMIHILL,2,0,63,11,10,1,ongoing,9600,1200.000,6945,4466,6945,4466,6405,2602,0,1,7,7,37,39,943,923,44,41,2,0,87,0,3151,9441,19,5,0,1,0,90,90,399,399,350455f87ec3b5314aaa524a88f79ee9af687007417959d46cfbe5b6195e0e3a,6,13,0,0,1,0,5,0,0,0,0,0,0,0,37,39,0,1,0,0,29,2,13322,8458,42,39,7,7,1,0,29,2
12,BILCEMET,2,0,63,11,10,0,win,4840,605.000,11219,0,11219,0,15897,-250,0,0,6,3,38,0,458,352,46,0,21,0,67,0,1591,4811,6,0,0,3,0,90,90,399,399,500149b229a6fec10f8ced33e63aae9f41eaaf9b5c46f2ffb70372185367d35b,6,0,0,0,3,0,0,0,0,0,0,0,0,0,38,0,0,0,2,0,15,0,16038,2125,48,8,6,3,2,0,15,0
12,BILCEMET,2,0,63,11,10,1,win,5455,681.875,0,9890,0,9890,-96,723,0,5,3,7,0,23,449,524,0,29,16,0,45,0,1577,5441,9,1,0,0,0,90,90,399,399,9f3547f80161a294874af0a5bfe2a077afdca90aa758f25881fd11a4602908c9,2,7,0,0,0,0,1,0,0,0,0,0,0,0,0,23,0,5,0,0,0,29,2872,9906,22,23,3,7,0,0,0,29
13,RINGMPED,2,0,63,11,10,0,ongoing,9600,1200.000,6043,9974,6043,9974,1512,2681,0,0,7,9,53,28,955,1133,55,32,10,0,97,0,2191,9561,34,6,0,0,0,90,90,399,399,1e004b1f29d758d04241e2cd8cf161e3bde7adf5fc651805dd4af953f973130e,20,14,0,0,0,0,0,6,0,0,0,0,0,0,53,28,0,0,0,0,9,39,6412,20730,53,48,7,9,0,0,9,39
13,RINGMPED,2,0,63,11,10,1,win,5576,697.000,0,12125,0,12125,-250,5960,0,3,4,6,0,27,565,558,0,31,22,0,53,0,1861,5181,10,1,0,0,0,90,90,399,399,0c61ed93fb500a7c0b6b7b1c4f8e91f9706d24f552fe2f4b554ad737f347e10c,0,10,0,0,0,0,1,0,0,0,0,0,0,0,0,27,0,3,0,0,7,50,3996,12135,25,30,4,6,0,0,7,50
14,WEAVHIPHAM,2,0,63,11,10,0,win,6654,831.750,14102,0,14102,0,24150,2395,2,0,6,2,52,0,618,607,63,0,15,0,78,0,2129,5531,17,1,0,2,0,90,90,399,399,7f8837a732b03d0ad7532b0f6e312ab1d47e37719eabd445edd39de6ce691665,13,4,0,0,2,0,0,1,0,0,0,0,0,0,52,0,2,0,1,0,33,1,14595,3470,52,26,6,2,2,0,33,1
14,WEAVHIPHAM,2,0,63,11,10,1,win,6429,803.625,0,11315,0,11315,2225,17824,0,2,2,6,0,50,562,577,0,58,19,0,77,0,2161,5951,16,1,0,0,0,90,90,399,399,e1759e38fb262217290861a1cfa543a45787b3755c9e9b18d7e482e18dc834dc,4,12,0,0,0,0,1,0,0,0,0,0,0,0,0,50,0,2,0,0,2,10,3832,13013,32,53,2,6,0,0,2,10
15,ALPOUTOND,3,0,63,2,9,0,win,4024,503.000,30938,0,30938,0,10483,2597,0,0,15,3,0,0,432,464,2,0,114,0,116,3808,649,3808,8,0,0,2,1,135,135,399,399,7d95654aaa0b14742668f0e818b6c64a3d049742bcbe27d92d905c0bfff0b828,8,0,0,0,2,0,0,0,0,0,1,0,0,0,0,0,0,0,0,0,49,15,44849,8982,63,30,15,3,1,0,49,15
15,ALPOUTOND,3,0,63,2,9,1,win,7499,937.375,0,19598,0,19598,1102,6794,0,1,5,3,0,59,905,832,0,99,21,0,120,0,1684,5338,0,5,0,3,0,135,135,399,399,f8fb58aea45256f3709d3da4b23ab8425d09e229d8d591d78c1fc2410a0e5159,0,0,2,6,3,0,5,0,0,0,0,0,0,0,0,59,0,1,0,0,243,79,19795,19742,33,59,5,3,3,0,243,79
16,BADACON,3,0,63,2,9,0,win,4561,570.125,43552,0,43552,0,4417,3070,0,0,11,2,0,0,520,529,45,0,93,0,138,4465,1000,4465,4,0,0,1,1,135,135,399,399,a6dda47987bc0a905000a2290565ebfeb7fdbb38e0e7f901172e895a6c088de4,4,0,0,0,1,0,0,0,0,0,1,0,0,0,0,0,0,0,0,0,67,44,50335,8236,84,33,11,2,1,0,67,44
16,BADACON,3,0,63,2,9,1,win,9016,1127.000,0,44633,0,44633,541,14360,0,6,8,6,0,105,1017,992,0,187,5,0,192,0,1018,6985,11,5,0,3,0,135,135,399,399,4856dbfe85f54c447cd1d3323249695f258127c0b21f033b777a10b9553624ba,11,0,2,12,3,0,5,0,0,0,0,0,0,0,0,105,0,6,0,0,130,84,15923,48879,31,124,8,6,2,0,130,84
17,IMMUSILL,3,0,63,2,9,0,win,5401,675.125,29003,0,29003,0,35647,40461,8,0,8,5,38,0,557,602,64,0,14,0,78,0,4996,4996,0,0,0,1,0,135,135,399,399,560a5e3260015a105ec3c0642bb2e8445a936da8088eb17d78ea264982156e44,0,0,0,1,1,0,0,0,0,0,0,0,0,0,38,0,8,0,1,0,114,81,29021,8201,46,17,8,5,1,0,114,81
17,IMMUSILL,3,0,63,2,9,1,win,1540,192.500,0,5462,0,5462,-239,6175,0,3,0,3,0,17,152,170,0,28,3,0,31,0,0,0,0,0,0,0,0,135,135,399,399,a6e2ccee72c28c63dc516d929168e0b48fd839e2775c6353b554f74f3f5a1c9b,0,0,0,0,0,0,0,0,0,0,0,0,0,0,0,17,0,3,0,0,2,14,613,5514,8,19,0,3,0,0,2,14
18,HOBDIETORY,3,0,63,2,9,0,win,6486,810.750,24362,0,24362,0,31334,49415,7,0,7,6,48,0,714,753,88,0,17,0,105,0,1396,5968,4,0,0,6,0,135,135,399,399,82e20d8a96e7555d85a838e295ea0ecacf9674e5af9ed0451e8302fb1e85e8cd,4,0,0,2,6,0,0,0,0,0,0,0,0,0,48,0,7,0,1,0,87,44,31974,16213,60,31,7,6,2,0,87,44
18,HOBDIETORY,3,0,63,2,9,1,win,6229,778.625,0,47081,0,47081,1613,63223,0,9,2,9,0,63,674,693,0,102,8,0,110,0,3970,3970,0,0,0,1,0,135,135,399,399,26b438efa0b38cf49a3c8f1777e8df703a79256b608ee8e5ee39a494d87d4535,0,0,0,14,1,0,0,0,0,0,0,0,0,0,0,63,0,9,0,0,35,64,8691,48172,31,65,2,9,1,0,35,64
19,BUGQUEEND,3,0,63,2,9,0,win,4529,566.125,30097,0,30097,0,10768,4780,0,0,12,6,0,0,487,533,1,0,80,0,81,4231,928,4231,7,0,0,2,1,135,135,399,399,73e6791bf9df564ba1031fecb442322b4f8eaa8c781ea2c72a1a185fe24b5ee2,7,0,0,2,2,0,0,0,0,0,1,0,0,0,0,0,0,0,0,0,27,0,37126,13459,25,25,12,6,2,0,27,0
19,BUGQUEEND,3,0,63,2,9,1,win,5355,669.375,0,17378,0,17378,-250,33014,0,3,6,3,0,48,599,581,0,83,23,0,106,0,1765,3070,0,3,0,0,0,135,135,399,399,f80372c06faed0a6689bacc04400ebf400d44908c1f038e54342e48886570780,0,0,0,3,0,0,3,0,0,0,0,0,0,0,0,48,0,3,0,0,18,42,12396,18966,29,53,6,3,0,0,18,42
20,SHADTED,2,0,63,32,9,0,win,5230,653.750,24814,0,24814,0,7408,312,10,0,11,6,31,0,573,453,43,0,14,0,57,0,1738,5122,5,0,0,4,0,270,135,399,399,dd63ad3453a2bf1e0943d80c274df9088e561e0b47cf4dfb559d40c3149b9911,5,0,0,0,4,0,0,0,0,0,0,0,0,0,31,0,10,0,2,0,23,1,24902,4313,34,11,11,6,3,0,23,1
20,SHADTED,2,0,63,32,9,1,ongoing,9600,1200.000,102927,10093,102927,10092,7795,144009,33,1,33,3,11,64,1192,786,56,72,16,1,145,0,3466,9397,0,4,0,8,0,270,135,399,399,8ca332b7a225ddc52a97ed6a5a97d7d9a6e777317cf153d637e76e53597d42b0,0,0,0,0,8,0,4,0,0,0,0,0,0,0,11,64,33,1,2,0,89,1,102927,16052,25,82,33,3,2,0,89,1
21,CORPEHAM,2,0,63,32,9,0,ongoing,9600,1200.000,25408,7091,25408,7091,43084,40138,9,4,11,15,48,16,1031,1089,64,23,2,0,89,0,2152,9415,7,2,0,5,0,270,135,399,399,4294379b3a0168f2283aeddb60cc77c44d0d08733eaffcf2247bf250e875cc77,7,0,0,0,5,0,2,0,0,0,0,0,0,0,48,16,9,4,2,0,47,3,26158,12943,49,29,11,15,2,0,47,3
21,CORPEHAM,2,0,63,32,9,1,loss,7314,914.250,60753,4,60753,0,8021,9064,22,0,22,3,14,0,838,737,44,0,23,4,71,0,1873,7102,6,2,0,4,0,270,135,399,399,ab744cdc07f9178a46e93aa64040b1b33193e2fc08aabc62c37649ab06ce9c2c,6,0,1,0,4,0,2,0,0,0,0,0,0,0,14,0,22,0,3,0,85,3,60789,7363,17,32,22,3,3,0,85,3
22,BINOZOND,2,0,63,32,9,0,win,5675,709.375,13804,1,13804,0,30624,15827,6,0,6,6,47,0,610,637,61,0,28,1,90,0,1765,5014,5,0,0,3,0,270,135,399,399,640a92d5ccad9656d81a976fd987e8bebcb96b413c70c5e173bae9cf8beba230,5,0,0,0,3,0,0,0,0,0,0,0,0,0,47,0,6,0,2,0,49,5,16840,5358,58,27,6,6,2,0,49,5
22,BINOZOND,2,0,63,32,9,1,loss,8902,1112.750,42132,1,42132,0,1518,20224,17,0,18,5,9,0,1016,988,32,0,39,1,72,0,1666,8884,8,4,0,5,0,270,135,399,399,36f608789a1aafb2cbd42d65061af1caf20860e331ec9a4094cb53f44a680ecd,8,0,0,0,5,0,4,0,0,0,0,0,0,0,9,0,17,0,2,0,148,8,46557,9326,22,49,18,5,4,0,148,8
23,SADWILLOW,2,0,63,32,9,0,win,8124,1015.500,13231,0,13231,0,16349,38180,5,0,5,5,45,0,883,940,53,0,33,0,86,0,1864,7453,27,0,0,1,0,270,135,399,399,7f68db609b7b96871e40ebbb8e649c3fe9f4e44df5b578d755dedefaa6319777,27,0,0,0,1,0,0,0,0,0,0,0,0,0,45,0,5,0,1,0,19,0,13353,4145,58,28,5,5,1,0,19,0
23,SADWILLOW,2,0,63,32,9,1,ongoing,9600,1200.000,93316,383,93316,382,1501,24233,27,0,27,7,25,6,1145,921,61,6,18,1,86,0,2152,9595,6,5,0,8,0,270,135,399,399,e693a7724b64a33a95e7e17fac5c7a1dfaa83d52efe10b49d366b2fb5a6cb0c9,6,0,0,0,8,0,5,0,0,0,0,0,0,0,25,6,27,0,3,0,130,1,93316,9174,30,52,27,7,4,0,130,1
24,LOWINGICK,2,0,63,32,9,0,win,8650,1081.250,11448,1,11448,0,3593,37760,1,0,4,5,56,0,959,807,63,0,26,1,90,0,2368,8587,29,0,0,2,0,270,135,399,399,459124b80b3b359a9b217c5c2144206942ae34915ce35d9073f13dc32ea5b03c,29,0,0,0,2,0,0,0,0,0,0,0,0,0,56,0,1,0,1,0,33,1,13500,4446,56,26,4,5,2,0,33,1
24,LOWINGICK,2,0,63,32,9,1,ongoing,9600,1200.000,22620,15904,22620,15904,8454,138330,8,4,17,8,8,60,911,858,20,70,42,0,132,0,3556,9361,0,4,0,3,0,270,135,399,399,c87c3620696b41acbd06283008d108f222a1a65dc930c701fc63206596715bb9,0,0,0,0,3,0,4,0,0,0,0,0,0,0,8,60,8,4,0,0,59,17,33496,19899,23,89,17,8,2,0,59,17
25,QAZITORY,3,17,15,11,9,0,win,6635,829.375,106082,0,106082,0,13104,-250,15,0,15,2,94,0,646,776,162,0,4,0,166,0,973,6449,97,0,0,1,0,135,135,399,399,3e05fb2ef873e6d353b58df1c951149bcd212bbc44f505430389faa5568b1ec3,96,1,0,0,1,0,0,0,0,0,0,0,0,0,95,0,15,0,1,0,72,26,106214,5649,95,30,15,2,1,0,72,26
25,QAZITORY,3,17,15,11,9,1,ongoing,9600,1200.000,3476,72005,3476,72005,14,3039,0,3,1,3,30,75,1410,400,52,130,0,0,182,0,1000,9488,72,0,0,0,0,135,135,399,399,f96c71963e5b3fbd5ef3cfc57e0d48cfbc0a6119356612535d13c05f4de43947,0,72,0,0,0,0,0,0,0,0,0,0,0,0,30,75,0,3,0,0,50,153,12093,75962,44,77,1,3,0,0,50,153
26,VERYMEEND,3,17,15,11,9,0,win,5972,746.500,108537,0,108537,0,17740,3602,19,0,20,2,60,0,627,653,108,0,4,0,112,0,1225,5761,96,0,0,1,0,135,135,399,399,14273a26b5792ad667968dd442272fbd901fa4a15521f7bbb5cc72bbda55bee9,95,1,0,0,1,0,0,0,0,0,0,0,0,0,61,0,18,0,1,0,17,16,108621,5257,62,25,20,2,1,0,17,16
26,VERYMEEND,3,17,15,11,9,1,win,6265,783.125,0,16253,0,16253,-250,8581,0,4,3,5,0,41,742,688,0,75,27,0,102,0,1441,5959,17,0,0,2,0,135,135,399,399,da378f4de69dca40f9510b17d7c4a9bc71dc67492b40187175bea375afc27acc,0,17,1,0,2,0,0,0,0,0,0,0,0,0,0,41,0,4,0,0,40,78,8940,16292,33,43,3,5,1,0,40,78
27,MINMPME,3,17,15,11,9,0,win,4553,569.125,45201,1,45201,0,19307,2778,9,0,9,1,90,0,501,443,155,0,4,1,160,0,1378,4006,15,0,0,1,0,135,135,399,399,9a03151e3310e2203048af72b71a08e23ae973a7be7faa69a125d45e5c099317,14,1,0,0,1,0,0,0,0,0,0,0,0,0,90,0,9,0,1,0,22,19,45235,8421,95,25,9,1,1,0,22,19
27,MINMPME,3,17,15,11,9,1,win,3671,458.875,0,25662,0,25662,-131,2021,0,8,2,8,0,42,378,408,0,82,36,0,118,0,973,3619,22,0,0,0,0,135,135,399,399,95e36edebf5d069255663748ae00b0d4d84b1d9bcdd8ff8ad84d109fcb08cc68,1,21,0,0,0,0,0,0,0,0,0,0,0,0,0,42,0,8,0,0,4,34,6978,25806,23,56,2,8,0,0,4,34
28,HAMHIPOLD,3,17,15,11,9,0,win,7483,935.375,24918,0,24918,0,12188,1451,2,0,6,8,93,0,821,1009,138,0,13,0,151,0,1738,7390,20,7,0,0,0,135,135,399,399,9d6ccd62b37673eb4304e9db7a122a5490762e7da331a8c698b813193d70027d,20,0,0,1,0,0,0,7,0,0,0,0,0,0,93,0,2,0,0,0,90,61,26588,17491,93,43,6,8,0,0,90,61
28,HAMHIPOLD,3,17,15,11,9,1,ongoing,9600,1200.000,11413,61539,11413,61539,166,3010,0,3,4,3,30,65,1263,458,49,118,1,0,168,0,1216,9481,63,0,0,1,0,135,135,399,399,26e5ddffe83d9db8d45a1a47841e288ac4c9fc32b77c5f920742848dc4a488b3,1,62,0,0,1,0,0,0,0,0,0,0,0,0,30,65,0,3,0,0,9,92,11413,67687,36,66,4,3,1,0,9,92
29,FUTOUTBOY,3,17,15,11,9,0,win,6060,757.500,77093,1,77093,0,16392,1274,11,0,11,4,73,0,669,688,120,0,9,1,130,0,1027,5995,52,1,0,1,0,135,135,399,399,377115b6ef14e586daca2d4b9782d2476ba2447753f27f9241262f60a75e3a12,50,2,0,0,1,0,0,1,0,0,0,0,0,0,73,0,11,0,1,0,21,10,77220,12209,78,27,11,4,1,0,21,10
29,FUTOUTBOY,3,17,15,11,9,1,win,5906,738.250,0,69050,0,69050,-102,1091,0,16,2,16,0,36,755,641,0,84,16,0,100,0,1063,5905,78,0,0,0,0,135,135,399,399,f473e5a2186cd61f291ecbafc8fc28fec92fa9a655fdc598cb413c8937550d58,1,77,0,0,0,0,0,0,0,0,0,0,0,0,0,36,0,16,0,0,17,54,3409,69062,31,54,2,16,0,0,17,54
30,SUZALOW,0,16,55,8,8,0,win,5346,668.250,28654,0,28654,0,16056,-250,0,0,4,4,0,0,589,824,7,0,103,0,110,5138,737,5138,14,1,0,2,1,135,135,399,399,77305460353606e830fb1b25804d1880f0ece4c75ce16f4c7ac82b7e46a590e4,14,0,0,0,2,0,0,1,0,0,1,0,0,0,0,0,0,0,0,0,50,16,34359,14047,55,30,4,4,1,0,50,16
30,SUZALOW,0,16,55,8,8,1,win,7009,876.125,0,29579,0,29579,-250,63928,0,5,7,5,0,42,897,877,0,70,12,0,82,0,1137,6569,1,6,0,3,0,135,135,399,399,e8cbc87976525af5d55ef8844c56b67aeae6a1974b290a489cbad1b928c9cd6b,1,0,0,0,3,0,0,6,0,0,0,0,0,0,0,42,0,5,0,0,52,92,13769,30924,23,42,7,5,2,0,52,92
31,DOUUSICK,0,16,55,8,8,0,win,4565,570.625,34014,1,34014,0,40933,5904,11,0,11,2,44,0,571,571,71,0,2,1,74,0,801,4457,12,0,0,4,0,135,135,399,399,ded6c5eec0e2780c9c862bd98a44e4c0ecff8d2113575ff3c2811517e7b777c8,12,0,0,0,4,0,0,0,0,0,0,0,0,0,44,0,11,0,3,0,73,21,34082,7730,44,24,11,2,3,0,73,21
31,DOUUSICK,0,16,55,8,8,1,win,6187,773.375,0,39702,0,39702,1287,108535,0,16,4,16,0,29,753,774,0,54,23,0,77,0,1641,3337,0,2,0,3,0,135,135,399,399,fbd6f75295242b93392f7ddc559d972896b2ed59079eeeef7eb19d56e132b06c,0,0,2,0,3,0,0,2,0,0,0,0,0,0,0,29,0,16,0,0,114,99,10131,39770,25,39,4,16,2,0,114,99
32,SHIDIEHOLE,0,16,55,8,8,0,win,8234,1029.250,55618,0,55618,0,6984,2955,0,0,15,11,0,0,915,1127,33,0,113,0,146,8089,1089,8089,6,7,0,7,1,135,135,399,399,1a1bbc8b4faf78e9a56802fad78ef4b67e66ed354a86656d29f255e07ace5771,6,0,0,0,7,0,0,7,0,0,1,0,0,0,0,0,0,0,0,0,155,133,59688,12792,85,23,15,11,3,0,155,133
32,SHIDIEHOLE,0,16,55,8,8,1,win,7510,938.750,0,76725,0,76725,-250,199982,0,16,3,16,0,73,993,939,0,128,11,0,139,0,1409,4681,0,6,0,1,0,135,135,399,399,7850b4695c51abbe7107b29b5755ec5cc9b0b1e847e886a349110761737a3fd0,0,0,0,0,1,0,0,6,0,0,0,0,0,0,0,73,0,16,0,0,97,154,11420,76897,25,75,3,16,1,0,97,154
33,HURTLOPLAS,0,16,55,8,8,0,win,4355,544.375,32213,0,32213,0,22822,-250,0,0,10,3,0,0,518,546,3,0,91,0,94,4129,937,4129,6,1,0,1,1,135,135,399,399,b4a5ce44bef5629cee17422847c8586da5576fa4643b9f0f213b378f88b19c3f,6,0,0,0,1,0,0,1,0,0,1,0,0,0,0,0,0,0,0,0,60,21,40272,10951,71,24,10,3,1,0,60,21
33,HURTLOPLAS,0,16,55,8,8,1,win,6267,783.375,0,44350,0,44350,2560,56221,0,9,5,9,0,75,781,773,0,114,16,0,130,0,1249,5097,2,5,0,7,0,135,135,399,399,d9a48bc227c36fc921af156c944496570e963a5498c588e70c5a12b4b166e8d3,2,0,0,0,7,0,0,5,0,0,0,0,0,0,0,75,0,9,0,0,154,39,15130,44355,31,83,5,9,4,0,154,39
34,JOSTME,0,16,55,8,8,0,win,5450,681.250,34853,0,34853,0,24479,-250,0,0,7,8,0,0,594,954,8,0,88,0,96,5241,1281,5241,5,4,0,2,1,135,135,399,399,373e6b1edb80330454714d18a1806bbf8f6befe6ef16ee28078ee44f9759b5eb,5,0,0,0,2,0,0,4,0,0,1,0,0,0,0,0,0,0,0,0,104,52,49720,14921,83,24,7,8,1,0,104,52
34,JOSTME,0,16,55,8,8,1,win,6558,819.750,0,54671,0,54671,-250,123907,0,15,3,15,0,25,809,819,0,59,16,0,75,0,1465,3153,1,4,0,1,0,135,135,399,399,dfd0b0a059c7769f912b733faf41d877960a032579cfcf93f896dd5455d481d2,1,0,0,0,1,0,0,4,0,0,0,0,0,0,0,25,0,15,0,0,40,56,10617,55828,24,27,3,15,1,0,40,56
35,TIMPEOLD,1,16,63,3,8,0,win,8678,1084.750,37845,0,37845,0,2038,29383,0,0,19,8,0,0,852,1194,5,0,120,0,125,8489,1521,8489,5,2,0,4,1,45,135,399,399,d456e1f014a4456b711f5a64ef67b52e22dafb36ddd4e7643c9ce68f7c5a1a8d,4,1,0,0,4,0,2,0,0,0,1,0,0,0,0,0,0,0,0,0,68,16,52480,18635,81,24,19,8,1,0,68,16
35,TIMPEOLD,1,16,63,3,8,1,win,6434,804.250,0,29290,0,29290,407,18839,0,7,3,7,0,86,677,805,0,117,1,0,118,0,1257,5841,30,0,0,0,0,45,135,399,399,12c1e3c75f3921ff9dfbd0658fc68643d1a93320c31f607221a349a6b3b23428,2,28,0,0,0,0,0,0,0,0,0,0,0,0,0,86,0,7,0,0,4,32,5793,29666,21,88,3,7,0,0,4,32
36,CALOZBOY,1,16,63,3,8,0,win,6888,861.000,62223,0,62223,0,74057,32089,15,0,15,10,96,0,770,873,140,0,5,0,145,0,1393,6665,2,0,0,4,0,45,135,399,399,51d0940e3e47cbbb1a89cd8ac3a3f20c4bf37a9d9336807a2b624e0ca3a80d2b,2,0,0,0,4,0,0,0,0,0,0,0,0,0,96,0,15,0,1,0,55,73,62223,19895,99,21,15,10,1,0,55,73
36,CALOZBOY,1,16,63,3,8,1,win,5325,665.625,0,24713,0,24713,1627,6172,0,4,6,4,0,93,702,573,0,125,17,0,142,0,1449,5113,29,0,0,0,0,45,135,399,399,b95ee9a0630e5ab9fc7e7c2d43f7c080ac12ea2e595750f844ecd0b2f2fcf1cc,1,28,0,0,0,0,0,0,0,0,0,0,0,0,0,93,0,4,0,0,10,22,7294,25002,23,93,6,4,0,0,10,22
37,SCOWILDOR,1,16,63,3,8,0,win,7784,973.000,31306,0,31306,0,16271,21880,0,0,14,7,0,0,801,1115,19,0,121,0,140,7649,1537,7649,11,0,0,3,1,45,135,399,399,3919e82f17e526d264d744a102b3ed7ac055d8adb937c8752d78a2d8a7ce9ae5,9,2,0,0,3,0,0,0,0,0,1,0,0,0,0,0,0,0,0,0,91,56,47940,13602,90,23,14,7,1,0,91,56
37,SCOWILDOR,1,16,63,3,8,1,win,5669,708.625,0,64872,0,64872,1687,12719,0,19,3,20,0,56,558,709,0,92,10,0,102,0,1313,5281,28,0,0,0,0,45,135,399,399,92cbab7695fd1b78626fec617ee07d5cbc2667cd6aefdf693e136cb43ec52efe,0,28,0,0,0,0,0,0,0,0,0,0,0,0,0,56,0,19,0,0,1,13,3315,65016,21,66,3,20,0,0,1,13
38,SWAINGPAL,1,16,63,3,8,0,ongoing,9600,1200.000,30335,3272,30335,3272,2599,18244,1,0,3,3,62,21,1149,1287,82,24,2,0,108,0,1681,9497,57,0,0,0,0,45,135,399,399,0213e96d9184432051defbd7a80eafd76723b5324ee3ba4926b4ea9590724d1d,55,2,0,0,0,0,0,0,0,0,0,0,0,0,62,21,1,0,0,0,0,0,30336,3618,66,24,3,3,0,0,0,0
38,SWAINGPAL,1,16,63,3,8,1,ongoing,9600,1200.000,2513,91261,2513,91261,1588,5391,0,13,2,14,20,48,1242,1002,23,80,7,0,110,0,1385,9393,76,1,0,0,0,45,135,399,399,f11171d6f20d13354a5110dc28bd3388867fbe4041583ed346aa02b8d4a71186,0,76,0,0,0,0,1,0,0,0,0,0,0,0,20,48,0,13,0,0,0,0,2907,91261,22,56,2,14,0,0,0,0
39,KILLOHOLE,1,16,63,3,8,0,win,8863,1107.875,49842,0,49842,0,80553,31479,11,0,11,13,143,0,748,1140,191,0,5,0,196,0,1433,8545,8,3,0,3,0,45,135,399,399,8458bcb6cc8aa724ef1b1a0e15b548c09b244fc249b9b9a0d19f1b66154d6b38,6,2,0,6,3,0,3,0,0,0,0,0,0,0,143,0,11,0,1,0,52,98,50154,14624,145,28,11,13,1,0,52,98
39,KILLOHOLE,1,16,63,3,8,1,win,4928,616.000,0,31173,0,31173,-250,24319,0,13,3,13,0,45,618,594,0,69,21,0,90,0,1361,3969,12,0,0,0,0,45,135,399,399,6a14c884f9eb289468c3f5f6b436204a4d22e0b6f892324d15d646f161a6f022,1,11,0,0,0,0,0,0,0,0,0,0,0,0,0,45,0,13,0,0,4,44,3389,31190,23,54,3,13,0,0,4,44
40,EOAMELAS,2,16,63,16,8,0,win,5990,748.750,14707,1,14707,0,14666,-250,6,0,6,8,30,0,630,530,39,0,47,1,87,0,1721,5377,7,0,1,2,0,135,135,399,399,ae22e98e7f1dbc45f6251b074e572cd7c8d7986ce556defcec968f61963d44ff,7,0,0,0,2,0,0,0,1,0,0,0,0,0,30,0,6,0,1,0,30,0,16936,6792,67,13,6,8,1,0,30,0
40,EOAMELAS,2,16,63,16,8,1,loss,5566,695.750,33337,1,33337,0,8070,7036,18,0,18,1,4,0,632,617,24,0,33,1,58,0,3197,5049,0,2,0,2,0,135,135,399,399,0e03382508388199e61cff9864446a05ceb3eaf2ea32a56a92a34e4992ca5396,0,0,0,0,2,0,2,0,0,0,0,0,0,0,4,0,18,0,1,0,69,0,33403,4787,11,36,18,1,2,0,69,0
41,BURMPAL,2,16,63,16,8,0,ongoing,9600,1200.000,2317,3137,2317,3137,1130,2266,0,0,12,11,0,11,983,1312,4,14,34,0,52,0,3105,9017,6,0,2,0,0,135,135,399,399,0bb3ca68721fceb2a2d065ed41ff591feee5ee393d3edd6b8e5054dc8c767290,6,0,0,0,0,0,0,0,0,2,0,0,0,0,0,11,0,0,0,0,17,70,13904,20532,28,20,12,11,0,0,17,70
41,BURMPAL,2,16,63,16,8,1,ongoing,9600,1200.000,54604,20968,54604,20967,5911,103486,17,7,18,11,2,66,1169,1193,24,82,10,1,117,0,2353,8993,4,1,0,6,0,135,135,399,399,609e2a66397109eaffa37c6a8dee1040c9b439349f6fdbeaddd20987823260ca,4,0,4,0,6,0,1,0,0,0,0,0,0,0,2,66,17,7,3,0,149,8,55762,20968,10,81,18,11,4,0,149,8
42,MORHIPPIL,2,16,63,16,8,0,loss,8965,1120.625,0,11357,0,11357,-202,2687,0,0,4,9,0,0,813,1222,0,8,38,0,46,0,3201,8937,3,0,2,0,0,135,135,399,399,afd1824fd4fc28c5eec2c52f7abebd46b7a3b05cb61491feb9ca0f525b9d22d8,3,0,0,0,0,0,0,0,0,2,0,0,0,0,0,0,0,0,0,0,5,48,4932,23481,25,20,4,9,0,0,5,48
42,MORHIPPIL,2,16,63,16,8,1,win,8326,1040.750,0,54051,0,54051,744,109238,0,21,12,21,0,69,963,1041,0,99,13,0,112,0,2673,7809,2,1,0,1,0,135,135,399,399,2c813926e46f9d2bcd951e846522216a55d80844011677045fd1169115dde9ca,2,0,1,0,1,0,1,0,0,0,0,0,0,0,0,69,0,21,0,0,68,78,19191,54175,18,77,12,21,1,0,68,78
43,NIMOUTJOB,2,16,63,16,8,0,ongoing,9600,1200.000,25179,12456,25179,12455,15108,10607,12,6,14,13,42,5,1144,1178,61,12,6,1,80,0,3169,9169,4,0,0,10,0,135,135,399,399,8f99f5e6339dceeea61a0960fd43f1ccb94d006e7d089293d537c4f3f316186e,4,0,0,0,10,0,0,0,0,0,0,0,0,0,42,5,12,6,2,0,60,11,25179,14253,43,20,14,13,3,0,60,11
43,NIMOUTJOB,2,16,63,16,8,1,ongoing,9600,1200.000,91015,1935,91015,1933,3150,44049,30,0,30,8,4,19,1141,1128,41,22,48,2,113,0,2129,9513,5,4,0,8,0,135,135,399,399,151e86b926b7beb75fd5d83bdd09e1207e490c020586f725fc53c751f8adc565,5,0,1,0,8,0,4,0,0,0,0,0,0,0,4,19,30,0,3,0,169,6,91015,14906,12,71,30,8,4,0,169,6
44,BILADOR,2,16,63,16,8,0,ongoing,9600,1200.000,17055,11541,17055,11541,567,17974,11,6,11,12,10,13,996,1216,25,21,17,0,63,0,1937,8393,9,0,1,1,0,135,135,399,399,c03dec24b6041b062e4fa275a3938373d5326ea603d6bdc1d605c490242f1865,9,0,0,0,1,0,0,0,0,1,0,0,0,0,10,13,11,6,0,0,2,27,23700,17798,32,16,11,12,1,0,2,27
44,BILADOR,2,16,63,16,8,1,ongoing,9600,1200.000,16811,9408,16811,9408,6659,10496,7,7,16,14,5,10,1212,1158,13,20,76,0,109,0,3669,7441,0,2,2,3,0,135,135,399,399,d29fb3fae75b1daee9b716942ccb61b629ff875b3a7df561cc480abc4753d9db,0,0,0,0,3,0,2,0,0,2,0,0,0,0,5,10,7,7,0,0,58,9,34111,34280,11,77,16,14,2,0,58,9
45,RINGGBPAL,3,17,63,4,7,0,win,5000,625.000,23050,0,23050,0,8720,-250,0,0,9,6,0,0,692,693,1,0,95,0,96,4523,1086,4523,7,0,0,4,1,45,270,399,399,f1bff66f0e92f7427055131446247691b7017ae60714279491a14b859747014a,7,0,5,0,1,3,0,0,0,0,1,0,0,0,0,0,0,0,0,0,27,4,35225,13935,20,37,9,6,1,1,27,4
45,RINGGBPAL,3,17,63,4,7,1,loss,8888,1111.000,93176,0,93176,0,2855,-250,24,0,24,5,27,0,1289,893,67,0,27,0,94,0,1667,8870,0,30,0,20,0,45,270,399,399,211f45c436e9dea84a8bc2c8d312c7c1a779d71d499c997a79a50b68b7e84aec,0,0,0,0,17,3,30,0,0,0,0,0,0,0,27,0,24,0,5,0,310,34,93176,14142,32,38,24,5,6,1,310,34
46,WEAVINPERT,3,17,63,4,7,0,win,6775,846.875,31898,0,31898,0,10962,69627,0,0,18,10,0,0,935,1014,2,0,141,0,143,6546,869,6546,9,0,0,8,1,45,270,399,399,c24bd2e2b98cf8d0015ff82b6921cddb01fa0b536d15ab4e3f28ac1ba045a7d8,9,0,4,0,5,3,0,0,0,0,1,0,0,0,0,0,0,0,0,0,132,138,81974,17970,115,41,18,10,1,2,132,138
46,WEAVINPERT,3,17,63,4,7,1,win,8876,1109.500,1,111421,0,111421,3674,378392,0,26,11,26,0,84,1275,993,0,157,25,1,183,0,1471,7918,0,14,0,14,0,45,270,399,399,4e85126cd605d379e2aae45bba3d62aaa8423ecdd1952dd0cb264d676d28795e,0,0,0,0,6,8,14,0,0,0,0,0,0,0,0,84,0,26,0,1,149,145,23155,111557,44,90,11,26,2,1,149,145
47,ALPLOPOUT,3,17,63,4,7,0,win,6337,792.125,40094,0,40094,0,10767,51591,0,0,13,9,0,0,746,919,5,0,154,0,159,6119,1702,6119,1,0,0,9,1,45,270,399,399,96bb69486787c5c74f10a2caa5193f8badbd71ad90d712d9a29e0839b482e277,1,0,0,0,4,5,0,0,0,0,1,0,0,0,0,0,0,0,0,0,79,95,55335,21210,88,42,13,9,1,2,79,95
47,ALPLOPOUT,3,17,63,4,7,1,ongoing,9600,1200.000,14362,61544,14362,61544,3654,122773,5,11,13,14,9,89,1375,1231,21,164,11,0,196,0,1548,9556,31,15,0,12,0,45,270,399,399,42355f92d175f85976eba4fc58fd4659cf8b9c9ac4e8ee540e74d23c08d62fed,31,0,0,0,4,8,15,0,0,0,0,0,0,0,9,89,5,11,0,1,383,202,40594,61544,34,104,13,14,2,1,383,202
48,BADTAL,3,17,63,4,7,0,win,3955,494.375,19806,0,19806,0,4457,3222,0,0,18,3,0,0,524,530,1,0,81,0,82,3529,764,3529,8,0,0,1,1,45,270,399,399,967bcbe29ccd380fd51cf3920dbe0e94e5e556cabd782d0863f97d120db0a9de,8,0,0,0,1,0,0,0,0,0,1,0,0,0,0,0,0,0,0,0,10,0,38928,14217,38,41,18,3,1,0,10,0
48,BADTAL,3,17,63,4,7,1,ongoing,9600,1200.000,1364,51183,1364,51183,-209,89977,0,15,16,15,8,88,1515,1325,9,161,5,0,175,0,981,9059,16,15,0,13,0,45,270,399,399,55bf8d30f21a377ae3e78c3044cfce68daca1c2928026bf3a0e6b3eb3e663842,16,0,1,0,10,3,15,0,0,0,0,0,0,0,8,88,0,15,0,1,323,73,49475,51183,39,89,16,15,4,1,323,73
49,IMMPEPIL,3,17,63,4,7,0,win,7483,935.375,38876,0,38876,0,4993,50919,0,0,13,9,0,0,993,1062,4,0,179,0,183,7253,1814,7253,7,0,0,11,1,45,270,399,399,d31abacf886d3feac0aeff6a790b5d70570c0541871e6f789d907c9d86037b2a,7,0,1,0,1,10,0,0,0,0,1,0,0,0,0,0,0,0,0,0,91,264,61446,22832,109,41,13,9,1,5,91,264
49,IMMPEPIL,3,17,63,4,7,1,ongoing,9600,1200.000,766,148468,766,148468,-82,329864,0,9,6,9,5,101,1307,675,5,175,2,0,182,0,1548,6413,0,2,0,6,0,45,270,399,399,549f694cba13f8e3da5996c79acbb74a1e91236c71af203b401ec78832834f26,0,0,0,0,1,5,2,0,0,0,0,0,0,0,5,101,0,9,0,1,45,237,14719,148468,46,103,6,9,1,2,45,237
50,HOBOZJOB,0,1,47,20,7,0,win,5355,669.375,40577,0,40577,0,1525,2568,0,0,11,4,0,0,717,691,26,0,56,0,82,5258,1052,5258,9,0,0,3,1,45,45,399,399,5d9ad73e7b75ae33e3c8007dd3c9c3e5572db72e10d9ef00d3e82b1e4cdceca9,9,0,0,0,2,1,0,0,0,0,1,0,0,0,0,0,0,0,0,0,70,3,41683,7966,40,24,11,4,1,1,70,3
50,HOBOZJOB,0,1,47,20,7,1,loss,6789,848.625,52474,0,52474,0,5863,-250,24,0,24,6,9,0,963,612,39,0,46,0,85,0,1268,6707,11,12,0,9,0,45,45,399,399,ed8db33e8cb8b348d6ac00f6b117ac220253aed564941646b40b19775e14cc06,11,0,1,0,7,2,12,0,0,0,0,0,0,0,9,0,24,0,1,0,104,11,52519,9245,37,34,24,6,3,1,104,11
51,BUGWILLIN,0,1,47,20,7,0,win,7656,957.000,35718,0,35718,0,7127,19005,0,0,6,9,0,0,854,1013,3,0,106,0,109,7421,1555,7421,5,1,0,9,1,45,45,399,399,d8edc3535737dfbefb0ce8ee9c4be150e9bc419df14063fe4dd25d86cabfcefe,5,0,1,0,4,5,1,0,0,0,1,0,0,0,0,0,0,0,0,0,77,30,61763,18856,87,37,6,9,1,2,77,30
51,BUGWILLIN,0,1,47,20,7,1,ongoing,9600,1200.000,2906,38880,2905,38880,2124,56499,0,4,8,4,14,34,1287,1315,20,59,7,1,87,0,2157,9528,0,6,0,10,0,45,45,399,399,aa83920ecac7673e84bc1e7d11485c5ef9642bb567f77e238488060dad6e398a,0,0,0,0,1,9,6,0,0,0,0,0,0,0,14,34,0,4,0,3,37,173,16190,38880,32,54,8,4,1,3,37,173
52,SHADOGODON,0,1,47,20,7,0,win,6311,788.875,31371,0,31371,0,24227,8601,0,0,15,4,0,0,893,799,1,0,26,0,27,6049,1492,6049,5,0,0,4,1,45,45,399,399,977e90547caf53e3c8c1d7d22cbf2839091805bda3e7441249c375d2e59b5664,5,0,0,0,3,1,0,0,0,0,1,0,0,0,0,0,0,0,0,0,81,38,48246,10178,48,40,15,4,1,1,81,38
52,SHADOGODON,0,1,47,20,7,1,win,6144,768.000,0,43030,0,43030,-250,20962,0,5,10,6,0,72,797,843,0,105,32,0,137,0,1821,5930,8,3,0,9,0,45,45,399,399,55ac325ce37d8a4a4fd20e43321e61c9ec610634abed07159487f49dc01e196a,8,0,0,0,2,7,3,0,0,0,0,0,0,0,0,72,0,5,0,2,21,64,16183,43030,28,72,10,6,1,3,21,64
53,COROPERT,0,1,47,20,7,0,win,6218,777.250,62056,0,62056,0,80701,27481,12,0,12,7,79,0,765,837,127,0,23,0,150,0,1422,4887,8,0,0,6,0,45,45,399,399,3849ba49cd61a8a2bf357ed390783732670fcc1370971a9643da580f0e47475a,8,0,0,0,4,2,0,0,0,0,0,0,0,0,79,0,12,0,1,0,74,49,62085,13576,85,41,12,7,1,1,74,49
53,COROPERT,0,1,47,20,7,1,win,7456,932.000,1,63449,0,63449,3889,107379,0,6,8,7,0,66,944,1031,0,100,16,1,117,0,1765,6301,4,1,0,4,0,45,45,399,399,836763a679bea1a30b278ab793f0d29afec8e40285091ff40def2e647a6c8286,4,0,0,0,0,4,1,0,0,0,0,0,0,0,0,66,0,6,0,1,33,109,8680,63449,24,67,8,7,0,1,33,109
54,BINMEOUT,0,1,47,20,7,0,win,6192,774.000,56610,1,56610,0,39510,25785,8,0,8,5,99,0,816,779,153,0,4,1,158,0,1317,5391,6,0,0,12,0,45,45,399,399,33c9358cb9042646e7be57ef2ba083de3093c0dc0807d661dc3c49463957af1f,6,0,0,0,11,1,0,0,0,0,0,0,0,0,99,0,8,0,1,0,125,37,58220,11411,100,37,8,5,4,1,125,37
54,BINMEOUT,0,1,47,20,7,1,win,7361,920.125,1,45302,0,45302,-250,56689,0,1,9,5,0,91,1052,1004,0,134,4,1,139,0,1450,6238,5,4,0,5,0,45,45,399,399,debcbcbabd9da05398bd26660c8c923976152b9af8fd8ab424af4799eda9b76e,5,0,0,0,2,3,4,0,0,0,0,0,0,0,0,91,0,1,0,1,60,141,12382,45317,33,91,9,5,1,1,60,141
55,SADMPT,2,1,47,20,7,0,win,8755,1094.375,51887,0,51887,0,17343,23389,16,0,17,11,53,0,1251,1206,78,0,26,0,104,0,2017,8562,4,2,0,14,0,135,135,399,399,cabe247d40103da3471a3ab112ade112cc52ab4a0680c810c42b6d4bc4eaf5f2,4,0,0,0,11,3,2,0,0,0,0,0,0,0,53,0,16,0,2,0,82,7,51970,16987,55,33,17,11,3,1,82,7
55,SADMPT,2,1,47,20,7,1,ongoing,9600,1200.000,61443,22229,61443,22229,3031,54747,32,9,37,16,4,79,1407,1281,46,98,8,0,152,0,1737,9458,4,3,0,16,0,135,135,399,399,979c44630d75237e5d797a1762d42725766edf51ebee984ffde3d5f8a3a23a43,4,0,0,0,7,9,3,0,0,0,0,0,0,0,4,79,32,9,0,0,19,15,66954,32460,20,80,37,16,1,2,19,15
56,LOWHIPBAR,2,1,47,20,7,0,ongoing,9600,1200.000,25259,12543,25259,12542,26661,26325,9,5,12,16,35,23,1217,1417,49,34,7,1,91,0,4026,9591,6,0,0,10,0,135,135,399,399,95068b0bbc94443ca6d23bb3436217ae7d7f54e236d110060f9759ca0ebea264,6,0,3,0,5,5,0,0,0,0,0,0,0,0,35,23,9,5,2,0,49,19,25259,24489,46,33,12,16,2,2,49,19
56,LOWHIPBAR,2,1,47,20,7,1,win,5021,627.625,0,11998,0,11998,719,4252,0,0,21,10,0,21,673,718,0,27,115,0,142,0,1933,5020,3,2,1,3,0,135,135,399,399,c63ec5c143cc08d9331d972010c0d8b43c2059af1f50f40684b1e7da989a0a44,3,0,0,0,1,2,2,0,0,1,0,0,0,0,0,21,0,0,0,1,10,0,40990,20458,18,83,21,10,1,1,10,0
57,QAZOUTER,2,1,47,20,7,0,win,4593,574.125,28003,0,28003,0,7720,6078,16,0,16,4,27,0,502,392,47,0,2,0,49,0,1867,4124,1,0,0,1,0,135,135,399,399,0586f476cc767457457a581d1e26b7dba3bc2ceb1b3de8cdaf672db64d4675ec,1,0,0,0,1,0,0,0,0,0,0,0,0,0,27,0,16,0,1,0,17,3,28013,2073,28,11,16,4,1,0,17,3
57,QAZOUTER,2,1,47,20,7,1,win,4688,586.000,0,9480,0,9480,5718,1385,0,2,13,7,0,39,659,595,0,47,56,0,103,0,3242,4687,0,1,1,1,0,135,135,399,399,adf9687678c2ebd510627d2e78f40dbe464df43ec436a2d0ef3dae155ba213b2,0,0,0,0,0,1,1,0,0,1,0,0,0,0,0,39,0,2,0,0,1,20,21414,15183,28,57,13,7,0,1,1,20
58,VERYELIN,2,1,47,20,7,0,win,6646,830.750,2451,0,2451,0,-114,2061,1,0,3,23,14,0,809,945,17,0,57,0,74,0,2920,6644,3,0,1,5,0,135,135,399,399,dfc885f22a947a1077755e7bfdfd65fb0fcf74be5911d3e774ffd9b06dcbdfc9,3,0,0,0,0,5,0,0,0,1,0,0,0,0,14,0,1,0,0,0,2,85,5026,49581,34,27,3,23,0,2,2,85
58,VERYELIN,2,1,47,20,7,1,ongoing,9600,1200.000,49987,29399,49987,29399,2599,83125,23,11,27,20,9,85,1259,1271,40,109,1,0,150,0,2038,9542,8,3,0,8,0,135,135,399,399,dbbccf12632582e3a0ccef78a223f5c97f4fc03afc715158ffd8bdbe4ee53d07,8,0,1,0,3,5,3,0,0,0,0,0,0,0,9,85,23,11,0,2,34,18,72228,35763,23,85,27,20,1,2,34,18
59,MINGBDON,2,1,47,20,7,0,ongoing,9600,1200.000,19714,8795,19714,8795,1620,35772,7,5,8,11,27,25,1302,1002,39,33,15,0,87,0,3277,9584,4,1,0,8,0,135,135,399,399,fd10fcd3cb94b68ddf18655016b2884f9205904898d99560d88f0848a3ff6ab2,4,0,0,0,7,1,1,0,0,0,0,0,0,0,27,25,7,5,3,0,27,4,20720,13636,35,31,8,11,3,1,27,4
59,MINGBDON,2,1,47,20,7,1,win,6758,844.750,0,7459,0,7459,423,5509,0,4,26,4,0,21,968,884,0,27,67,0,94,0,2059,6455,4,1,1,2,0,135,135,399,399,8ca4d59f6b295be57ccaf38ccb0fa90c13ee95f8116281e07b89301be5f35ae0,4,0,0,0,2,0,1,0,0,1,0,0,0,0,0,21,0,4,0,0,1,1,60412,10370,17,44,26,4,1,0,1,1
60,HAMINMAR,3,1,46,20,6,0,win,5174,646.750,14244,0,14244,0,20127,2819,5,0,14,8,13,0,795,893,23,0,52,0,75,0,2025,3961,0,1,1,3,0,135,135,399,399,935a89be34dd590b7683302522f1332bef5c54035253f9bf069b4d416ec457e4,0,0,8,0,2,1,1,0,0,1,0,0,0,0,13,0,5,0,1,0,24,15,23146,14081,30,32,14,8,1,1,24,15
60,HAMINMAR,3,1,46,20,6,1,ongoing,9600,1200.000,67835,17613,67835,17612,5320,12548,6,9,25,9,4,66,1623,1180,20,121,0,1,142,0,1477,9475,0,39,0,17,0,135,135,399,399,66decf83cb132215029aa7d29be4e3fec09c0fe1213bdc77971581d291acd2ed,0,0,0,0,14,3,39,0,0,0,0,0,0,0,4,66,6,9,4,0,404,53,81566,18395,25,74,25,9,8,1,404,53
61,FUTLOPLUG,3,1,46,20,6,0,win,6459,807.375,11268,0,11268,0,30065,2109,0,0,3,13,41,0,1034,1129,74,0,105,0,179,0,2077,6457,0,0,2,5,0,135,135,399,399,ff9810c7725ff03fe5ca2e8356b9a83b561d1bbac0cb2c138798d3287d477aae,0,0,6,0,1,4,0,0,0,2,0,0,0,0,42,0,0,0,0,0,29,2,47084,25470,90,30,3,13,1,2,29,2
61,FUTLOPLUG,3,1,46,20,6,1,win,5822,727.750,0,42232,0,42232,6083,37614,0,8,14,8,0,118,942,947,0,196,12,0,208,0,1513,4417,0,8,0,6,0,135,135,399,399,6b340ce2fd96743b261349f7391b4a271d26b0b0da7fd49a6c100cbbbc57e038,0,0,0,0,2,4,8,0,0,0,0,0,0,0,0,118,0,8,0,1,108,69,24672,45720,31,127,14,8,1,1,108,69
62,SUZTT,3,1,46,20,6,0,win,6059,757.375,71299,0,71299,0,61861,39813,10,0,10,10,116,0,858,1016,183,0,15,0,198,0,2227,5611,0,1,0,7,0,135,135,399,399,7a97d242a700fbcc212f9d4e994c36f80cba98618122e15aacf0ef407fe78fdd,0,0,2,0,3,4,1,0,0,0,0,0,0,0,116,0,10,0,1,0,58,12,71369,22386,116,33,10,10,1,2,58,12
62,SUZTT,3,1,46,20,6,1,ongoing,9600,1200.000,38426,27221,38426,27221,6785,14600,0,3,25,7,0,64,1301,1529,2,114,20,0,136,0,1891,8371,0,33,1,23,0,135,135,399,399,af365aea116ba2fb757314d8d894ce0f255d5722e3cc0cb4219fc08ccde40e93,0,0,1,0,16,7,33,0,0,1,0,0,0,0,0,64,0,3,2,1,181,27,90906,27917,22,68,25,7,6,1,181,27
63,DOUPEBAR,3,1,46,20,6,0,win,4025,503.125,29015,0,29015,0,13531,129,0,0,18,6,0,0,571,653,1,0,166,0,167,3793,1651,3793,0,1,0,6,1,135,135,399,399,11fafa96b070b9b9fb666b444787ade1b6337020e63baa09578eb1a2b85316bd,0,0,3,0,2,4,1,0,0,0,1,0,0,0,0,0,0,0,0,0,28,28,61049,16254,105,42,18,6,1,1,28,28
63,DOUPEBAR,3,1,46,20,6,1,win,6337,792.125,0,70872,0,70872,6710,86278,0,16,11,16,0,121,1006,973,0,207,1,0,208,0,1363,5929,0,11,0,4,0,135,135,399,399,2ddf84ba6f42082abd5095518f6a103247e2f36acefdd90ae7d6a4e71d5c7c74,0,0,0,0,2,2,11,0,0,0,0,0,0,0,0,121,0,16,0,1,104,30,29749,79298,25,125,11,16,2,1,104,30
64,SHIOZER,3,1,46,20,6,0,win,4197,524.625,8660,0,8660,0,1958,2111,0,0,3,11,17,0,668,722,28,0,88,0,116,0,1777,4195,0,0,1,7,0,135,135,399,399,96e2d05c475988c788d31d158df8bd377f867e5fc335cb3c1d572560b4eb5be5,0,0,4,0,2,5,0,0,0,1,0,0,0,0,17,0,0,0,0,0,14,12,19552,30749,46,29,3,11,1,2,14,12
64,SHIOZER,3,1,46,20,6,1,win,7242,905.250,0,57848,0,57848,6434,97401,0,15,13,15,0,87,1294,1173,0,156,41,0,197,0,1489,6631,0,12,0,13,0,135,135,399,399,81c40cd94214eba91dfeb7d674f792346e7211f7f05e273aa81ce4f6158a04aa,0,0,0,0,5,8,12,0,0,0,0,0,0,0,0,87,0,15,0,1,84,73,38141,57912,34,116,13,15,2,1,84,73
65,HURTIKEING,1,1,45,36,6,0,win,7422,927.750,41442,0,41442,0,17180,20708,0,0,19,16,0,0,1059,1186,2,0,160,0,162,7195,1273,7195,2,0,0,12,1,135,45,399,399,b88469569231e4650a650f467d8028c4b78e8f9ba35d65fc4dd4863d6bcfe3fd,2,0,0,0,8,4,0,0,0,0,1,0,0,0,0,0,0,0,0,0,50,36,81468,30241,91,25,19,16,1,2,50,36
65,HURTIKEING,1,1,45,36,6,1,ongoing,9600,1200.000,14094,21683,14094,21683,5866,48493,3,3,35,10,18,103,1599,1495,31,129,9,0,169,0,1537,9229,15,7,0,14,0,135,45,399,399,359fd8a9b15efb8773f7c10cd50cebb6901326a864ee828c640fa4c6426116e6,15,0,0,0,11,3,7,0,0,0,0,0,0,0,18,103,3,3,1,0,148,57,83458,21684,27,103,35,10,2,1,148,57
66,JOSOGOORD,1,1,45,36,6,0,win,7655,956.875,42433,1,42433,0,68853,13976,8,0,8,14,115,0,1276,1203,152,0,21,1,174,0,1411,6061,5,2,0,7,0,135,45,399,399,d00505c898ae3f06b7773fa71b46666987165653c33f9359a5139b1513fdc425,5,0,0,0,4,3,2,0,0,0,0,0,0,0,115,0,8,0,1,0,62,35,42755,23204,116,27,8,14,1,1,62,35
66,JOSOGOORD,1,1,45,36,6,1,ongoing,9600,1200.000,4689,45941,4689,45941,8997,67796,0,15,15,24,5,115,1547,1496,7,166,1,0,174,0,1603,9481,9,8,0,8,0,135,45,399,399,e14ff708fd5b10eec693c43a0ffdad55cd3eef1085a2a5261fadb4e9ef42da89,9,0,0,0,1,7,8,0,0,0,0,0,0,0,5,115,0,15,0,1,71,63,33263,52205,21,122,15,24,1,1,71,63
67,TIMOMAR,1,1,45,36,6,0,win,8634,1079.250,17484,0,17484,0,10553,23913,0,0,13,12,0,0,1435,1268,3,0,57,0,60,8401,1693,8401,2,2,0,10,1,135,45,399,399,5e84e290744bdb1efed62b41a9345c47b781495d57e161ea6fd24fd854a0b9b2,2,0,0,0,6,4,2,0,0,0,1,0,0,0,0,0,0,0,0,0,60,37,47524,22992,92,29,13,12,1,1,60,37
67,TIMOMAR,1,1,45,36,6,1,ongoing,9600,1200.000,22001,25001,22001,25001,7309,80236,9,9,24,15,13,122,1563,1422,30,166,4,0,200,0,1777,9235,8,7,0,9,0,135,45,399,399,5e2d9d63c802e85bbcf1770a763498307605caf1e02d1e5a7f6d84951fec59f4,8,0,0,0,7,2,7,0,0,0,0,0,0,0,13,122,9,9,0,0,103,48,50429,25001,21,128,24,15,2,1,103,48
68,CALMELUG,1,1,45,36,6,0,win,2599,324.875,22985,0,22985,0,22753,19,10,0,10,1,46,0,434,358,74,0,7,0,81,0,1141,1579,3,0,0,0,0,135,45,399,399,61ab58b5749430fc915cef6eb2ae974cd724d2d38dec985b36882189931daeaf,3,0,0,0,0,0,0,0,0,0,0,0,0,0,46,0,10,0,0,0,3,0,23209,678,54,4,10,1,0,0,3,0
68,CALMELUG,1,1,45,36,6,1,ongoing,9600,1200.000,4494,19314,4494,19314,9051,46545,3,10,12,10,5,65,1574,1462,8,98,9,0,115,0,2995,7729,0,7,0,3,0,135,45,399,399,2df9f1eec5ea9431abc3d4ab6c7773f18e09ef2942162fca3998e044b06d36c8,0,0,0,0,2,1,7,0,0,0,0,0,0,0,5,65,3,10,0,0,171,70,21820,19314,30,76,12,10,2,1,171,70
69,SCOMPHILL,1,1,45,36,6,0,win,8082,1010.250,31381,0,31381,0,16176,705,0,0,19,13,0,0,1339,1216,4,0,58,0,62,7867,1729,7867,4,2,0,9,1,135,45,399,399,ebeb67021ac55a06341230bdb2bd06eb48723efa006aaa773abbe88efb65e772,4,0,0,0,5,4,2,0,0,0,1,0,0,0,0,0,0,0,0,0,54,5,61543,25494,49,27,19,13,2,1,54,5
69,SCOMPHILL,1,1,45,36,6,1,ongoing,9600,1200.000,71180,21046,71180,21046,1473,63977,25,12,31,18,10,55,1607,1188,45,96,1,0,142,0,1921,9565,12,6,0,15,0,135,45,399,399,1b85d253488cba0d682056f9855f3502191549bdfd446204cb80a7294c3a08a6,12,0,0,0,8,7,6,0,0,0,0,0,0,0,10,55,25,12,1,0,41,30,71180,23445,20,62,31,18,1,1,41,30
70,SWAHIPMET,1,1,45,36,6,0,ongoing,9600,1200.000,24615,6277,24615,6277,45665,17668,6,2,6,12,60,16,836,1593,81,24,4,0,109,0,859,9511,7,4,0,8,0,1350,1350,399,399,f16ae3453d05b5deb3284b205be53f5f09bf14568a8bd7f69caabc05a5c92f5e,7,0,0,0,6,2,4,0,0,0,0,0,0,0,60,16,6,2,1,0,91,5,24615,16769,60,28,6,12,1,1,91,5
70,SWAHIPMET,1,1,45,36,6,1,win,6572,821.500,0,19793,0,19793,4654,44365,0,10,9,10,0,60,1098,895,0,84,23,0,107,0,2173,5875,0,4,0,1,0,1350,1350,399,399,3320948d60f1d5507f4d891db9c26d0b7843a8acecc9f70c98a11a6c14476cb5,0,0,0,0,1,0,4,0,0,0,0,0,0,0,0,60,0,10,0,0,85,51,15545,19865,26,66,9,10,1,0,85,51
71,KILLQAZED,1,1,45,36,6,0,win,8014,1001.750,24191,0,24191,0,52223,16595,5,0,6,5,116,0,663,1351,148,0,36,0,184,0,1003,7055,20,3,0,3,0,1350,1350,399,399,c44f6052943b6afe259aaeabcc827e57d5ef44f9b9a6646c7b2c3bc19b4ca1b2,20,0,0,0,2,1,3,0,0,0,0,0,0,0,116,0,5,0,1,0,43,12,24956,7646,118,34,6,5,1,1,43,12
71,KILLQAZED,1,1,45,36,6,1,win,5628,703.500,0,25823,0,25823,7483,1883,0,0,10,7,0,0,905,737,0,3,115,0,118,5419,1825,5419,2,0,0,5,1,1350,1350,399,399,1d39f846bb7dba6d86580d87fe126cc3cfe34687246a583c59b1c086f8382256,2,0,0,0,2,3,0,0,0,0,0,1,0,0,0,0,0,0,0,0,7,16,19579,40913,27,117,10,7,1,1,7,16
72,EOAEING,1,1,45,36,6,0,win,2969,371.125,14489,0,14489,0,3806,12511,1,0,1,5,74,0,423,495,98,0,9,0,107,0,979,2908,10,0,0,0,0,1350,1350,399,399,8ba0f89dbb660c672dd9e6c650a28d6027fcd819e15d22192f189f83bd43abcc,10,0,0,0,0,0,0,0,0,0,0,0,0,0,74,0,1,0,0,0,16,14,14513,7214,74,27,1,5,0,0,16,14
72,EOAEING,1,1,45,36,6,1,win,5028,628.500,0,29470,0,29470,4664,73201,0,9,5,9,0,76,777,714,0,100,8,0,108,0,1879,1879,1,0,0,0,0,1350,1350,399,399,74792e12f2798bb069697d72665589503bb151d293e5856e937747781304496c,1,0,0,0,0,0,0,0,0,0,0,0,0,0,0,76,0,9,0,0,28,36,6358,29526,16,77,5,9,0,0,28,36
73,BURGBORD,1,1,45,36,6,0,win,4802,600.250,42036,0,42036,0,67337,27211,10,0,10,11,105,0,768,795,145,0,5,0,150,0,865,4567,5,0,0,1,0,1350,1350,399,399,d5f8c7a15524a80ae8d083cb46483168aae8e470b7f24a43efd3961c158ddb20,5,0,0,0,1,0,0,0,0,0,0,0,0,0,105,0,10,0,1,0,25,22,42088,13188,106,26,10,11,1,0,25,22
73,BURGBORD,1,1,45,36,6,1,win,7672,959.000,0,22884,0,22884,5698,4268,0,0,14,19,0,0,1276,1135,0,1,33,0,34,7423,1921,7423,5,4,0,6,1,1350,1350,399,399,d5d3aedd2589178810627fad7e7d285216e586533d0f76ccdb591adb62bfdea5,5,0,0,0,1,5,4,0,0,0,0,1,0,0,0,0,0,0,0,0,49,43,34337,36698,23,102,14,19,1,1,49,43
74,MORINCON,1,1,45,36,6,0,win,2037,254.625,14103,0,14103,0,13436,-243,6,0,6,1,59,0,340,334,81,0,10,0,91,0,865,1531,5,0,0,0,0,1350,1350,399,399,dcb6b77b9e20a6d835a0d48a080de661be2faa23550142d2767876eeb45df91c,5,0,0,0,0,0,0,0,0,0,0,0,0,0,59,0,6,0,0,0,10,6,14207,1449,65,11,6,1,0,0,10,6
74,MORINCON,1,1,45,36,6,1,win,8516,1064.500,0,16080,0,16080,2901,1143,0,0,12,15,0,0,1447,1419,0,1,122,0,123,8281,2923,8281,0,7,0,6,1,1350,1350,399,399,1d2e945eb55357846d9d9066544a644e780ad624b2bb01077036e6396e87b035,0,0,0,0,0,6,7,0,0,0,0,1,0,0,0,0,0,0,0,0,73,100,17221,38518,27,102,12,15,0,1,73,100
75,NIMLOPILL,0,16,47,20,5,0,win,7301,912.625,31693,0,31693,0,17866,-250,0,0,11,23,0,0,1210,1615,2,0,65,0,67,6956,1537,6956,7,0,1,11,1,45,45,399,399,11408a3739a95df0864e0c70687d1984328072b570fb370071a5edc28375b78b,7,0,0,0,5,6,0,0,0,1,1,0,0,0,0,0,0,0,0,0,51,59,38550,16941,63,29,11,23,1,3,51,59
75,NIMLOPILL,0,16,47,20,5,1,loss,8558,1069.750,64991,0,64991,0,6527,-250,30,0,30,8,18,0,1591,1415,60,0,45,0,105,0,1906,8511,17,17,0,16,0,45,45,399,399,7aea116de8889e1c18b84c5d1a42341927b0dd3aa72d4ab92ffd768f6defa348,17,0,0,0,11,5,17,0,0,0,0,0,0,0,18,0,30,0,1,0,185,30,65101,17859,30,46,30,8,4,1,185,30
76,BILTHILL,0,16,47,20,5,0,win,4889,611.125,21804,0,21804,0,15573,17081,0,0,20,13,0,0,792,845,3,0,84,0,87,4661,1061,4661,12,0,0,4,1,45,45,399,399,3ddcf955d8275a1d80a1a3ff04071ebc26266a77deb08f1425fcbb61c38be07c,12,0,0,0,1,3,0,0,0,0,1,0,0,0,0,0,0,0,0,0,13,45,40467,17601,37,26,20,13,1,3,13,45
76,BILTHILL,0,16,47,20,5,1,ongoing,9600,1200.000,30032,8160,30032,8158,10314,-154,0,2,19,7,23,57,1866,1195,33,87,11,2,133,0,1741,9246,0,27,0,11,0,45,45,399,399,07e51832d87202182d85cfbf530d27dd1aa0d9cfd7908107d5982e9ec7f37a9a,0,0,1,0,10,1,27,0,0,0,0,0,0,0,23,57,0,2,4,0,463,65,42788,20350,26,69,19,7,5,1,463,65
77,RINGOXMET,0,16,47,20,5,0,win,8957,1119.625,65108,1,65108,0,2910,-250,1,0,13,7,51,0,1327,1866,77,0,113,1,191,0,1381,8861,66,0,1,10,0,45,45,399,399,019ccc5fb37dd5bee99477d69c645db7fec62f086a244671fc2d3091a067ad05,66,0,0,0,1,9,0,0,0,1,0,0,0,0,51,0,1,0,1,0,87,206,71510,17900,118,32,13,7,1,3,87,206
77,RINGOXMET,0,16,47,20,5,1,ongoing,9600,1200.000,4564,56936,4564,56936,3632,91250,0,14,20,16,3,109,1852,1726,5,178,2,0,185,0,1916,9466,25,12,0,19,0,45,45,399,399,fdd32dbf55eafc6bff8518be3f2f0bf26a8f2f6e947483264af50a478b4f5a2f,25,0,2,0,6,13,12,0,0,0,0,0,0,0,3,109,0,14,0,1,209,77,20800,56936,24,118,20,16,2,2,209,77
78,WEAVEAED,0,16,47,20,5,0,win,6841,855.125,18595,0,18595,0,4030,22336,0,0,19,13,0,0,1247,1297,1,0,17,0,18,6596,1436,6596,5,0,1,9,1,45,45,399,399,2d6c2e9d131dd1f91c708010a7a039fb9d80b912dea7ab412977604f402f70d4,5,0,0,0,4,5,0,0,0,1,1,0,0,0,0,0,0,0,0,0,21,122,37192,17018,74,26,19,13,1,2,21,122
78,WEAVEAED,0,16,47,20,5,1,win,7585,948.125,0,98817,0,98817,4726,184502,0,13,11,13,0,111,1479,1240,0,171,13,0,184,0,2316,6306,3,2,0,7,0,45,45,399,399,de9ae051826484cfeabf74825284d093c8a617daef9ccc34516b8831bf3e014b,3,0,0,0,3,4,2,0,0,0,0,0,0,0,0,111,0,13,0,1,72,113,9531,98835,21,116,11,13,2,1,72,113
79,ALPIKEHAM,0,16,47,20,5,0,ongoing,9600,1200.000,26899,11747,26899,11747,19340,22713,12,4,15,13,49,19,1744,2015,72,29,0,0,101,0,1346,9451,33,0,1,13,0,45,45,399,399,4156e951c2716be73c360025cafa7930a7748de7271f06db325fdcbcf559e786,33,0,0,0,2,11,0,0,0,1,0,0,0,0,49,19,12,4,1,2,20,224,27785,18007,49,34,15,13,1,3,20,224
79,ALPIKEHAM,0,16,47,20,5,1,win,8848,1106.000,0,78592,0,78592,1581,168348,0,11,15,12,0,108,1626,1559,0,171,11,0,182,0,1931,8126,8,7,0,16,0,45,45,399,399,8f101e0aee4fc25f692e2ec5059506d59c6e5d5ee991ce8eb9eba00caa05ccfc,8,0,0,0,4,12,7,0,0,0,0,0,0,0,0,108,0,11,0,1,83,139,16615,78592,23,110,15,12,2,3,83,139
80,BADOGOOND,2,16,47,20,5,0,loss,3643,455.375,2,25105,0,25105,-250,2416,0,19,0,19,0,3,56,678,0,30,3,2,35,0,2801,3556,1,0,0,2,0,90,180,399,399,d8e83b9025dbf0fca99136f14b428374bf0bb18962c6e1a914c0d0715d65524b,1,0,0,0,0,2,0,0,0,0,0,0,0,0,0,3,0,19,0,2,0,8,869,25148,4,13,0,19,0,2,0,8
80,BADOGOOND,2,16,47,20,5,1,ongoing,9600,1200.000,7566,56288,7566,56288,37,101540,3,18,17,20,5,66,1832,1328,8,93,17,0,118,0,2676,9238,1,0,0,16,0,90,180,399,399,2bb6d62e7f8ec7a0e69b4999656bd1d7df39b503a32eb9cd7c9642cc1bf80a1b,1,0,0,0,0,16,0,0,0,0,0,0,0,0,5,66,3,18,0,1,12,134,18864,56288,26,68,17,20,0,3,12,134
81,IMMOCON,2,16,47,20,5,0,ongoing,9600,1200.000,6153,38210,6153,38210,384,20145,5,23,5,23,15,7,1209,1651,22,35,14,0,71,0,1955,8466,9,0,0,7,0,90,180,399,399,5ddd7807c532735b768dfbc2a2e1ee5b8967cec33ab8aa560b2fd0624fa45b9f,9,0,0,0,0,7,0,0,0,0,0,0,0,0,15,7,5,23,0,2,6,74,6938,38210,35,19,5,23,0,3,6,74
81,IMMOCON,2,16,47,20,5,1,loss,6516,814.500,26728,1,26728,0,3165,-250,13,0,14,3,10,0,1262,798,28,0,22,1,51,0,3396,6341,0,3,0,2,0,90,180,399,399,aa89340c69536dca79170d2a2cd87cc70357ba46cef33d3de999a4f825f848ba,0,0,1,0,2,0,3,0,0,0,0,0,0,0,10,0,13,0,1,0,61,5,26795,4403,15,29,14,3,2,0,61,5
82,HOBMEILL,2,16,47,20,5,0,win,9563,1195.375,9247,0,9247,0,4276,-250,0,0,13,19,0,0,1130,1845,1,0,115,0,116,9233,1881,9233,6,0,0,14,1,90,180,399,399,7fdbef631d519efc0c4a9ea329bacdd79258ca43e1aa14da10be50e50f5a3121,6,0,1,0,11,3,0,0,0,0,1,0,0,0,0,0,0,0,0,0,93,38,27014,16142,79,22,13,19,3,1,93,38
82,HOBMEILL,2,16,47,20,5,1,win,7240,905.000,2,96231,0,96231,-250,39619,0,33,16,33,0,60,1348,1245,0,105,11,2,118,0,2486,7180,0,0,0,15,0,90,180,399,399,0addccc58dd905a8634cbeab33a80ee4e1654f21dbf4b460b89046ccaa8783a5,0,0,0,0,0,15,0,0,0,0,0,0,0,0,0,60,0,33,0,3,5,124,19031,96231,18,60,16,33,0,3,5,124
83,BUGMPTORY,2,16,47,20,5,0,loss,3510,438.750,2,28327,0,28327,-250,12011,0,18,0,18,0,8,420,648,0,28,10,2,40,0,2561,2561,0,0,0,1,0,90,180,399,399,650fdb376a46db54412139964be9ff038415c6418bb2f1ef4b0cd8df871eb201,0,0,0,0,0,1,0,0,0,0,0,0,0,0,0,8,0,18,0,1,0,13,1178,28393,10,12,0,18,0,1,0,13
83,BUGMPTORY,2,16,47,20,5,1,ongoing,9600,1200.000,117789,2637,117789,2636,8629,14412,41,0,42,8,9,34,1958,1679,61,37,14,1,113,0,2451,9416,12,6,0,6,0,90,180,399,399,81fcb727d111befc9426a3a692b18961e7932899719dd4c80765ec8712dd8bfb,12,0,1,0,6,0,6,0,0,0,0,0,0,0,9,34,41,0,3,0,185,12,117789,7780,16,59,42,8,3,0,185,12
84,SHADKOPEND,2,16,47,20,5,0,win,8972,1121.500,35349,2,35349,0,20990,-250,19,0,20,15,23,0,1223,1346,47,0,17,2,66,0,2411,8906,3,0,0,12,0,90,180,399,399,cf841af4d8e2f925397f941192602c67bb82aeb764cfdf8f49361a4c3b91eb37,3,0,0,0,12,0,0,0,0,0,0,0,0,0,23,0,19,0,3,0,110,5,35411,13768,32,19,20,15,3,0,110,5
84,SHADKOPEND,2,16,47,20,5,1,loss,6362,795.250,78742,1,78742,0,5170,-199,34,0,34,6,9,0,1295,734,50,0,11,1,62,0,1881,6066,3,2,0,4,0,90,180,399,399,349774252db33af87a8f165824b21142c452403ef973a92e860a9ade861d9f58,3,0,0,0,4,0,2,0,0,0,0,0,0,0,9,0,34,0,1,0,60,1,78766,5048,13,22,34,6,3,0,60,1
85,CORQAZME,3,16,46,20,5,0,win,7034,879.250,36871,0,36871,0,18098,26890,0,0,10,11,0,0,959,1540,5,0,79,0,84,6825,1676,6825,0,1,1,4,1,90,180,399,399,ec5cbc0e50cb7b048657880eab3393306e9b2a919048864138b94aa465cb1c58,0,0,4,0,2,2,1,0,0,1,1,0,0,0,0,0,0,0,0,0,101,146,52347,17494,71,20,10,11,1,2,101,146
85,CORQAZME,3,16,46,20,5,1,win,7040,880.000,0,49925,0,49925,977,67908,0,15,14,15,0,71,1352,1337,0,137,25,0,162,0,1621,6726,0,10,0,17,0,90,180,399,399,1b69970a0b429a8ac58e63e7eae3ee74e909ee7c49f1fdae3c9444f1dbff8652,0,0,1,0,7,10,10,0,0,0,0,0,0,0,0,71,0,15,0,1,172,33,22237,50333,18,91,14,15,3,1,172,33
86,BINEHAM,3,16,46,20,5,0,win,3095,386.875,29349,1,29349,0,51953,-250,14,0,14,4,42,0,585,621,73,0,9,1,83,0,1186,1991,0,1,0,1,0,90,180,399,399,cc799d8bc59776c996a8b6226ed7cfb78d16319ce249e4b03566b86dcae1a42e,0,0,2,0,1,0,1,0,0,0,0,0,0,0,43,0,13,0,1,0,50,14,29491,8867,43,22,14,4,1,0,50,14
86,BINEHAM,3,16,46,20,5,1,win,4122,515.250,0,19667,0,19667,-250,17180,0,12,8,12,0,26,768,752,0,57,29,0,86,0,1076,3831,0,4,0,2,0,90,180,399,399,dfe51e95f19d72a48e18b7602534a565d915ba5823d9d4b202f1c772927bf2b1,0,0,0,0,1,1,4,0,0,0,0,0,0,0,0,26,0,12,0,1,88,37,10182,19699,14,47,8,12,1,1,88,37
87,SADGBOND,3,16,46,20,5,0,win,5240,655.000,25650,0,25650,0,4552,-250,0,0,15,14,0,0,937,1172,1,0,90,0,91,4971,2336,4971,0,0,1,2,1,90,180,399,399,f2742b8d7caea187538be05646de4910c16b8566acb264821e2a3c1136cbecff,0,0,8,0,1,1,0,0,0,1,1,0,0,0,0,0,0,0,0,0,28,12,47357,15765,48,26,15,14,1,1,28,12
87,SADGBOND,3,16,46,20,5,1,win,6068,758.500,0,30280,0,30280,2603,6200,0,3,10,7,0,94,1216,1102,0,145,8,0,153,0,1751,5713,0,9,0,8,0,90,180,399,399,855a080c546d314210639c7f9deb6f234357820af0938feb640baa16845f1b5b,0,0,0,0,4,4,9,0,0,0,0,0,0,0,0,94,0,3,0,1,196,22,15871,33230,20,96,10,7,3,1,196,22
88,LOWINLOW,3,16,46,20,5,0,win,7654,956.750,31434,1,31434,0,53150,-250,4,0,7,14,19,0,1502,1630,37,0,63,1,101,0,1306,7151,0,1,1,7,0,90,180,399,399,18943a435ce3a24d0868f5dcf72e5f80228d2ab6b41ee4341829607e92016bef,0,0,6,0,5,2,1,0,0,1,0,0,0,0,19,0,4,0,1,0,75,36,31536,15138,53,21,7,14,1,1,75,36
88,LOWINLOW,3,16,46,20,5,1,ongoing,9600,1200.000,66532,2111,66532,2110,7706,641,13,1,20,6,2,19,1878,891,27,39,26,1,93,0,1556,9491,0,38,0,29,0,90,180,399,399,cabaaab7ac3e34bcb34af637c233b5aec1b56d1a0b4cc3a3a5ae48ceaf216a9b,0,0,0,0,25,4,38,0,0,0,0,0,0,0,2,19,13,1,4,0,472,11,75147,14416,17,34,20,6,6,1,472,11
89,QAZLOPICK,3,16,46,20,5,0,loss,2875,359.375,1,12985,0,12985,57,33472,0,12,1,12,0,8,45,583,0,26,2,1,29,0,1601,2336,0,0,0,2,0,90,180,399,399,f9cab39cfca251242c9680aed37ec70ce1b339b99869b0b0638213f3dd499d44,0,0,2,0,0,2,0,0,0,0,0,0,0,0,0,8,0,12,0,1,1,1,3030,18354,1,18,1,12,0,2,1,1
89,QAZLOPICK,3,16,46,20,5,1,win,3535,441.875,1,31194,0,31194,-250,55847,0,9,0,9,0,38,186,634,0,62,4,1,67,0,2051,2811,0,0,0,2,0,90,180,399,399,e9b123d00233508458f44193215706bad8c035280988ccc233f16b2aa95e7cfc,0,0,0,0,0,2,0,0,0,0,0,0,0,0,0,38,0,9,0,1,1,29,5081,31314,11,38,0,9,0,1,1,29
90,VERYYTORY,1,16,45,36,4,0,win,4811,601.375,12368,0,12368,0,4067,9522,0,0,23,14,0,0,940,1186,1,0,89,0,90,4565,989,4565,1,0,0,3,1,1350,1350,399,399,b29cf2b5be696299ea9c2e42ee4e0f437ebdffa1e08bf11aa7d74a27914e12da,1,0,0,0,2,1,0,0,0,0,1,0,0,0,0,0,0,0,0,0,16,29,75205,23680,114,22,23,14,1,1,16,29
90,VERYYTORY,1,16,45,36,4,1,win,4043,505.375,0,20056,0,20056,-137,1279,0,0,4,5,0,0,1093,453,0,27,102,0,129,3953,2848,3953,0,0,0,1,1,1350,1350,399,399,b63a0cd7c8e4958dbfef002ce52d9c834361da2bd85c72f5d095b3b000ab5250,0,0,0,0,0,1,0,0,0,0,0,1,0,0,0,0,0,0,0,0,2,21,4694,28811,20,88,4,5,0,1,2,21
91,MINOXEND,1,16,45,36,4,0,win,5557,694.625,47765,0,47765,0,1196,48031,0,0,28,11,0,0,1329,1125,11,0,115,0,126,5369,913,5369,2,0,0,2,1,1350,1350,399,399,c11cd4f40a000c815219c54a0564a68ab302cfc3f49ae39c17dce9603dafd74f,2,0,0,0,1,1,0,0,0,0,1,0,0,0,0,0,0,0,0,0,72,119,67401,9309,70,18,28,11,1,1,72,119
91,MINOXEND,1,16,45,36,4,1,win,4580,572.500,0,8136,0,8136,-250,7364,0,0,5,7,0,0,1085,1013,0,1,104,0,105,4273,2421,4273,2,0,0,0,1,1350,1350,399,399,34e59cefd98874f4964e07f70f386752dca82f08a9f41733d08d427495d84312,2,0,0,0,0,0,0,0,0,0,0,1,0,0,0,0,0,0,0,0,6,3,7505,27503,19,89,5,7,0,0,6,3
92,HAMEAME,1,16,45,36,4,0,win,5676,709.500,34223,0,34223,0,6795,46387,0,0,27,16,0,0,1154,1334,3,0,116,0,119,5473,697,5473,3,0,0,4,1,1350,1350,399,399,841320b1251bec5442fc882fd293dd95e3df0b46d789f726ca8518c7f5c3eae1,3,0,0,0,4,0,0,0,0,0,1,0,0,0,0,0,0,0,0,0,63,84,65934,19771,84,17,27,16,2,0,63,84
92,HAMEAME,1,16,45,36,4,1,win,4200,525.000,0,32634,0,32634,-250,4185,0,0,4,11,0,0,948,975,0,2,171,0,173,3857,2073,3857,1,0,0,0,1,1350,1350,399,399,9ac268010df8aaff81cf42c032f28f60b1f8576523dc5509f8599ce0281502d9,1,0,0,0,0,0,0,0,0,0,0,1,0,0,0,0,0,0,0,0,13,5,6788,51915,18,119,4,11,0,0,13,5
93,FUTIKEOLD,1,16,45,36,4,0,win,4727,590.875,53816,1,53816,0,71182,18409,30,0,30,12,60,0,1162,1100,107,0,14,1,122,0,905,4601,3,0,0,2,0,1350,1350,399,399,97df0942010a9d8dcadd93d91628dc16c98cf45f11c1ac67b6e9a86c5da2f746,3,0,0,0,2,0,0,0,0,0,0,0,0,0,60,0,30,0,1,0,44,49,54134,12849,69,18,30,12,1,0,44,49
93,FUTIKEOLD,1,16,45,36,4,1,win,3505,438.125,0,30259,0,30259,1631,44776,0,6,4,6,0,83,805,770,0,108,10,0,118,0,3112,3112,0,0,0,1,0,1350,1350,399,399,caf869b9dea5095ae70dbbefe771298ccd7902d963f3a678a22e4fda97461284,0,0,0,0,0,1,0,0,0,0,0,0,0,0,0,83,0,6,0,1,19,12,4255,30285,15,87,4,6,0,1,19,12
94,SUZOGOBOY,1,16,45,36,4,0,win,3942,492.750,40583,1,40583,0,75825,-78,19,0,19,7,70,0,753,936,108,0,14,1,123,0,833,3589,2,0,0,2,0,1350,1350,399,399,72e7eab7232a1de4b68e2a21a4c5b03dfcf4f2f7ea67dca2705861d489d317be,2,0,0,0,2,0,0,0,0,0,0,0,0,0,70,0,19,0,1,0,38,31,40776,8619,79,19,19,7,1,0,38,31
94,SUZOGOBOY,1,16,45,36,4,1,win,2445,305.625,0,14029,0,14029,34,28731,0,2,1,2,0,70,605,376,0,83,12,0,95,0,0,0,0,0,0,0,0,1350,1350,399,399,a765258db55055a632ac4e7f3869f905417f62bee8fe6f405d5ba1fd2491a8bc,0,0,0,0,0,0,0,0,0,0,0,0,0,0,0,70,0,2,0,0,3,6,1386,14093,19,70,1,2,0,0,3,6
95,DOUOLOW,2,16,63,11,4,0,ongoing,9600,1200.000,29495,9584,29495,9584,34823,2953,18,9,23,12,70,8,1603,1976,97,23,11,0,131,0,3185,9378,25,5,0,2,0,45,45,399,399,11512bd49f41347fc540d8e8ab0e14e3dc00f8ef5bee939d8d15c64e4322c2b2,15,10,0,0,2,0,0,5,0,0,0,0,0,0,70,8,18,9,0,0,29,68,31394,16900,91,19,23,12,2,0,29,68
95,DOUOLOW,2,16,63,11,4,1,ongoing,9600,1200.000,632,26877,632,26877,167,1803,0,12,14,12,9,95,1954,1555,9,117,0,0,126,0,3353,9573,45,0,0,3,0,45,45,399,399,630b64fc90ade187f38b3adb23072fd7e02524b23bc70930d2446d7ba4f6f712,0,45,0,0,3,0,0,0,0,0,0,0,0,0,9,95,0,12,0,0,26,26,14041,26877,19,95,14,12,2,0,26,26
96,SHIMEICK,2,16,63,11,4,0,loss,7246,905.750,0,53138,0,53138,-229,2637,0,27,2,27,0,3,622,1020,0,39,3,0,42,0,2889,7154,5,2,0,0,0,45,45,399,399,99079abbcdc09982c269fc9dc473bd85f4950f4fef91dc22329898efbbf34dde,1,4,0,0,0,0,0,2,0,0,0,0,0,0,0,3,0,27,0,0,0,19,2244,53210,15,9,2,27,0,0,0,19
96,SHIMEICK,2,16,63,11,4,1,win,3351,418.875,0,6188,0,6188,-250,2167,0,0,0,3,0,14,50,601,0,16,11,0,27,0,2977,2977,1,0,0,0,0,45,45,399,399,95a880f9b11a507767064fcf9fee5b6ffd8a7acb5f2533bab1194b2bf5ec326f,1,0,0,0,0,0,0,0,0,0,0,0,0,0,0,14,0,0,0,0,0,5,542,7436,5,21,0,3,0,0,0,5
97,HURTDIHOLE,2,16,63,11,4,0,win,6675,834.375,29283,3,29283,0,67445,-250,19,0,19,15,52,0,840,1174,93,0,9,3,105,0,2305,6473,2,0,0,9,0,45,45,399,399,49c59fcd53c01ce73cb648f690909eca0cb181b32673c7ce2c3835c72c602f5c,1,1,0,0,9,0,0,0,0,0,0,0,0,0,52,0,19,0,2,0,69,6,29362,13779,73,13,19,15,3,0,69,6
97,HURTDIHOLE,2,16,63,11,4,1,win,9376,1172.000,0,17304,0,17304,-250,3411,0,10,17,15,0,52,1852,2036,0,72,54,0,126,0,2721,9357,34,2,0,4,0,45,45,399,399,ca93b093fc2134291735386fdd228f8af0254e774c6192c8d6208586778b7441,3,31,0,0,4,0,2,0,0,0,0,0,0,0,0,52,0,10,0,0,120,28,15396,17304,21,88,17,15,2,0,120,28
98,JOSKOPLAS,2,16,63,11,4,0,win,2895,361.875,13734,0,13734,0,5099,1750,7,0,9,0,13,0,528,39,22,0,3,0,25,0,0,0,0,0,0,0,0,45,45,399,399,d8a099faec39a10a4a31ff102e2a2163f342b615810528c20b4e1f679e627fa3,0,0,0,0,0,0,0,0,0,0,0,0,0,0,13,0,7,0,0,0,3,0,13760,482,14,2,9,0,0,0,3,0
98,JOSKOPLAS,2,16,63,11,4,1,win,4292,536.500,0,31715,0,31715,-250,3639,0,16,9,16,0,42,759,898,0,68,7,0,75,0,2805,4185,11,0,0,0,0,45,45,399,399,a817a755f5073b9dccc6f06223b8fa873073ea6aabe25413350a861d60b77fa8,0,11,1,0,0,0,0,0,0,0,0,0,0,0,0,42,0,16,0,0,1,24,6151,31779,20,47,9,16,0,0,1,24
99,TIMQAZAL,2,16,63,11,4,0,win,8796,1099.500,52438,2,52438,0,28674,-250,22,0,22,15,38,0,1845,1634,69,0,9,2,80,0,1841,8564,3,0,0,14,0,45,45,399,399,eb47884e0762d94e790daddd83e5dbf5c0efb1409c6d273e0d767a1fe303ab83,2,1,0,0,14,0,0,0,0,0,0,0,0,0,38,0,22,0,2,0,88,5,52516,14769,40,20,22,15,3,0,88,5
99,TIMQAZAL,2,16,63,11,4,1,loss,7244,905.500,48574,2,48574,0,6152,-250,31,0,31,3,1,0,1298,1063,38,0,39,2,79,0,2697,7091,4,3,0,5,0,45,45,399,399,64584e0ae548620e725dd5a39d27f4b00c20edc10db9f13ea685320df0a95c7c,0,4,0,0,5,0,3,0,0,0,0,0,0,0,1,0,31,0,3,0,135,4,48630,5470,18,44,31,3,3,0,135,4
100,CALEOLD,1,16,62,11,4,0,win,7317,914.625,35282,0,35282,0,1550,-225,0,0,24,18,0,0,1707,1575,9,0,118,0,127,7129,2101,7129,0,6,0,6,1,225,90,399,399,b20ee3968250dda603e0f0af840c8d0bf1882e63f4708586a99152382aa2d52e,0,0,1,0,6,0,2,4,0,0,1,0,0,0,0,0,0,0,0,0,67,60,49274,23606,79,16,24,18,1,0,67,60
100,CALEOLD,1,16,62,11,4,1,win,4711,588.875,0,39000,0,39000,-250,7752,0,10,7,13,0,63,1128,1056,0,92,13,0,105,0,1513,4545,13,2,0,0,0,225,90,399,399,96ca3dfd5ed8e9674657ebd8156701ddce16d9b681ac4815b7944de33452b25d,0,13,0,0,0,0,1,1,0,0,0,0,0,0,0,63,0,10,0,0,8,37,7299,39208,23,72,7,13,0,0,8,37
101,SCOGBBOY,1,16,62,11,4,0,win,6738,842.250,28918,0,28918,0,3128,5265,0,0,23,15,0,0,1553,1399,1,0,140,0,141,6481,2985,6481,0,5,0,3,1,225,90,399,399,07bbc3d0ec9ea5ecc35063cf6b77d9af73f22cc64c32f4132e15c4771a682453,0,0,0,1,3,0,0,5,0,0,1,0,0,0,0,0,0,0,0,0,86,103,52134,20770,78,13,23,15,1,0,86,103
101,SCOGBBOY,1,16,62,11,4,1,ongoing,9600,1200.000,58617,6208,58617,6208,6322,637,16,0,25,4,12,49,1201,1016,43,53,0,0,96,0,3028,9597,1,3,0,14,0,225,90,399,399,a2504f7e795a80203878d543ce6db0210c8a87dda91ed54cdcd84c7674fd7a10,0,1,0,0,14,0,3,0,0,0,0,0,0,0,12,49,16,0,1,0,103,4,63600,8215,14,49,25,4,3,0,103,4
102,SWAINDOR,1,16,62,11,4,0,win,8804,1100.500,35983,0,35983,0,13090,-250,0,0,17,17,0,0,1701,2195,4,0,77,0,81,8641,1829,8641,0,4,1,5,1,225,90,399,399,8cdd8b324112cc9ab4e0f07d1660bc7ca0a578c521f1f01776f9a89d399bb87c,0,0,2,1,5,0,3,1,1,0,1,0,0,0,0,0,0,0,0,0,94,34,48793,23330,77,20,17,17,1,0,94,34
102,SWAINDOR,1,16,62,11,4,1,ongoing,9600,1200.000,17171,76261,17171,76261,624,66117,0,29,17,29,0,32,1985,2290,1,77,36,0,114,0,1745,7633,49,2,0,5,0,225,90,399,399,7cbc007ee7b139c5cf10b9ade696bd1a0f09af623d7817454bf8eaf232d77d11,0,49,0,0,5,0,1,1,0,0,0,0,0,0,0,32,0,29,1,0,66,64,23136,82273,21,69,17,29,3,0,66,64
103,KILLSODPAL,1,16,62,11,4,0,win,5275,659.375,54000,0,54000,0,73958,2590,28,0,29,14,52,0,1264,1007,96,0,1,0,97,0,2025,4533,4,1,0,3,0,225,90,399,399,8b3352bfe0a3121794dde554e131e227e4ce0d1a1db9332a9f61a4321424053a,0,4,0,0,3,0,0,1,0,0,0,0,0,0,52,0,28,0,0,0,74,53,54062,13368,53,9,29,14,2,0,74,53
103,KILLSODPAL,1,16,62,11,4,1,win,3974,496.750,0,18139,0,18139,-250,1392,0,5,8,9,0,20,978,931,0,35,34,0,69,0,1393,3889,14,1,0,0,0,225,90,399,399,e7ab281937fa156c5f2cecd7297a4fc50338581939692203dae539975097d895,0,14,0,0,0,0,1,0,0,0,0,0,0,0,0,20,0,5,0,0,35,47,8247,19126,21,35,8,9,0,0,35,47
104,EOAYHOLE,1,16,62,11,4,0,win,5914,739.250,24134,2,24134,0,34663,-250,6,0,6,8,67,0,1406,1216,91,0,11,2,104,0,2357,5289,1,1,0,3,0,225,90,399,399,e547217a81acd57e55aa52bf1e247b69c05614e633be1e9bfae5fc9b79e609f0,0,1,12,0,3,0,1,0,0,0,0,0,0,0,67,0,6,0,1,0,74,2,24178,7437,69,24,6,8,1,0,74,2
104,EOAYHOLE,1,16,62,11,4,1,ongoing,9600,1200.000,268,54623,268,54623,73,7314,1,17,14,19,0,22,2442,2030,1,49,63,0,113,0,1769,9145,33,7,0,4,0,225,90,399,399,802bf3a42d947f2bd8356bbaa51139ad2ec101c091ef821eae0350eb1daa7c71,0,33,0,0,4,0,6,1,0,0,0,0,0,0,0,22,1,17,0,0,166,72,14844,54623,24,66,14,19,2,0,166,72
105,BUROXLAS,1,16,62,10,3,0,win,5910,738.750,31069,0,31069,0,13333,-250,0,0,19,19,0,0,1047,1884,3,0,123,0,126,5697,2833,5697,0,4,0,2,1,225,90,399,399,dc4d755a38b22b587470bcb17d95dd848260fcc719a46ef5bca96277ded9e7d8,0,0,1,0,2,0,2,2,0,0,1,0,0,0,0,0,0,0,0,0,43,44,54112,24942,98,24,19,19,1,0,43,44
105,BUROXLAS,1,16,62,10,3,1,win,8264,1033.000,0,41923,0,41923,-49,17488,0,30,25,31,0,95,2218,2332,0,153,35,0,188,0,1738,6808,0,7,0,9,0,225,90,399,399,340a4d75bede38aeb252464df1b6f72b8fc76e1fa759d912d6fac06d03727909,0,0,0,10,9,0,4,3,0,0,0,0,0,0,0,95,0,30,0,0,197,36,39228,41923,21,129,25,31,3,0,197,36
106,MOREAAL,1,16,62,10,3,0,ongoing,9600,1200.000,49532,14839,49532,14839,55286,10296,28,10,29,19,94,9,1256,2766,146,29,1,0,176,0,2509,8677,0,11,0,3,0,225,90,399,399,47314456d1fc2f7a3461ca5971690858cb5055fbf1f60a051f862d12b1ea9446,0,0,16,0,3,0,4,7,0,0,0,0,0,0,94,9,28,10,0,0,78,79,49532,18920,95,22,29,19,1,0,78,79
106,MOREAAL,1,16,62,10,3,1,ongoing,9600,1200.000,17926,23660,17926,23660,5937,2778,5,17,24,18,17,59,2506,2571,34,99,8,0,141,0,2338,9529,0,10,0,9,0,225,90,399,399,14063e0a8a2f2f7bbe4b950ff997c6622a23b5bc2421ae41e79a1b920726d6aa,0,0,2,3,9,0,8,2,0,0,0,0,0,0,17,59,5,17,1,0,260,51,46800,23660,21,82,24,18,4,0,260,51
107,NIMIKEPIL,1,16,62,10,3,0,ongoing,9600,1200.000,40179,11239,40179,11239,49807,7683,23,10,26,19,50,12,2877,3074,94,30,6,0,130,0,2986,9181,0,6,1,7,0,225,90,399,399,97c43c8a41abc5d0ad1413767786d26af61e1279a40187dc1a1988c8ca3d54e3,0,0,1,3,7,0,1,5,1,0,0,0,0,0,50,12,23,10,0,0,77,109,40179,24510,64,17,26,19,2,0,77,109
107,NIMIKEPIL,1,16,62,10,3,1,ongoing,9600,1200.000,16236,124216,16236,124216,301,75688,0,52,18,52,0,78,2670,2692,1,160,0,0,161,0,2443,6811,0,10,0,3,0,225,90,399,399,f45887083567a15b26bc43f8cae05145a1a8b6876a74efca70793c7f95cab703,0,0,0,17,3,0,4,6,0,0,0,0,0,0,0,78,0,52,1,0,70,51,26960,124216,25,79,18,52,2,0,70,51
108,BILOGOJOB,1,16,62,10,3,0,win,5197,649.625,65237,0,65237,0,73671,20,34,0,34,12,52,0,1604,1816,101,0,7,0,108,0,2665,4978,0,2,0,2,0,225,90,399,399,f8e9da67d84a5f0ff6cfefe5dda9c0d8b5be5a3f5257d1261fca733131d786fb,0,0,0,0,2,0,0,2,0,0,0,0,0,0,52,0,34,0,1,0,64,65,65309,11767,62,16,34,12,1,0,64,65
108,BILOGOJOB,1,16,62,10,3,1,win,4519,564.875,0,28737,0,28737,-250,15417,0,14,12,14,0,6,1500,1329,0,30,64,0,94,0,2128,3403,0,3,0,1,0,225,90,399,399,8459070b76f4cc9fb9c20bebce2a8999d1955ab27258ace78dccd242afbbac22,0,0,0,0,1,0,1,2,0,0,0,0,0,0,0,6,0,14,0,0,55,41,10233,28861,19,44,12,14,1,0,55,41
109,RINGUDOR,1,16,62,10,3,0,win,7943,992.875,32000,0,32000,0,19130,-250,0,0,24,22,0,0,2371,2550,1,0,123,0,124,7714,3106,7714,0,8,0,5,1,225,90,399,399,aa8d1bb5d0f76ffa05c9f3f97aa37917fa456e04b116bfd10afe9ce78272aa27,0,0,1,0,5,0,2,6,0,0,1,0,0,0,0,0,0,0,0,0,67,100,75288,24441,125,16,24,22,2,0,67,100
109,RINGUDOR,1,16,62,10,3,1,ongoing,9600,1200.000,537,60913,537,60913,-28,8365,0,18,16,19,6,106,3149,1681,6,161,12,0,179,0,2770,6537,0,7,0,2,0,225,90,399,399,2a3dcb508d8af2ba166aca0280ab90612b0ff425e8c4c8a7b82c227f462843be,0,0,1,33,2,0,1,6,0,0,0,0,0,0,6,106,0,18,0,0,37,84,19080,60913,22,112,16,19,1,0,37,84
110,WEAVDEPAL,1,16,63,8,3,0,win,5683,710.375,32935,0,32935,0,7932,-250,0,0,35,17,0,0,1737,1451,2,0,67,0,69,5461,1090,5461,1,3,0,4,1,225,90,399,399,05433b0c9021bf7bebe34e221886067bcd2201cfcc50c7f6fb6d0a8d2724a20b,1,0,0,0,4,0,0,3,0,0,1,0,0,0,0,0,0,0,0,0,53,49,108128,22419,57,25,35,17,2,0,53,49
110,WEAVDEPAL,1,16,63,8,3,1,loss,7244,905.500,136666,0,136666,0,1321,-250,50,0,53,4,2,0,2074,1099,72,0,33,0,105,0,2218,7219,0,7,0,12,0,225,90,399,399,ebd769296c93a9d5e2b61c8b5ec03400d3ff12ca5550820f3c4fee56e075989e,0,0,0,0,12,0,7,0,0,0,0,0,0,0,2,0,50,0,1,0,116,0,136826,6892,17,37,53,4,4,0,116,0
111,ALPDIPERT,1,16,63,8,3,0,win,6656,832.000,32704,0,32704,0,13674,-250,0,0,26,24,0,0,1802,2000,2,0,94,0,96,6430,1285,6430,1,8,0,5,1,225,90,399,399,9e565bdea98e104bb0e1512e31a7081c984b41641649ee7e9439d1a228e519bb,1,0,0,0,5,0,0,8,0,0,1,0,0,0,0,0,0,0,0,0,129,94,58153,27649,89,16,26,24,2,0,129,94
111,ALPDIPERT,1,16,63,8,3,1,win,9136,1142.000,0,101257,0,101257,-250,82494,0,37,21,37,0,29,3090,2758,0,89,73,0,162,0,1675,8899,6,14,0,2,0,225,90,399,399,2b2758f4f0ffd9ebf325632b99810346415171c65a5e6b2d2d73e70b76d7fcb6,6,0,1,0,2,0,2,12,0,0,0,0,0,0,0,29,0,37,0,0,102,108,24542,110301,24,92,21,37,1,0,102,108
112,BADKOPOUT,1,16,63,8,3,0,win,9568,1196.000,81811,0,81811,0,1431,-250,0,0,33,22,0,0,2363,3130,48,0,129,0,177,9460,1162,9460,5,14,0,7,1,225,90,399,399,a5a04ac0cb84528ed0c564a7feca533815180d27808b848ea9d8856ee67bf806,5,0,0,0,7,0,3,11,0,0,1,0,0,0,0,0,0,0,0,0,94,134,96829,28045,107,24,33,22,2,0,94,134
112,BADKOPOUT,1,16,63,8,3,1,ongoing,9600,1200.000,124859,8273,124859,8272,1351,-158,36,4,46,10,2,49,2632,2496,51,67,22,1,141,0,1690,9595,24,13,0,14,0,225,90,399,399,9dc594ca44dd7670bf52411c9b148f277ff59a9bf3b77a4df539f8f5d96cba64,24,0,0,0,14,0,11,2,0,0,0,0,0,0,2,49,36,4,3,0,333,6,136423,19668,16,66,46,10,7,0,333,6
113,IMMQAZT,1,16,63,8,3,0,ongoing,9600,1200.000,60634,15168,60634,15168,78883,9786,30,7,30,21,103,5,1849,3029,157,19,20,0,196,0,1318,8860,19,13,0,4,0,225,90,399,399,563dc087c2d5c1e56a0f2207b4ecd488bbf3f7d471ccafa890445396c80a04cb,19,0,0,0,4,0,3,10,0,0,0,0,0,0,103,5,30,7,0,0,105,126,60634,27480,118,27,30,21,1,0,105,126
113,IMMQAZT,1,16,63,8,3,1,ongoing,9600,1200.000,1520,103095,1520,103095,-246,172957,1,21,13,21,3,65,3129,2144,6,111,18,0,135,0,1642,7411,1,11,0,1,0,225,90,399,399,9c33d44c785398c4a7b78a6fbaca3a2915a6c319e6ebf5cfc3bdeaa87d4fd615,1,0,0,0,1,0,0,11,0,0,0,0,0,0,3,65,1,21,0,0,36,172,18182,103877,26,68,13,21,1,0,36,172
114,HOBEPIL,1,16,63,8,3,0,win,8553,1069.125,98249,0,98249,0,79099,-215,47,0,47,21,87,0,2370,2802,165,0,5,0,170,0,1492,7003,20,9,0,2,0,225,90,399,399,632f2c482f35263a5e8e0f72eb2aee6ed047de5b808a78e13e2eaaf65cd8be8f,20,0,0,0,2,0,0,9,0,0,0,0,0,0,87,0,47,0,1,0,101,91,98281,28839,90,28,47,21,2,0,101,91
114,HOBEPIL,1,16,63,8,3,1,ongoing,9600,1200.000,544,94929,544,94929,-189,133156,0,29,13,30,7,57,3204,2743,8,112,10,0,130,0,1921,7474,0,15,0,0,0,225,90,399,399,ed861c615526a92a10c90f0dff7ef9f18fd2fe62cb190d7cb7e2514b45436bf2,0,0,1,0,0,0,0,15,0,0,0,0,0,0,7,57,0,29,0,0,23,161,14578,101867,25,57,13,30,0,0,23,161
115,BUGGBJOB,1,16,62,8,3,0,loss,4952,619.000,0,91942,0,91942,-197,1592,0,41,2,41,0,14,358,1385,0,77,1,0,78,0,2017,4930,0,8,0,0,0,180,180,399,399,ba6b94fa9ff5828e49cbe34b0753bc82b316d54999123cd6155e55a0e6fb9a73,0,0,0,0,0,0,0,8,0,0,0,0,0,0,0,15,0,41,0,0,2,21,4509,91942,12,22,2,41,0,0,2,21
115,BUGGBJOB,1,16,62,8,3,1,win,6588,823.500,0,62454,0,62454,-250,73512,0,13,8,14,0,66,1875,1668,0,104,21,0,125,0,2377,4939,0,7,0,1,0,180,180,399,399,e0e85d5c68d1bfa62e7f5716761fdb68ccd4961176f2daa0d455579fcab207ae,0,0,0,0,1,0,0,7,0,0,0,0,0,0,0,66,0,13,0,0,34,110,9005,62602,27,66,8,14,1,0,34,110
116,SHADASLIN,1,16,62,8,3,0,ongoing,9600,1200.000,20291,17011,20291,17011,263,4035,3,6,33,25,67,21,2314,2777,88,41,48,0,177,0,2314,9487,0,12,1,8,0,180,180,399,399,9ae7e8ad5b0dc0b30e1936cb2606245f3e6d9f312d7ed384fe29b751b7488cef,0,0,5,0,8,0,2,10,1,0,0,0,0,0,68,21,3,6,0,0,69,62,76030,43755,89,23,33,26,1,0,69,62
116,SHADASLIN,1,16,62,8,3,1,win,8613,1076.625,0,78507,0,78507,-250,73907,0,16,14,17,0,83,2770,2071,0,124,22,0,146,0,2122,8179,0,13,0,1,0,180,180,399,399,b46892f9e7154985d359242b94c042d80e4410faeb210159dc1dfa1c238e879e,0,0,1,0,1,0,0,13,0,0,0,0,0,0,0,83,0,16,0,0,49,124,12525,78723,28,87,14,17,1,0,49,124
117,CORSODDON,1,16,62,8,3,0,win,7447,930.875,36291,0,36291,0,19299,-250,0,0,26,19,0,0,1671,2334,2,0,116,0,118,7234,2083,7234,0,11,0,4,1,180,180,399,399,fc8797c265e33d2fc785ef5c51f0660ee6fac42b3f17975e6f9f5e7745338262,0,0,2,0,4,0,1,10,0,0,1,0,0,0,0,0,0,0,0,0,106,115,59063,22225,91,19,26,19,1,0,106,115
117,CORSODDON,1,16,62,8,3,1,win,6046,755.750,0,40987,0,40987,-183,32305,0,11,19,15,0,29,1748,1859,0,54,45,0,99,0,1849,4804,0,5,0,3,0,180,180,399,399,ad6cf44a67688f88c500ff1fe9069aca14ae12ca6619d66bb4f5c6a07c2ec143,0,0,0,0,3,0,1,4,0,0,0,0,0,0,0,29,0,11,0,0,114,75,20685,41475,18,61,19,15,2,0,114,75
118,BINYPERT,1,16,62,8,3,0,win,5614,701.750,33993,0,33993,0,7877,-250,0,0,25,24,0,0,1270,1480,9,0,194,0,203,5417,2155,5417,0,7,0,3,1,180,180,399,399,124eeb831cd56bce1f0d36c4ada198c31ac40a3d5251bca82b58b850bba6375e,0,0,0,0,3,0,1,6,0,0,1,0,0,0,0,0,0,0,0,0,70,54,62522,31228,132,21,25,24,1,0,70,54
118,BINYPERT,1,16,62,8,3,1,ongoing,9600,1200.000,14019,64242,14019,64242,4174,9711,8,22,28,22,20,43,2918,2671,35,85,71,0,191,0,2425,9370,0,15,0,14,0,180,180,399,399,1aa272d35e7604bd590daf55f03e495b513810046b1de4246a731dd47d02f176,0,0,1,0,14,0,4,11,0,0,0,0,0,0,20,43,8,22,0,0,233,38,59421,64242,24,111,28,22,5,0,233,38
119,SADOXOUT,1,16,62,8,3,0,ongoing,9600,1200.000,53063,612,53063,612,35820,4224,34,2,34,25,73,0,2815,2908,126,3,16,0,145,0,2113,8890,0,17,0,2,0,180,180,399,399,95734ab0cc55fd4e880ded510ba1e0f4a4d0ba7f3ea1795906f54f24f09a1e8d,0,0,7,0,2,0,0,17,0,0,0,0,0,0,73,0,34,2,0,0,162,277,53063,30673,87,21,34,25,1,0,162,277
119,SADOXOUT,1,16,62,8,3,1,win,6620,827.500,0,82356,0,82356,-250,74013,0,21,14,21,0,41,2214,2037,0,80,24,0,104,0,2023,5581,0,7,0,2,0,180,180,399,399,1986ceb81f3dd25f7a1fb03df30db7b4a7c3ea399c6193c8e3e0163e8318ea08,0,0,0,0,2,0,0,7,0,0,0,0,0,0,0,41,0,21,0,0,49,146,13884,82506,27,50,14,21,2,0,49,146
120,LOWEAT,0,16,63,15,2,0,win,6562,820.250,13237,0,13237,0,18545,-250,0,0,27,29,0,0,2290,2495,2,0,84,0,86,6315,1393,6315,29,11,0,11,1,45,45,399,399,511af3f97e92ed2c6f47b08012368a0c06516ae20bde13304a9a7b12eab9cc3b,13,16,0,0,6,5,4,7,0,0,1,0,0,0,0,0,0,0,0,0,71,113,40268,22444,78,29,27,29,1,2,71,113
120,LOWEAT,0,16,63,15,2,1,win,6130,766.250,0,27663,0,27663,-65,17246,0,24,19,24,0,59,2905,2212,0,104,37,0,141,0,1265,5833,76,6,0,6,0,45,45,399,399,05e0d071c6f355cff4c446848cd9a02b43341612950905d45936d7fb6584e255,13,63,0,0,5,1,6,0,0,0,0,0,0,0,0,59,0,24,0,1,60,34,19193,31433,43,64,19,24,2,1,60,34
121,QAZIKEBAR,0,16,63,15,2,0,ongoing,9600,1200.000,21,132320,20,132320,-234,10188,0,55,7,55,0,1,1172,3319,1,73,58,1,133,0,1113,9537,87,39,0,22,0,45,45,399,399,85ec7faff3a4e6f737ff9339648b6ba6ffcac10d570cb0a6a271e455dea6d286,7,80,0,3,0,22,0,39,0,0,0,0,0,0,0,1,0,55,0,3,5,370,15532,132320,63,34,7,55,0,7,5,370
121,QAZIKEBAR,0,16,63,15,2,1,win,6752,844.000,0,75202,0,75202,-250,22504,0,32,13,32,0,78,2737,2172,0,152,2,0,154,0,1537,6743,85,4,0,4,0,45,45,399,399,b105bd57460796febd5dceb4b732ea964f19abe3e43ffe7532816db7e7db8b61,10,75,0,0,3,1,4,0,0,0,0,0,0,0,0,78,0,32,0,1,106,26,18903,76229,34,95,13,32,2,1,106,26
122,VERYQUEER,0,16,63,15,2,0,win,4470,558.750,12426,0,12426,0,12439,-250,0,0,18,24,0,0,1626,1500,2,0,69,0,71,4241,1473,4241,14,6,0,3,1,45,45,399,399,c87c89529e08343321d541347b9e6f36b5496141221676f1ec3dd1e7d21224ce,7,7,0,0,2,1,0,6,0,0,1,0,0,0,0,0,0,0,0,0,38,24,44076,21329,71,30,18,24,1,1,38,24
122,VERYQUEER,0,16,63,15,2,1,win,9188,1148.500,0,181760,0,181760,5650,313089,0,43,26,43,0,79,2722,2787,0,164,18,0,182,0,1265,6709,71,11,0,4,0,45,45,399,399,9f8d975677cc0814010ceeee795205d1d67fba13f84746c9d9f97906f0ced7fc,12,59,0,2,3,1,11,0,0,0,0,0,0,0,0,79,0,43,0,1,191,34,27093,183094,28,112,26,43,3,1,191,34
123,MINULIN,0,16,63,15,2,0,win,3896,487.000,10750,0,10750,0,9688,-250,0,0,27,19,0,0,1123,1440,2,0,39,0,41,3631,945,3631,15,1,0,2,1,45,45,399,399,bbcb4bb33012c9dce4afd434f9556eaa0fa9034c22db0c78327d620ac765c16d,13,2,0,0,1,1,0,1,0,0,1,0,0,0,0,0,0,0,0,0,30,6,22374,15811,13,30,27,18,1,1,30,6
123,MINULIN,0,16,63,15,2,1,win,8743,1092.875,0,75987,0,75987,2107,20152,0,34,18,34,0,115,3741,2957,0,195,7,0,202,0,1201,8571,54,20,0,7,0,45,45,399,399,38a68c8f7b1a17fad12c24b5a2c158eafa9ba8c52e1ab10855b03e2677d3a9d0,0,54,1,6,6,1,20,0,0,0,0,0,0,0,0,116,0,33,0,1,317,83,22133,81085,27,116,18,34,4,1,317,83
124,HAMDEDON,0,16,63,15,2,0,ongoing,9600,1200.000,50750,9944,50750,9943,78812,92,33,2,38,27,78,8,3725,3936,157,15,31,1,204,0,1345,9547,66,25,0,14,0,45,45,399,399,7f818ef7585fdec6b28e833742d8e902d83f7a86fa4c4a188c23f5a9fad6e54c,40,26,0,2,5,9,0,25,0,0,0,0,0,0,78,8,33,2,1,1,57,429,50750,38697,104,27,38,27,1,5,57,429
124,HAMDEDON,0,16,63,15,2,1,win,7748,968.500,1,83418,0,83418,-250,59310,0,31,19,31,0,118,3152,2412,0,193,14,1,208,0,1225,7245,86,8,0,7,0,45,45,399,399,c018c0c873803543912ca3606207106761c4a3546f97fb9ded84fd327f05b7f6,0,86,1,0,6,1,8,0,0,0,0,0,0,0,0,118,0,31,0,1,129,36,18137,83514,34,132,19,31,3,1,129,36
125,FUTDIMAR,3,16,62,15,2,0,ongoing,9600,1200.000,1623,134453,1623,134453,-228,7379,0,35,14,38,8,9,2299,3084,13,64,45,0,122,0,1161,9553,0,62,0,27,0,225,90,399,399,6bc8f00916e3350a77fb6855bd9820ceb085ab2ad4ef44e06d68d225863907db,0,0,5,0,5,22,3,59,0,0,0,0,0,0,8,9,0,35,0,4,25,384,33586,134453,59,32,14,38,1,6,25,384
125,FUTDIMAR,3,16,62,15,2,1,ongoing,9600,1200.000,42780,93560,42780,93560,9536,10696,3,29,33,29,10,100,4379,3628,19,189,0,0,208,0,953,9521,41,45,0,8,0,225,90,399,399,7f21b0e220e072ed46f88ebc8b79f15a5e673d0e002742edf33a6bda07705b09,0,41,0,17,8,0,44,1,0,0,0,0,0,0,10,101,3,28,1,0,516,75,71555,93560,34,109,33,29,4,0,516,75
126,SUZKOPLUG,3,16,62,15,2,0,win,9587,1198.375,30118,0,30118,0,12860,-250,0,0,23,29,0,0,3841,4280,1,0,207,0,208,9313,1081,9313,0,51,0,16,1,225,90,399,399,59cb368febaa243ae4bb008debaac880db40a5a18cfa814e35aeaefbab1df27f,0,0,7,0,8,8,2,49,0,0,1,0,0,0,0,0,0,0,0,0,114,527,60142,53596,113,18,23,29,1,4,114,527
126,SUZKOPLUG,3,16,62,15,2,1,win,3679,459.875,0,124350,0,124350,5,721,0,50,1,51,0,57,1806,1525,0,139,7,0,146,0,579,3679,140,0,0,1,0,225,90,399,399,5c504bb42ac1588deaf6e07d7c268479a7aebf25ccf2c10e062adabbfe1f197f,0,140,0,0,0,1,0,0,0,0,0,0,0,0,0,57,0,50,0,1,9,36,5089,124494,37,58,1,51,0,1,9,36
127,DOUQAZHILL,3,16,62,15,2,0,ongoing,9600,1200.000,80214,50559,80214,50559,12504,7576,12,12,23,28,128,14,3592,3864,172,36,0,0,208,0,857,9473,82,45,0,18,0,225,90,399,399,6c56b5f69523406826c46e3c93ccfbac3fa58f04cccabca050dd382f430925ca,0,82,15,0,2,16,5,40,0,0,0,0,0,0,128,14,12,12,1,1,89,607,80214,74481,132,26,23,28,1,7,89,607
127,DOUQAZHILL,3,16,62,15,2,1,ongoing,9600,1200.000,113428,4803,113428,4803,3986,70,30,1,34,12,5,39,3171,1923,44,74,13,0,131,0,1265,9575,1,75,0,31,0,225,90,399,399,13c9308f3dd9b78f05e83d70ca4ef4c302dec3d34136d77bd63f2ab871f4d911,0,1,2,0,31,0,75,0,0,0,0,0,0,0,5,39,30,1,4,0,588,22,116996,12194,30,54,34,12,7,0,588,22
128,SHIEBAR,3,16,62,15,2,0,win,6446,805.750,16629,0,16629,0,13621,-250,0,0,31,25,0,0,2634,2808,2,0,175,0,177,6209,857,6209,33,27,0,9,1,225,90,399,399,530437a81c45d65ed918ada108c4b277349d46e7cb11672a67063ec468202cab,0,33,6,0,5,4,11,16,0,0,1,0,0,0,0,0,0,0,0,0,73,134,62210,34869,93,25,31,25,1,2,73,134
128,SHIEBAR,3,16,62,15,2,1,win,6152,769.000,0,115030,0,115029,2019,42091,0,27,24,30,0,126,2549,2492,0,207,0,1,208,0,1185,5916,52,14,0,6,0,225,90,399,399,d3cbba38aaab1601d2b23960c117834b5fd557a506fcdbf77099901f2b92d3bd,0,52,1,1,4,2,14,0,0,0,0,0,0,0,0,126,0,27,0,1,206,18,35380,115980,44,149,24,30,4,1,206,18
129,HURTCEER,3,16,62,15,2,0,ongoing,9600,1200.000,82054,56794,82053,56794,2599,2148,16,14,21,28,114,7,4186,3907,173,34,0,1,208,0,1097,9575,76,47,0,31,0,225,90,399,399,bd770e2081c8e87e887eabf4e36e804208a5d8d7da314b681734477040d49a80,0,76,18,1,14,17,9,38,0,0,0,0,0,0,114,7,16,14,1,2,33,331,82054,60210,125,24,21,28,1,5,33,331
129,HURTCEER,3,16,62,15,2,1,loss,5971,746.375,161124,0,161124,0,10536,-218,50,0,51,6,12,0,1878,909,78,0,14,0,92,0,921,5921,1,49,0,17,0,225,90,399,399,d36c79ef8b9c2dabf5c8c88036de9345adece5b569b9e896825ab84d67c7a8b8,0,1,3,0,17,0,49,0,0,0,0,0,0,0,12,0,50,0,5,0,163,1,161152,8544,15,32,51,6,7,0,163,1
130,JOSASING,0,16,62,13,2,0,win,5714,714.250,13640,0,13640,0,14637,-250,0,0,20,24,0,0,2040,2296,3,0,155,0,158,5473,1481,5473,14,14,0,7,1,225,90,399,399,dda4a262cfe3dc8a8a7a14976c25e50295e3247e03f116a3ce583007da82c54d,0,14,1,0,4,3,0,14,0,0,1,0,0,0,0,0,0,0,0,0,78,152,41778,26555,89,20,20,24,1,2,78,152
130,JOSASING,0,16,62,13,2,1,win,8803,1100.375,0,92632,0,92632,1460,35186,0,49,24,49,0,66,3947,3663,0,154,1,0,155,0,1305,8649,83,22,0,6,0,225,90,399,399,f9d619729ece4a76cdaeb02e0b368520d4ed6e90af7574f73d42bb18c4dc8c15,0,83,2,0,5,1,22,0,0,0,0,0,0,0,0,66,0,49,0,1,285,35,32923,92679,26,69,24,49,3,1,285,35
131,TIMSODORD,0,16,62,13,2,0,win,3457,432.125,10446,0,10446,0,3875,-250,0,0,23,31,0,0,1286,1406,1,0,126,0,127,3177,1401,3177,5,6,0,2,1,225,90,399,399,550620f80464978e4e125090063cda076d1715cf169aef1f1a27b03b5b5f30d0,0,5,0,0,1,1,1,5,0,0,1,0,0,0,0,0,0,0,0,0,8,6,50965,25412,110,18,23,31,1,1,8,6
131,TIMSODORD,0,16,62,13,2,1,win,5671,708.875,0,146698,0,146698,-250,100507,0,45,3,45,0,129,2756,1714,0,207,1,0,208,0,961,4905,98,0,0,1,0,225,90,399,399,adabf362e188a9533a85f23b8b978d06ee67d78f342f54c7db823b72db62f959,0,98,0,0,0,1,0,0,0,0,0,0,0,0,0,129,0,45,0,1,49,26,13063,146804,48,132,3,45,0,1,49,26
132,CALYMAR,0,16,62,13,2,0,ongoing,9600,1200.000,11816,26160,11815,26160,1045,9450,9,12,13,23,63,16,3619,3526,97,41,21,1,160,0,1353,9377,38,38,0,8,0,225,90,399,399,e0134db08d902c4ebbdd33a6478b044c2367d2fa881718045d3b36cc381b60a4,0,38,1,0,1,7,1,37,0,0,0,0,0,0,63,16,9,12,0,2,94,546,21596,43239,87,26,13,23,1,4,94,546
132,CALYMAR,0,16,62,13,2,1,loss,5856,732.000,70987,0,70987,0,7162,4,31,0,32,6,6,0,1450,794,51,0,46,0,97,0,1497,5783,2,24,0,11,0,225,90,399,399,b47c47c50354b09bad4c6569a3abcf5a4401d5f266edc2d876403fcface68fb4,0,2,0,0,11,0,24,0,0,0,0,0,0,0,6,0,31,0,3,0,137,0,70987,10689,14,46,32,6,4,0,137,0
133,SCOOXLUG,0,16,62,13,2,0,ongoing,9600,1200.000,471,195354,471,195354,662,163002,0,66,3,67,0,4,1274,2523,1,97,10,0,108,0,1737,9522,0,57,0,27,0,225,90,399,399,6aea4cfa867cdaf3abda41da642735a4742e3a27709e142ee2e242eac6bbde03,0,0,0,0,0,27,0,57,0,0,0,0,0,0,0,4,0,66,0,8,0,122,16009,195354,47,12,3,67,0,9,0,122
133,SCOOXLUG,0,16,62,13,2,1,loss,7958,994.750,142289,0,142289,0,7473,-184,60,0,60,8,8,0,2716,1285,83,0,34,0,117,0,1297,7931,10,50,0,21,0,225,90,399,399,96b2be4040b1c19d1b294473c4689f48930b179550828b93167018836510a95f,0,10,0,0,21,0,50,0,0,0,0,0,0,0,8,0,60,0,6,0,212,3,144357,18420,29,64,60,8,6,0,212,3
134,SWAEAHILL,0,16,62,13,2,0,win,8543,1067.875,33322,0,33322,0,13944,-250,0,0,20,28,0,0,3378,3709,2,0,97,0,99,8305,1665,8305,0,33,0,9,1,225,90,399,399,125e324172d07e4b832e2629b03dae99e3bb9b11839745fe9f5dc0366c7c304a,0,0,4,0,7,2,2,31,0,0,1,0,0,0,0,0,0,0,0,0,114,197,51431,23418,111,29,20,28,1,1,114,197
134,SWAEAHILL,0,16,62,13,2,1,win,4526,565.750,0,63162,0,63162,-250,8850,0,33,8,34,0,75,2208,1655,0,131,1,0,132,0,809,4477,69,1,0,1,0,225,90,399,399,4d54479e7d1e86bfe79e44fc161abc81f8d46a6c2c9070b99ab6bb636fa1d2e5,0,69,0,0,0,1,1,0,0,0,0,0,0,0,0,75,0,33,0,1,4,30,15390,63266,28,75,8,34,0,1,4,30
135,KILLDIEMET,3,16,63,12,1,0,loss,8874,1109.250,1,223535,0,223535,-250,8317,0,55,4,55,0,8,0,0,0,92,48,1,141,0,1665,8841,1,78,0,37,0,225,90,399,399,a38b54486608db3269a7f4acba378f860f18607195267b9b7c92e60e3f2a1319,1,0,0,0,0,37,0,78,0,0,0,0,0,0,0,8,0,55,0,5,4,409,18224,223645,55,17,4,55,0,9,4,409
135,KILLDIEMET,3,16,63,12,1,1,loss,8011,1001.375,135124,0,135124,0,4765,-250,46,0,46,8,20,0,0,0,109,0,11,0,120,0,889,7985,59,59,0,30,0,225,90,399,399,91e22623d46bc551d542a123b2f9ad703e4bc95914bb702c9c29d987154dd1d3,59,0,3,0,30,0,59,0,0,0,0,0,0,0,20,0,47,0,4,0,462,8,138021,12328,29,65,47,8,8,0,462,8
136,EOAQUEED,3,16,63,12,1,0,loss,6160,770.000,0,136558,0,136558,-212,6836,0,48,8,48,0,3,0,0,0,66,29,0,95,0,953,6131,1,57,0,20,0,225,90,399,399,79e986e7d63cdbcad558cccbdfde122a18f1d9231b57dce47e2bfc94edacd6fc,1,0,0,0,0,20,0,57,0,0,0,0,0,0,0,3,0,48,0,2,3,184,13786,136558,49,10,8,48,0,6,3,184
136,EOAQUEED,3,16,63,12,1,1,loss,8281,1035.125,155866,0,155866,0,2354,-250,56,0,56,14,14,0,0,0,100,0,18,0,118,0,1410,8273,0,73,0,23,0,225,90,399,399,78e9b675b102dc00656634f9cb19d6be954c52faecff375705e194c373475d18,0,0,0,0,23,0,71,2,0,0,0,0,0,0,14,0,56,0,4,0,614,23,155900,18922,35,63,56,14,9,0,614,23
137,BURUING,3,16,63,12,1,0,loss,3808,476.000,1,93355,0,93355,-250,5109,0,36,5,37,0,6,0,0,0,60,29,1,90,0,1241,3782,1,25,0,10,0,225,90,399,399,f4140937b2ea7cd5a21f13f5b14229a2ff70d8d28908e850f1ef3ba1c8b9f907,1,0,0,0,0,10,0,25,0,0,0,0,0,0,0,6,0,36,0,4,0,60,11399,93355,53,21,5,37,0,5,0,60
137,BURUING,3,16,63,12,1,1,loss,5343,667.875,100306,2,100306,0,7299,-250,38,0,38,7,5,0,0,0,56,0,34,2,92,0,889,5297,0,42,0,15,0,225,90,399,399,6fcc8ae037ea484b7be849ca4039cf5b9999b0697288de2b2d82b080e06f5018,0,0,8,0,15,0,42,0,0,0,0,0,0,0,5,0,38,0,4,0,328,5,100412,10457,10,52,38,7,9,0,328,5
138,MORDEORD,3,16,63,12,1,0,loss,4755,594.375,0,128832,0,128832,-59,9174,0,51,0,51,0,7,0,0,0,78,5,0,83,0,1153,4707,0,36,0,14,0,225,90,399,399,431a4f0b473757f2a3f18448a7281133c25d7faf0ad619b7ed0cb3de9e26bdee,0,0,0,0,0,14,0,36,0,0,0,0,0,0,0,7,0,51,0,3,0,62,7491,128864,32,14,0,51,0,4,0,62
138,MORDEORD,3,16,63,12,1,1,win,9570,1196.250,0,93906,0,93906,2638,54497,0,32,46,34,0,90,0,0,0,197,9,0,206,0,969,9410,80,56,0,27,0,225,90,399,399,a8696e14bdfa349f23bb37ace33b0ac10c1fc7bc2ec3da4a0d6224d592eb0582,80,0,1,0,19,8,41,15,0,0,0,0,0,0,0,90,0,32,0,1,661,68,94493,97838,22,134,46,34,8,1,661,68
139,NIMDICON,3,16,63,12,1,0,win,8159,1019.875,36630,0,36630,0,14252,-250,0,0,39,35,0,0,0,0,3,0,201,0,204,7937,993,7937,52,50,0,18,1,225,90,399,399,b96b5379154cdd80c2122310c8dd5a265682193c438678aad3cbf31109a0f804,52,0,7,0,2,16,0,50,0,0,1,0,0,0,0,0,0,0,0,0,84,557,83735,69622,98,29,39,35,1,6,84,557
139,NIMDICON,3,16,63,12,1,1,ongoing,9600,1200.000,62847,98984,62847,98982,5831,2932,5,13,33,22,9,127,0,0,28,178,0,2,208,0,537,9489,63,68,0,25,0,225,90,399,399,4859658f1e06dde62931b1f12919cc3cb9ea4efc1c2037e725caf6d00513d3f9,63,0,1,0,23,2,62,6,0,0,0,0,0,0,9,128,5,13,3,0,786,77,73550,98984,22,129,34,22,7,1,786,77
140,BILKOPILL,0,16,62,12,1,0,ongoing,9600,1200.000,10308,83468,10308,83468,1362,6852,13,22,26,41,50,5,0,0,86,41,21,0,148,0,1465,9505,0,68,0,16,0,180,180,399,399,fe002b41cd8ce998b9a8b06fd6ff09a0c350813205dec35d67b13b890754763b,0,0,4,0,1,15,2,66,0,0,0,0,0,0,50,5,13,22,0,5,51,518,34029,83468,76,19,26,41,1,6,51,518
140,BILKOPILL,0,16,62,12,1,1,ongoing,9600,1200.000,15604,120077,15604,120077,589,6562,4,22,30,22,6,129,0,0,14,194,0,0,208,0,1481,9529,0,55,0,10,0,180,180,399,399,d5b8ee8e2805f6cc49b0deb6d56b355560e13ec7f38632486df01df3ad3151f6,0,0,3,0,5,5,35,20,0,0,0,0,0,0,7,129,4,22,0,1,337,144,33905,120077,31,129,31,22,3,1,337,144
141,RINGINGTORY,0,16,62,12,1,0,ongoing,9600,1200.000,49174,47620,49174,47620,15762,7550,37,7,37,29,63,12,0,0,132,25,15,0,172,0,1489,9181,0,49,0,18,0,180,180,399,399,254241fdfcb1d392f3ea69172e39095457874c4deaea0cb52e049d9e03efa2a2,0,0,6,0,2,16,2,47,0,0,0,0,0,0,63,12,37,7,1,2,93,562,49174,57017,76,21,37,29,1,5,93,562
141,RINGINGTORY,0,16,62,12,1,1,ongoing,9600,1200.000,58645,45027,58645,45027,3162,11476,19,13,34,19,9,72,0,0,41,117,8,0,166,0,2217,9441,0,59,0,7,0,180,180,399,399,064601483709afa528fc3845b240c0cd6fb8c8fd078a5a73dd8f89a7bb5d7388,0,0,0,0,5,2,56,3,0,0,0,0,0,0,9,72,19,13,1,1,279,89,58645,45027,28,74,34,19,3,1,279,89
142,WEAVIMET,0,16,62,12,1,0,loss,6467,808.375,0,133293,0,133293,-19,1299,0,54,9,60,0,9,0,0,0,81,62,0,143,0,1329,6465,0,51,0,18,0,180,180,399,399,4897c4f8d6f2fa3f206c5fbbe972200dce166d5517e6daf93c85a960b4b5ced6,0,0,0,0,0,18,0,51,0,0,0,0,0,0,0,9,0,54,0,7,8,239,17124,133302,57,21,9,60,0,8,8,239
142,WEAVIMET,0,16,62,12,1,1,win,9199,1149.875,0,120351,0,120351,5304,195366,0,35,48,38,0,95,0,0,0,177,15,0,192,0,1161,8656,0,49,0,20,0,180,180,399,399,152667d7d23d31d99f39c0163234e62b62a223734cbdabfc9fe145ea7de02638,0,0,3,0,11,9,33,16,0,0,0,0,0,0,0,95,0,35,0,1,361,35,54479,120488,30,97,48,38,6,1,361,35
143,ALPCEED,0,16,62,12,1,0,win,6246,780.750,25218,0,25218,0,13179,-250,0,0,25,25,0,0,0,0,3,0,102,0,105,6009,1821,6009,0,21,0,7,1,180,180,399,399,f3274a66250e015bda7b1e3b38a9cfad3b996a9e72b9e82e65fbc447ec107ee1,0,0,0,0,7,0,0,21,0,0,1,0,0,0,0,0,0,0,0,0,147,165,44910,23266,84,27,25,25,2,0,147,165
143,ALPCEED,0,16,62,12,1,1,ongoing,9600,1200.000,1787,124942,1787,124942,8124,268835,0,38,34,38,0,90,0,0,1,174,15,0,190,0,1753,7202,0,33,0,11,0,180,180,399,399,17563eb9048f280fbd426dedd46e3eb86352426adf1976022530967e2a165fba,0,0,2,0,8,3,29,4,0,0,0,0,0,0,0,90,0,38,1,1,337,70,41958,124942,27,99,34,38,5,1,337,70
144,BADASHAM,0,16,62,12,1,0,ongoing,9600,1200.000,44004,55602,44004,55602,3360,2277,14,22,21,47,85,11,0,0,151,55,2,0,208,0,1417,9557,0,76,0,14,0,180,180,399,399,71994ccbbe8749d279028e2bfa464eff9e51f1290818cc73fa20e63493607917,0,0,4,0,1,13,1,75,0,0,0,0,0,0,85,11,14,22,1,3,62,577,46550,90585,97,20,21,47,1,5,62,577
144,BADASHAM,0,16,62,12,1,1,loss,8485,1060.625,192734,0,192734,0,8395,81,77,0,77,11,10,0,0,0,112,0,12,0,124,0,1809,8455,0,72,0,23,0,180,180,399,399,35923cd14234fa729b146181b29522499a6a3cb7de0377adb4bfa422022d816e,0,0,1,0,22,1,71,1,0,0,0,0,0,0,10,0,77,0,8,0,258,8,192775,22820,29,76,77,11,8,1,258,8
145,IMMSODOND,1,10,36,2,5,0,ongoing,9600,1200.000,47429,104864,47429,104864,175232,191819,8,29,8,32,102,42,492,1667,124,84,0,0,208,0,3920,3920,0,0,0,1,0,135,135,399,399,4c3a3282563a7588262ad57c2067e44573573325a4893285131a295761103df8,0,0,0,0,1,0,0,0,0,0,0,0,0,0,102,42,8,29,0,0,86,236,47429,104864,103,46,8,32,1,0,86,236
145,IMMSODOND,1,10,36,2,5,1,ongoing,9600,1200.000,1985,46623,1985,46623,37019,72458,0,2,0,3,26,60,171,489,29,83,2,0,114,0,0,0,0,0,0,0,0,135,135,399,399,8d41f4b9a4288d821efeac2320fb30d9e2bbe0c621dd0d81ed4acf51ae6631bb,0,0,0,23,0,0,0,0,0,0,0,0,0,0,26,60,0,2,0,0,0,0,6531,46623,27,62,0,3,0,0,0,0
146,HOBYCON,1,10,36,2,5,0,win,6431,803.875,12190,0,12190,0,4032,69835,0,0,5,15,0,0,669,872,5,0,135,0,140,6217,6217,6217,0,0,0,0,1,135,135,399,399,ab4ef3d1aeca354feb31fee9ac1ad3bb09f169ae28019da26ab0e4c707e00f55,0,0,0,1,0,0,0,0,0,0,1,0,0,0,0,0,0,0,0,0,46,179,22885,18490,63,32,5,15,0,0,46,179
146,HOBYCON,1,10,36,2,5,1,ongoing,9600,1200.000,1018,48407,1018,48407,30520,56743,0,5,4,6,15,105,551,653,15,131,2,0,148,0,0,0,0,0,0,0,0,135,135,399,399,bd806cb06b63e674f87fa1ad0ed11f1de1518d905fe8496198569a0d79023c28,0,0,0,30,0,0,0,0,0,0,0,0,0,0,15,105,0,5,0,0,5,48,7007,48407,30,106,4,6,0,0,5,48
147,BUGOXILL,1,10,36,2,5,0,win,6646,830.750,35771,0,35771,0,19254,29301,0,0,11,6,0,0,738,748,2,0,159,0,161,6425,3661,6425,0,0,0,3,1,135,135,399,399,495434633a6758452cf4339700251aabc22cd63b6d7ee69113f9f17ab3ac2cb8,0,0,0,0,3,0,0,0,0,0,1,0,0,0,0,0,0,0,0,0,24,1,50045,19471,67,54,11,6,1,0,24,1
147,BUGOXILL,1,10,36,2,5,1,ongoing,9600,1200.000,3128,11485,3128,11485,47256,6618,0,0,1,1,25,95,495,401,28,112,12,0,152,0,0,0,0,0,0,0,0,135,135,399,399,afe14b30e0bc669a8cf99e2b48d3eb113f9dfdbc8386a006dd3549ab922aa9aa,0,0,0,23,0,0,0,0,0,0,0,0,0,0,25,95,0,0,0,0,0,14,4077,11671,27,95,1,1,0,0,0,14
148,SHADUSTORY,1,10,36,2,5,0,win,5366,670.750,19703,0,19703,0,24409,30507,0,0,7,10,0,0,619,868,4,0,104,0,108,5207,3813,5207,0,0,0,1,1,135,135,399,399,f42f52d4ab7ef1c375ec724b98195fa718adf6939981f72b7cea07a9cc272c5e,0,0,0,1,1,0,0,0,0,0,1,0,0,0,0,0,0,0,0,0,119,77,32779,12842,85,42,7,10,1,0,119,77
148,SHADUSTORY,1,10,36,2,5,1,ongoing,9600,1200.000,993,64241,993,64241,11383,50870,0,16,3,16,12,120,871,803,14,172,0,0,186,0,0,0,0,0,0,0,0,135,135,399,399,2454eedba67aa809ed689636933ee83c3a8f0c905f5f56600cd1f0b89155b079,0,0,0,36,0,0,0,0,0,0,0,0,0,0,12,120,0,16,0,0,14,82,4900,64241,28,124,3,16,0,0,14,82
149,CORDIEEND,1,10,36,2,5,0,ongoing,9600,1200.000,32910,29452,32910,29452,141599,174179,11,15,12,17,71,53,581,1391,105,92,1,0,198,0,9041,9041,0,0,0,1,0,135,135,399,399,230c409449aaae77084e8579363db13a7d3fbe80eb2df74f8223d1bb6513e861,0,0,0,0,1,0,0,0,0,0,0,0,0,0,71,53,11,15,1,0,63,186,35355,34453,76,57,12,17,1,0,63,186
149,CORDIEEND,1,10,36,2,5,1,ongoing,9600,1200.000,2785,31412,2785,31412,40807,102124,0,2,0,2,27,56,161,432,30,77,1,0,108,0,0,0,0,0,0,0,0,135,135,399,399,cc745503638fa4297b647ae4ce6460918198f16e1341bde7c39bb1f8f089fb13,0,0,0,14,0,0,0,0,0,0,0,0,0,0,27,56,0,2,0,0,0,0,5908,31511,27,57,0,2,0,0,0,0
150,BINQUEME,1,17,15,16,4,0,win,9545,1193.125,111063,0,111063,0,7996,360,34,0,34,4,85,0,1839,2038,151,0,3,0,154,0,1477,9385,76,0,0,0,0,135,135,399,399,862ff647f90b19b93e95be5e5da74eb87d9be3c989c6d28f879007abff08fc9c,76,0,0,0,0,0,0,0,0,0,0,0,0,0,85,0,34,0,0,0,49,10,111119,5125,86,24,34,4,0,0,49,10
150,BINQUEME,1,17,15,16,4,1,ongoing,9600,1200.000,40650,54718,40650,54718,7589,54552,17,31,32,32,6,55,1633,1541,26,102,15,0,143,0,2305,9117,0,15,0,5,0,135,135,399,399,39f7a4e8db6edd2cd088b15d39fb1901fc2c8d28a346ebb8d3ed4383615e3f22,0,0,0,0,5,0,15,0,0,0,0,0,0,0,6,55,17,31,1,0,174,63,78888,54718,15,67,32,32,2,0,174,63
151,SADUHAM,1,17,15,16,4,0,win,8747,1093.375,53575,0,53575,0,9866,37835,30,0,30,13,42,0,1498,2192,86,0,11,0,97,0,1713,8501,31,0,1,0,0,135,135,399,399,351c1566ad342530276773b9fb4c0680b82223afbd68075dc6233e97f41d78f0,31,0,0,0,0,0,0,0,0,1,0,0,0,0,42,0,30,0,0,0,62,142,53647,24525,67,28,30,13,0,0,62,142
151,SADUHAM,1,17,15,16,4,1,win,9571,1196.375,0,129699,0,129699,-250,315572,0,55,19,55,0,8,2067,2251,0,80,10,0,90,0,1961,2901,2,0,0,1,0,135,135,399,399,2de448f8db8f89e1ed71bc77272cf3f814c00a28af679c2d2908ee0b56c1270d,2,0,0,0,1,0,0,0,0,0,0,0,0,0,0,8,0,55,0,0,36,182,30107,130687,19,33,19,55,1,0,36,182
152,LOWDEOND,1,17,15,16,4,0,win,7103,887.875,54425,0,54425,0,6080,22612,16,0,16,7,142,0,1699,1731,197,0,7,0,204,0,1853,6981,50,0,0,0,0,135,135,399,399,2e6e3d313f99a0d57ba75e287ba3df37e54b5bad5bb3caef19f4c0d96049178a,50,0,0,0,0,0,0,0,0,0,0,0,0,0,142,0,16,0,0,0,11,8,54753,12452,146,26,16,7,0,0,11,8
152,LOWDEOND,1,17,15,16,4,1,ongoing,9600,1200.000,14124,33151,14124,33151,4365,122093,18,16,24,20,4,59,1963,1725,23,100,45,0,168,0,2545,9325,7,6,0,5,0,135,135,399,399,bdda34cb0b988945ae3880226cf7a07207c76b4bbe60c2ebc1f14cb1fd188275,7,0,5,0,5,0,6,0,0,0,0,0,0,0,4,59,18,16,0,0,151,96,37464,48754,15,98,24,20,1,0,151,96
153,QAZDILOW,1,17,15,16,4,0,win,5681,710.125,40103,0,40103,0,10463,7462,11,0,11,8,133,0,741,1400,178,0,9,0,187,0,1629,5509,41,0,0,1,0,135,135,399,399,d19049dd6e6b3dd148598fd4232e21dc2c4dc0e09305573a97dbd5de2581207b,41,0,0,0,1,0,0,0,0,0,0,0,0,0,133,0,11,0,1,0,13,5,40446,8027,134,26,11,8,1,0,13,5
153,QAZDILOW,1,17,15,16,4,1,win,6668,833.500,0,60021,0,60021,-250,127417,0,20,13,20,0,78,1626,1558,0,125,31,0,156,0,1945,3761,2,1,0,1,0,135,135,399,399,ed8a944063b1d32aba5a2f134bd33292ced4446597218fc2a11e15339c98df1a,2,0,0,0,1,0,1,0,0,0,0,0,0,0,0,78,0,20,0,0,50,68,24220,60196,24,89,13,20,1,0,50,68
154,VERYWILICK,1,17,15,16,4,0,win,3925,490.625,6906,0,6906,0,141,2753,2,0,8,21,14,0,919,835,21,0,69,0,90,0,3249,3809,2,0,1,0,0,135,135,399,399,96daab7a5098848d619d48b343434728332a6cc61054d8c00506403dc2384e7a,2,0,0,0,0,0,0,0,0,1,0,0,0,0,14,0,2,0,0,0,4,13,16303,40636,34,19,8,21,0,0,4,13
154,VERYWILICK,1,17,15,16,4,1,ongoing,9600,1200.000,15724,41684,15724,41683,5880,200296,5,15,21,20,18,90,1800,1578,26,139,15,1,181,0,2365,9341,0,4,0,9,0,135,135,399,399,b7d82a98f7c81dbb3d8f5671e7cd2a9066f17d67069ac6751023a96aa3b67e00,0,0,2,0,9,0,4,0,0,0,0,0,0,0,18,90,5,15,1,0,96,59,35071,52649,21,105,21,20,2,0,96,59
155,MININGHOLE,3,16,4,32,3,0,loss,3000,375.000,0,8759,0,8759,23271,7154,0,0,6,21,0,0,816,907,0,2,74,0,76,2761,1795,2761,0,0,0,1,1,225,135,399,399,597d5d4e634481ee89af7ca9340455f0d59e46e9ed4608b545610ac829613fbb,0,0,0,0,1,0,0,0,0,0,0,1,0,0,0,0,0,0,0,0,8,3,23663,30988,34,20,6,21,1,0,8,3
155,MININGHOLE,3,16,4,32,3,1,win,9245,1155.625,0,6240,0,6240,560688,26367,0,0,26,18,0,0,2205,2757,0,1,118,0,119,8986,1522,8986,0,0,0,35,1,225,135,399,399,fed38fba97cb8c2bf21502c12fdc5bcef03d8427019c5e1760d13009edf9021b,0,0,0,0,35,0,0,0,0,0,0,1,0,0,0,0,0,0,0,0,698,22,62007,49104,15,114,26,18,7,0,698,22
156,HAMIEND,3,16,4,32,3,0,win,5329,666.125,81357,0,81357,0,207053,183431,41,0,42,18,72,0,1165,1678,146,0,23,0,169,0,1611,4240,0,0,0,7,0,225,135,399,399,05872f60bbb0c29e0ab4d189441551907778918d629828b73882fdeece1f1df6,0,0,0,0,7,0,0,0,0,0,0,0,0,0,72,0,41,0,1,0,98,113,81375,27414,77,15,42,18,1,0,98,113
156,HAMIEND,3,16,4,32,3,1,win,4795,599.375,0,12096,0,12096,167283,12622,0,0,20,17,0,0,1395,1171,0,1,20,0,21,4561,1411,4561,0,0,0,10,1,225,135,399,399,8251c862245f641ab7b4014ce4bcb39c2fdd8ae2d8c4bbbf7e4bc0c4ab147d27,0,0,0,0,10,0,0,0,0,0,0,1,0,0,0,0,0,0,0,0,209,14,36376,57578,17,96,20,17,4,0,209,14
157,FUTCEME,3,16,4,32,3,0,loss,2703,337.875,0,4004,0,4004,11057,11727,0,0,13,22,0,0,783,840,0,2,92,0,94,2458,2458,2458,0,0,0,0,1,225,135,399,399,f058dae680a4c42ceb418e6e018f6ce846e422d3b2708b1f4969a2f4a6b2a77a,0,0,0,0,0,0,0,0,0,0,0,1,0,0,0,0,0,0,0,0,8,20,17175,23077,31,13,13,22,0,0,8,20
157,FUTCEME,3,16,4,32,3,1,win,3468,433.500,0,13476,0,13476,59013,2799,0,0,18,17,0,0,1011,732,0,1,44,0,45,3129,1834,3129,0,0,0,3,1,225,135,399,399,69fb8f866f5764bd85542f7d70c38b397e62203fc3c3045402418249addfa1c6,0,0,0,0,3,0,0,0,0,0,0,1,0,0,0,0,0,0,0,0,24,4,26104,43197,27,64,18,17,2,0,24,4
158,SUZASOLD,3,16,4,32,3,0,ongoing,9600,1200.000,198184,339,198184,339,810080,219186,43,0,44,20,76,0,1596,2215,167,1,2,0,170,0,2776,5547,0,0,0,4,0,225,135,399,399,32a423684491467f68631365337f6a357a2e95ced1097318e0b4495c01253294,0,0,0,0,4,0,0,0,0,0,0,0,0,0,76,0,43,0,1,0,132,121,207284,28089,81,16,44,20,1,0,132,121
158,SUZASOLD,3,16,4,32,3,1,win,8783,1097.875,0,11803,0,11803,489224,18822,0,0,30,21,0,0,2423,2384,0,1,164,0,165,8539,1324,8539,0,0,0,26,1,225,135,399,399,f24f7f49f724d51b444f94b91effede51337b8bdf525a4ddc0ac6390684f4d05,0,0,0,0,26,0,0,0,0,0,0,1,0,0,0,0,0,0,0,0,575,38,65877,58580,18,84,30,21,7,0,575,38
159,DOUSODBOY,3,16,4,32,3,0,loss,2838,354.750,0,10249,0,10249,4697,5428,0,0,1,19,0,0,338,842,0,2,117,0,119,2530,1842,2530,0,0,0,1,1,225,135,399,399,36fa45bd892dd04785e7644242ec4912b4fdacd5c842a5bf25b11c5f4aba575d,0,0,0,0,1,0,0,0,0,0,0,1,0,0,0,0,0,0,0,0,4,19,22323,26697,69,15,1,19,1,0,4,19
159,DOUSODBOY,3,16,4,32,3,1,win,7220,902.500,0,29480,0,29480,335991,9704,0,0,22,18,0,0,2026,1925,0,1,151,0,152,6961,1282,6961,0,0,0,17,1,225,135,399,399,838c3e38c3b846d4fbbc40f8bfa6ef2174848ba670eac24defd37f8e2b2d2103,0,0,0,0,17,0,0,0,0,0,0,1,0,0,0,0,0,0,0,0,437,41,38827,69650,20,127,22,18,5,0,437,41
160,SHIYLOW,0,4,30,15,1,0,ongoing,9600,1200.000,15824,8503,15824,8503,4390,4424,0,0,0,0,15,23,0,0,25,37,7,0,69,0,3467,5693,2,0,0,0,0,900,900,399,399,dea511f59cf435ea801a13c68afcdd3b128ecc1247519e8a33efa99d67fd1a26,0,2,1,0,0,0,0,0,0,0,0,0,0,0,15,23,0,0,0,0,27,53,15824,8506,20,23,0,0,0,0,27,53
160,SHIYLOW,0,4,30,15,1,1,ongoing,9600,1200.000,12048,7151,12048,7151,7561,2709,0,0,0,0,15,20,0,0,20,34,6,0,60,0,4787,6867,2,0,0,0,0,900,900,399,399,ea6b3153bb43ec402d2eaf1cd6503344f7aa47394a59c6cbe499ad725667f3b9,0,2,0,0,0,0,0,0,0,0,0,0,0,0,15,20,0,0,0,0,28,36,12048,7151,17,20,0,0,0,0,28,36
161,HURTAICK,0,4,30,15,1,0,loss,7539,942.375,2,9426,0,9426,-250,1273,0,0,0,0,0,24,0,0,0,33,32,2,67,0,357,7444,2,0,0,2,0,900,900,399,399,fdf8726f7c7df4122672726e7522632407ec1a4c2328c3f0b03c2b3944552ba1,0,2,0,0,0,2,0,0,0,0,0,0,0,0,0,24,0,0,0,2,41,137,4262,9563,25,28,0,0,0,2,41,137
161,HURTAICK,0,4,30,15,1,1,loss,8480,1060.000,14267,0,14267,0,7274,-250,0,0,0,0,27,0,0,0,47,0,9,0,56,0,357,6881,2,1,0,1,0,900,900,399,399,daf8fd8425eee9b8acff47b7f2281f7910736ffd874f9213163f8c312fe945c9,0,2,0,0,1,0,1,0,0,0,0,0,0,0,27,0,0,0,1,0,70,40,14923,4397,27,27,0,0,1,0,70,40
162,JOSUSHOLE,0,4,30,15,1,0,ongoing,9600,1200.000,5551,19579,5551,19579,1126,1990,0,0,0,0,27,23,0,0,44,32,10,0,86,0,1292,4326,1,0,0,1,0,900,900,399,399,4dd555f6dab2d7a92b66763053dd4cfb63324ec3b3af6d7e06b51731cf6037c1,0,1,3,0,0,1,0,0,0,0,0,0,0,0,28,23,0,0,0,1,40,109,7760,19612,28,29,0,0,0,1,40,109
162,JOSUSHOLE,0,4,30,15,1,1,ongoing,9600,1200.000,22463,20065,22463,20065,5154,600,0,0,0,0,26,41,0,0,39,60,4,0,103,0,997,9236,9,1,0,0,0,900,900,399,399,82328f9189fa09cd35fb23b062fea3b468a4144dc9a342d14a81182e2bb962d9,0,9,0,0,0,0,1,0,0,0,0,0,0,0,26,41,0,0,0,0,21,60,26663,24055,28,43,0,0,0,0,21,60
163,TIMDIELAS,0,4,30,15,1,0,ongoing,9600,1200.000,10775,5950,10775,5950,3207,1830,0,0,0,0,22,24,0,0,35,41,1,0,77,0,7049,7049,1,0,0,0,0,900,900,399,399,02eb59e50eef7bece4d99e22d2c4a8dd48e48a30b52143f1a0db6d4e1a6b081c,0,1,1,0,0,0,0,0,0,0,0,0,0,0,23,24,0,0,0,0,78,62,10978,6108,28,27,0,0,0,0,78,62
163,TIMDIELAS,0,4,30,15,1,1,ongoing,9600,1200.000,7726,10435,7726,10435,5554,-64,0,0,0,0,7,47,0,0,10,83,3,0,96,0,5081,8441,3,0,0,0,0,900,900,399,399,951eec292afb54ea884b40e8afea16ace0d4e55a9bcdb8d54e8f8eb15c975930,0,3,0,0,0,0,0,0,0,0,0,0,0,0,7,47,0,0,0,0,100,87,9223,10477,25,49,0,0,0,0,100,87
164,CALQUEAL,0,4,30,15,1,0,ongoing,9600,1200.000,810,6657,810,6657,4305,4786,0,0,0,0,5,19,0,0,10,32,0,0,42,0,2565,2565,1,0,0,0,0,900,900,399,399,6d49b2a1ed07a81a99bc72617d040c416ade1d053c7a8d8e29bb1d470586f361,0,1,0,0,0,0,0,0,0,0,0,0,0,0,5,19,0,0,0,0,39,42,1605,6657,13,20,0,0,0,0,39,42
164,CALQUEAL,0,4,30,15,1,1,ongoing,9600,1200.000,5150,6545,5150,6545,6076,2899,0,0,0,0,9,19,0,0,14,32,7,0,53,0,2430,4647,2,0,0,0,0,900,900,399,399,702a8b6cb6657b574b7f467eda7ee9da0a342de48404cee49804bf07a653d90b,0,2,0,0,0,0,0,0,0,0,0,0,0,0,9,19,0,0,0,0,43,49,5150,6545,13,22,0,0,0,0,43,49
165,SCOUOLD,0,16,63,63,3,0,win,5745,718.125,28782,0,28782,0,17126,-250,0,0,16,20,0,0,1478,1745,2,0,104,0,106,5497,769,5497,22,8,0,7,1,135,135,399,399,95911f5c2d2f32858259df0a0ad85292330a48906c7197394a4f3b0851ddbf9f,13,9,0,0,6,1,0,8,0,0,1,0,0,0,0,0,0,0,0,0,86,69,40865,21502,74,37,16,20,1,1,86,69
165,SCOUOLD,0,16,63,63,3,1,win,4703,587.875,0,34139,0,34139,-250,10794,0,0,14,16,0,0,1498,1332,0,3,119,0,122,4459,730,4459,8,7,0,3,1,135,135,399,399,ab83eac1f1936658c5c4410cc414754503777e44f7b88fcb43541766e49aed29,0,8,0,0,0,3,7,0,0,0,0,1,0,0,0,0,0,0,0,0,50,70,14051,44116,37,79,15,16,0,1,50,70
166,SWADEBOY,0,16,63,63,3,0,win,9379,1172.375,31032,0,31032,0,3973,4046,0,0,27,25,0,0,2781,3086,1,0,180,0,181,9091,1267,9091,23,18,0,21,1,135,135,399,399,c4888d6888c54b003b15b48a9aab79452b58ef65916c2bccbf81a29f464575b5,10,13,0,0,12,9,6,12,0,0,1,0,0,0,0,0,0,0,0,0,113,284,74029,24438,129,44,27,25,1,3,113,284
166,SWADEBOY,0,16,63,63,3,1,win,8466,1058.250,0,31646,0,31646,-250,8702,0,0,16,22,0,0,2832,2370,0,1,55,0,56,8209,1699,8209,15,19,0,10,1,135,135,399,399,a9b6f50b9c1394fb37585d05ce4ae30ad850eec30e09d0370005c328ffbec712,0,15,0,0,8,2,19,0,0,0,0,1,0,0,0,0,0,0,0,0,367,96,30326,62459,44,96,16,22,5,2,367,96
167,KILLOZDOR,0,16,63,63,3,0,ongoing,9600,1200.000,5737,74057,5737,74057,-71,7471,0,29,8,29,25,12,1775,3100,43,51,52,0,146,0,1186,9514,49,29,0,14,0,135,135,399,399,1532383da499facc9044b12bc722829460914c2acc39e1c17f0a8ed02510f9a2,19,30,0,0,0,14,0,29,0,0,0,0,0,0,25,12,0,29,0,4,19,489,27643,74057,74,42,8,29,0,6,19,489
167,KILLOZDOR,0,16,63,63,3,1,ongoing,9600,1200.000,23477,52451,23477,52450,1114,22137,0,5,20,20,9,146,3300,2810,15,192,0,1,208,0,1129,9235,74,16,0,9,0,135,135,399,399,2b5772bb789013721244e523bf3ce508e83ed15afcfd618c8dd1941fd3fe9215,31,43,0,0,5,4,16,0,0,0,0,0,0,0,9,146,0,5,1,0,356,77,32565,52451,42,146,20,20,3,1,356,77
168,EOAWILPAL,0,16,63,63,3,0,ongoing,9600,1200.000,41139,4930,41139,4930,4762,4460,0,0,25,15,0,0,2748,3150,17,9,145,0,171,9418,859,9418,12,22,0,16,1,135,135,399,399,58a8aed3e4162ebf7e06e0373aa57d8d435f0ff2e85e6eb254f7f0860765697d,12,0,0,0,9,7,2,20,0,0,1,0,0,0,0,0,0,0,0,0,120,333,51789,20756,92,43,25,15,1,3,120,333
168,EOAWILPAL,0,16,63,63,3,1,win,6476,809.500,0,34239,0,34239,4681,6714,0,0,18,39,0,0,1976,1937,0,3,153,0,156,6211,889,6211,26,8,0,6,1,135,135,399,399,52785632a6b5719e99d9f5274f3e42dd7350c7636f526d06fb0ad9ca24d1906b,9,17,1,0,3,3,8,0,0,0,0,1,0,0,0,0,0,0,0,0,227,38,26093,53873,36,106,18,39,3,1,227,38
169,BURINGPERT,0,16,63,63,3,0,win,4502,562.750,20020,0,20020,0,29838,-250,0,0,28,14,0,0,1159,1310,2,0,98,0,100,4273,1129,4273,22,3,0,4,1,135,135,399,399,4e004692e8ac86f900b7f957198dc60f23bc7df449d93488f35efa8a5159828f,22,0,0,0,2,2,0,3,0,0,1,0,0,0,0,0,0,0,0,0,46,24,32228,19090,37,40,28,14,1,2,46,24
169,BURINGPERT,0,16,63,63,3,1,loss,8337,1042.125,112286,0,112286,0,10116,171,48,0,48,9,7,0,2297,907,70,0,84,0,154,0,730,8259,18,34,0,17,0,135,135,399,399,d288da0c90c45d03e98f26c99f4c12f4fa34d93ef5fe60b3895cb6967fbb5b08,0,18,7,0,17,0,34,0,0,0,0,0,0,0,7,0,48,0,4,0,148,3,116791,37361,50,66,48,9,7,0,148,3
170,MORILAS,2,16,31,63,3,0,loss,6021,752.625,1,100157,0,100157,-250,9282,0,45,6,45,0,1,786,1702,0,58,23,1,82,0,2089,5722,6,1,0,4,0,135,135,399,399,76fb476222c54d3a625a254abe0e02c2820a0324d449c1ce9bab89ade1a916cf,2,4,0,2,0,4,0,1,0,0,0,0,0,0,0,1,0,45,0,1,0,60,5030,100558,28,16,6,45,0,3,0,60
170,MORILAS,2,16,31,63,3,1,win,3588,448.500,1,36551,0,36551,-250,15524,0,18,3,20,0,44,263,916,0,67,7,1,75,0,1113,3220,3,0,0,2,0,135,135,399,399,becd4ff18675021b70f96b07b2ce1d2b2e85b7794dd56fcee7e7f3c74f47c759,2,1,0,0,0,2,0,0,0,0,0,0,0,0,0,44,0,18,0,1,0,13,1620,36642,15,47,3,20,0,2,0,13
171,NIMCEAL,2,16,31,63,3,0,ongoing,9600,1200.000,1648,133092,1646,133092,-192,7889,0,47,10,47,19,18,2413,2779,22,74,47,2,145,0,2314,9442,23,5,0,12,0,135,135,399,399,0bd01f76954e73197a5a2b559a0a6625ab4ce2fd1107b559cee05190408cc44d,11,12,0,0,0,12,0,5,0,0,0,0,0,0,19,18,0,47,0,2,5,195,15217,133092,71,43,10,47,0,6,5,195
171,NIMCEAL,2,16,31,63,3,1,win,7303,912.875,0,19370,0,19370,-250,7233,0,0,12,13,0,0,1490,1311,0,1,44,0,45,6985,1453,6985,4,0,0,7,1,135,135,399,399,79d90a1c126dd2d9ae9abf246316db807c9f33c6deb53773dfef71deb962de83,1,3,0,0,0,7,0,0,0,0,0,1,0,0,0,0,0,0,0,0,1,84,7311,30795,24,66,12,13,0,3,1,84
172,BILASPIL,2,16,31,63,3,0,win,5853,731.625,91063,0,91063,0,7692,227,25,0,30,15,113,0,1510,1794,156,0,3,0,159,0,2209,5707,40,1,0,2,0,135,135,399,399,a8a0048839e2976dcfefa9ff7fd2d6a7c331df412a9ad6a1aff7d93cd7be3ae1,38,2,0,0,1,1,0,1,0,0,0,0,0,0,113,0,25,0,1,0,9,15,91233,10654,114,33,30,15,1,1,9,15
172,BILASPIL,2,16,31,63,3,1,loss,8140,1017.500,93807,1,93807,0,9722,-250,41,0,41,7,3,0,2093,1456,59,0,33,1,93,0,2827,7771,4,4,0,9,0,135,135,399,399,7f96775cba2753a2e853ceae602cf1c9e619cc7e1cd3b7332ba78c3971e08e95,0,4,1,0,9,0,4,0,0,0,0,0,0,0,3,0,41,0,1,0,134,1,110588,9003,16,42,41,7,4,0,134,1
173,RINGHIPJOB,2,16,31,63,3,0,loss,6551,818.875,1,85549,0,85549,-250,8287,0,38,1,38,0,1,1194,2098,0,47,20,1,68,0,3274,6214,1,3,0,3,0,135,135,399,399,9b245d2d434c668a388d32dd1e7ac9f0967fcc6cd7ae1fc3637d35c2e88c47d1,1,0,0,0,0,3,0,3,0,0,0,0,0,0,0,1,0,38,0,1,2,69,3638,97849,28,17,1,38,0,2,2,69
173,RINGHIPJOB,2,16,31,63,3,1,win,4079,509.875,0,34104,0,34104,363,2646,0,18,0,20,0,50,159,960,0,77,4,0,81,0,3175,4051,0,0,0,4,0,135,135,399,399,78c762999baed1b5ad8b0227f2f2f36b672031c98d441352adedac38886f9d61,0,0,1,0,0,4,0,0,0,0,0,0,0,0,0,50,0,18,0,2,0,13,1047,34237,12,50,0,20,0,3,0,13
174,WEAVOUTLIN,2,16,31,63,3,0,ongoing,9600,1200.000,33361,5926,33361,5926,2756,5107,8,2,16,28,77,32,1399,2676,97,36,18,0,151,0,4315,9537,46,5,0,2,0,135,135,399,399,d6c3f612ee0847362608da3628b65c3b8988fff89856e94a8f494718a0042f74,46,0,0,0,0,2,0,5,0,0,0,0,0,0,77,32,8,2,0,0,21,52,33361,35418,80,40,16,28,0,2,21,52
174,WEAVOUTLIN,2,16,31,63,3,1,ongoing,9600,1200.000,92628,4994,92628,4994,2682,2000,44,5,44,6,2,27,2819,1892,55,34,23,0,112,0,2074,9442,28,4,0,11,0,135,135,399,399,9ce10dd07a922004791df03cc19bcb41938e6657ebb8d3b83bf1e699bdea44e8,8,20,0,0,11,0,4,0,0,0,0,0,0,0,2,27,44,5,2,0,194,8,92628,16859,33,67,44,6,3,0,194,8
175,ALPAPAL,0,16,32,63,1,0,loss,4710,588.750,1,50597,0,50597,-250,3189,0,33,8,34,0,7,0,0,0,52,23,1,76,0,2129,4703,0,15,0,7,0,45,45,399,399,e77e01965b0455f29f734b3d8a3fb961a1138ceafae96f61ff20ea14345145ff,0,0,0,2,0,7,0,15,0,0,0,0,0,0,0,7,0,33,0,4,1,65,8077,50663,20,15,8,34,0,4,1,65
175,ALPAPAL,0,16,32,63,1,1,win,5055,631.875,0,20122,0,20122,174483,4555,0,0,26,39,0,0,0,0,0,2,117,0,119,4793,1257,4793,8,0,0,4,1,45,45,399,399,5a72bb36d0ccb3456f1a0e98468c1483a181d87b744d99830e4afc0a3e330396,0,8,0,0,0,4,0,0,0,0,0,1,0,0,0,0,0,0,0,0,60,33,19941,40008,17,49,26,39,0,1,60,33
176,BADUSPERT,0,16,32,63,1,0,win,9472,1184.000,10438,0,10438,0,34083,-250,0,0,36,40,0,0,0,0,1,0,202,0,203,9210,1457,9210,74,36,0,14,1,45,45,399,399,cfa9aef999ed9defd666d94ae12b0871dc4aa783e30596057c94355fb7f3e459,0,74,0,3,0,14,0,36,0,0,1,0,0,0,0,0,0,0,0,0,58,521,61547,61585,109,14,36,40,0,6,58,521
176,BADUSPERT,0,16,32,63,1,1,win,4229,528.625,0,5880,0,5880,43359,3627,0,0,25,23,0,0,0,0,0,3,133,0,136,3969,1697,3969,8,0,0,0,1,45,45,399,399,b00315cb5bb639adc3f72951f8adc0d6159f8805176fc4b7eb0f7fd493f79874,0,8,0,0,0,0,0,0,0,0,1,0,0,0,0,0,0,0,0,0,90,44,21110,26464,19,62,25,23,0,0,90,44
177,IMMDIEOUT,0,16,32,63,1,0,win,7012,876.500,4445,0,4445,0,21789,-250,0,0,28,46,0,0,0,0,1,0,171,0,172,6745,1833,6745,42,21,0,7,1,45,45,399,399,9505cb64523c1d2a31fd0810430e4490c2b7d5575c36fdf90df82101de19d159,0,42,0,4,0,7,0,21,0,0,1,0,0,0,0,0,0,0,0,0,41,281,86504,45852,140,21,28,46,0,5,41,281
177,IMMDIEOUT,0,16,32,63,1,1,win,4969,621.125,0,23211,0,23211,191078,17714,0,0,40,41,0,0,0,0,0,1,147,0,148,4697,2114,4697,26,0,0,3,1,45,45,399,399,0a9396599dcaaa42661c9fb142635ef13195774e0283ac921cf80bc38566abf7,0,26,0,0,0,3,0,0,0,0,0,1,0,0,0,0,0,0,0,0,58,22,28388,53526,23,88,40,41,0,1,58,22
178,HOBQUET,0,16,32,63,1,0,loss,9093,1136.625,0,89607,0,89607,-250,1733,0,42,16,53,0,6,0,0,0,65,49,0,114,0,1673,9081,81,41,0,24,0,45,45,399,399,8f847f3e889b8911570bc5d7b7b9162a2b3c7901dde30c9c958897bdcb0738b6,0,81,0,2,0,24,0,41,0,0,0,0,0,0,0,6,0,42,0,2,12,514,14882,101857,73,27,16,53,0,8,12,514
178,HOBQUET,0,16,32,63,1,1,win,4104,513.000,0,6251,0,6251,57620,5769,0,0,37,17,0,0,0,0,0,1,53,0,54,3873,1641,3873,18,0,0,1,1,45,45,399,399,b122ddd733dfe6c2e9664623a59d978973b9244fb8c4366548fe2f153f4da869,0,18,0,0,0,1,0,0,0,0,1,0,0,0,0,0,0,0,0,0,35,13,21541,28771,26,58,37,17,0,1,35,13
179,BUGUPIL,0,16,32,63,1,0,loss,5315,664.375,0,44020,0,44020,-250,1528,0,30,14,30,0,8,0,0,0,48,44,0,92,0,1401,5305,26,13,0,8,0,45,45,399,399,25f907057794c365a810c040e58e4ed3293f3fb8604ee3313a39455b7d6dd6b8,0,26,0,1,0,8,0,13,0,0,0,0,0,0,0,8,0,30,0,3,2,99,12837,44047,36,12,14,30,0,3,2,99
179,BUGUPIL,0,16,32,63,1,1,win,4649,581.125,0,18524,0,18524,125721,4128,0,0,32,40,0,0,0,0,0,1,137,0,138,4393,1361,4393,25,0,0,1,1,45,45,399,399,01b791706c289686f4ef3c4fe61ff4c22cdad94ffbecb9c09c90e712b84b9b48,0,25,0,0,0,1,0,0,0,0,0,1,0,0,0,0,0,0,0,0,46,39,30789,50558,26,72,32,40,0,1,46,39
180,SHADPEJOB,2,16,15,63,2,0,win,7077,884.625,165846,0,165846,0,2894,-30,53,0,57,24,87,0,2528,2928,159,0,29,0,188,0,1745,7039,35,2,0,5,0,135,135,399,399,75df099e2c6c3ffd46db86c5e8893d34a46a0f9ef4839a594fe754cee3e3365f,32,3,0,0,2,3,0,2,0,0,0,0,0,0,87,0,53,0,2,0,39,76,166023,25744,126,19,57,24,2,2,39,76
180,SHADPEJOB,2,16,15,63,2,1,ongoing,9600,1200.000,50411,21272,50411,21272,4778,1251,14,23,49,40,7,68,3035,2705,32,113,22,0,167,0,2793,9489,2,16,0,1,0,135,135,399,399,739209a3196e84e4646eae0cf5aa56c6907eaf98bd7daf2bb0be1ca3306ecd73,0,2,20,0,1,0,16,0,0,0,0,0,0,0,7,68,14,23,1,0,227,86,110020,25331,22,94,49,40,1,0,227,86
181,COROZLIN,2,16,15,63,2,0,win,8041,1005.125,159201,1,159201,0,5380,4843,47,0,47,10,97,0,1436,2710,170,0,0,1,171,0,2027,7984,76,0,0,2,0,135,135,399,399,b8795691b1e0eafae003f3a9774c7871254383d5699a6f0677bfba6b3ca64f3e,76,0,0,0,2,0,0,0,0,0,0,0,0,0,97,0,47,0,2,0,9,4,159243,7320,98,25,47,10,2,0,9,4
181,COROZLIN,2,16,15,63,2,1,loss,9559,1194.875,153396,0,153396,0,1002,99,62,0,63,1,8,0,2153,1327,89,0,9,0,98,0,2337,9537,6,2,0,16,0,135,135,399,399,644a7f948583d0f2548aa40c174f81ef6f71e32a9c592b10ac232fda60be979e,4,2,0,0,16,0,2,0,0,0,0,0,0,0,8,0,62,0,1,0,75,4,159847,3910,20,21,63,1,3,0,75,4
182,BINWILDON,2,16,15,63,2,0,loss,3902,487.750,1,41299,0,41299,-250,2133,0,35,1,35,0,2,503,1451,0,49,2,1,52,0,3502,3819,0,1,0,1,0,135,135,399,399,d293b04507b47780704a4a849c07ac2bda884ac72b3f8a52b5fee890a8d7daa1,0,0,0,0,0,1,0,1,0,0,0,0,0,0,0,2,0,35,0,1,0,12,2060,41453,8,11,1,35,0,1,0,12
182,BINWILDON,2,16,15,63,2,1,ongoing,9600,1200.000,31915,74867,31915,74867,3485,23678,18,37,28,44,1,81,2875,3169,30,145,2,0,177,0,3539,9518,21,3,0,9,0,135,135,399,399,d7100586d65e5af1ed67a8e50d9d8b3161c8a02e210e93f824ab7c2407bf557b,8,13,1,0,7,2,3,0,0,0,0,0,0,0,1,81,18,37,1,2,139,33,42085,74867,29,88,28,44,3,2,139,33
183,SADINGMAR,2,16,15,63,2,0,ongoing,9600,1200.000,15505,57660,15505,57660,5032,5903,11,22,11,25,76,6,3307,1825,96,38,1,0,135,0,3041,9021,8,7,0,3,0,135,135,399,399,0c605236ae93e4d27c1cf68b0472cdb6b9be952bc75c1885c80dcb4c2f553fd4,8,0,2,2,0,3,0,7,0,0,0,0,0,0,76,6,11,22,0,1,6,111,15505,57660,78,15,11,25,0,2,6,111
183,SADINGMAR,2,16,15,63,2,1,ongoing,9600,1200.000,31672,26127,31672,26126,3618,2838,23,7,32,16,1,85,3318,2523,36,104,8,1,149,0,2545,9553,36,2,0,13,0,135,135,399,399,68b120ad6b8519615335ad0692f30c511256387abc7dcd8344ace6f87d84d91e,3,33,0,0,13,0,2,0,0,0,0,0,0,0,1,85,23,7,3,0,191,10,55025,26187,16,94,32,16,4,0,191,10
184,LOWIOUT,2,16,15,63,2,0,loss,4295,536.875,1,37520,0,37520,-250,4988,0,29,3,29,0,9,539,1802,0,39,13,1,53,0,3785,4003,2,0,0,1,0,135,135,399,399,d5b9d5abeb7febbc681b0b1fba246b2a8f6022f46706b42a948890d63646cea6,0,2,0,0,0,1,0,0,0,0,0,0,0,0,0,9,0,29,0,1,0,9,6946,37596,4,12,3,29,0,1,0,9
184,LOWIOUT,2,16,15,63,2,1,ongoing,9600,1200.000,47796,115399,47796,115399,4987,42558,18,44,29,44,7,114,3476,2882,32,176,0,0,208,0,3633,9375,17,8,0,9,0,135,135,399,399,60ba06b9fa24464cea79f73027be833e05ad517861dd49e223a1eba170b69af4,0,17,1,1,2,7,8,0,0,0,0,0,0,0,7,114,18,44,1,1,131,71,53069,115399,24,126,29,44,1,3,131,71
185,QAZCET,0,16,62,63,2,0,win,6006,750.750,37188,0,37188,0,8131,1926,0,0,31,17,0,0,2053,1409,4,0,119,0,123,5777,1713,5777,18,8,0,12,1,90,45,399,399,4ae0158de460ebd0fb9dc99b7cac46c0b4ec379e765ea44def8aa000352955d7,0,18,0,1,9,3,0,8,0,0,1,0,0,0,0,0,0,0,0,0,52,139,44697,14948,87,15,31,17,1,2,52,139
185,QAZCET,0,16,62,63,2,1,win,9433,1179.125,0,66722,0,66722,4224,81081,0,31,25,32,0,91,3312,3600,0,176,11,0,187,0,1329,8947,23,24,0,14,0,90,45,399,399,feedcc703a82f63c810348b6072ea8be8deb3f7b84be66031ad8dde53e4510cc,0,23,2,0,11,3,24,0,0,0,0,0,0,0,0,91,0,31,0,1,337,48,28134,66735,21,124,25,32,4,1,337,48
186,VERYMPBAR,0,16,62,63,2,0,win,3827,478.375,21499,0,21499,0,4032,31,0,0,21,18,0,0,1332,1250,2,0,119,0,121,3569,1361,3569,6,3,0,2,1,90,45,399,399,3c4a2a33c2406f6a743a9ea87a09cda4c051c10060f346cc5392bc4735f581ce,0,6,1,1,2,0,0,3,0,0,1,0,0,0,0,0,0,0,0,0,28,22,35294,11781,62,16,21,18,1,0,28,22
186,VERYMPBAR,0,16,62,63,2,1,win,6968,871.000,0,31788,0,31788,844,8501,0,0,19,28,0,0,2300,2520,0,1,161,0,162,6657,1385,6657,13,13,0,10,1,90,45,399,399,092f90956672472c87d3ae7c81cd4b0fd005e7151cf733ae55e6cb3e914c93e4,0,13,4,0,8,2,13,0,0,0,0,1,0,0,0,0,0,0,0,0,199,33,16233,47241,16,92,19,28,4,1,199,33
187,MINHIPER,0,16,62,63,2,0,ongoing,9600,1200.000,64494,16795,64494,16795,45585,2020,26,13,29,27,115,5,3225,2106,182,26,0,0,208,0,1233,9561,38,23,0,27,0,90,45,399,399,b5f606f58f8e8d47763e37a4ec6686e93f8f86a345926154b038f775bcbd4013,0,38,2,4,11,16,4,19,0,0,0,0,0,0,115,5,26,13,1,2,34,323,64494,23333,128,24,29,27,2,4,34,323
187,MINHIPER,0,16,62,63,2,1,win,4926,615.750,0,23906,0,23906,-250,25386,0,0,19,19,0,0,1653,1791,0,2,115,0,117,4649,913,4649,8,5,0,7,1,90,45,399,399,8ed44410b3d97a2d92033d683c3af63062b9bb75d28f44e1c49eecbd3f1e400a,0,8,1,0,5,2,5,0,0,0,0,1,0,0,0,0,0,0,0,0,51,40,17195,45614,19,86,19,19,3,1,51,40
188,HAMOUTING,0,16,62,63,2,0,loss,8892,1111.500,2,55441,0,55441,-250,7930,0,32,16,33,0,4,2428,1964,0,46,50,2,98,0,1161,8801,28,29,0,16,0,90,45,399,399,b84981445342dff01934be99bf3cdd937d804e86e09dc9862e90cfe760c30f74,0,28,4,2,0,16,1,28,0,0,0,0,0,0,0,4,0,32,0,2,7,300,17929,55484,47,14,16,33,0,6,7,300
188,HAMOUTING,0,16,62,63,2,1,win,4283,535.375,0,22017,0,22017,-250,7371,0,0,18,26,0,0,1165,1247,0,1,97,0,98,4041,1077,4041,10,3,0,5,1,90,45,399,399,3b3007844b5dfc4e9c4d62c9f0972262a7d284bb4b57a4ee70ab56e7b7bab91b,0,10,1,0,2,3,3,0,0,0,0,1,0,0,0,0,0,0,0,0,18,13,12597,36117,21,51,18,26,2,1,18,13
189,FUTADON,0,16,62,63,2,0,win,6218,777.250,37441,0,37441,0,9315,4381,0,0,26,20,0,0,2160,1696,4,0,159,0,163,5993,1737,5993,0,13,0,14,1,90,45,399,399,3e73f4d7f3d4c639f9a5fe6ddb6b7f320474f7942abfcd02265a429523713e25,0,0,0,1,7,7,1,12,0,0,1,0,0,0,0,0,0,0,0,0,40,113,56378,19032,92,15,26,20,1,2,40,113
189,FUTADON,0,16,62,63,2,1,win,6960,870.000,0,36311,0,36311,-250,18726,0,0,27,25,0,0,2579,2538,0,2,134,0,136,6721,1129,6721,17,19,0,8,1,90,45,399,399,5b9594a421252407336baa53df9fdfadff978d55fd2139c54b4cef5982164d15,0,17,0,0,4,4,17,2,0,0,0,1,0,0,0,0,0,0,0,0,214,69,20720,65620,22,114,27,25,3,1,214,69
190,SUZUSMAR,3,16,61,63,2,0,ongoing,9600,1200.000,6306,170727,6306,170727,19,10367,0,38,6,38,17,3,1346,2542,29,61,30,0,120,0,1209,9537,4,68,0,32,0,180,180,399,399,3b6ced53d5cac18841b537c195badadb7137cc4a4ac9e129fdfe81b02147d013,4,0,0,0,0,32,0,68,0,0,0,0,0,0,17,3,0,38,0,6,4,496,17496,170727,68,11,6,38,0,8,4,496
190,SUZUSMAR,3,16,61,63,2,1,loss,6370,796.250,145651,1,145651,0,8927,-250,43,0,43,5,1,0,1680,635,57,0,23,1,81,0,633,6321,42,41,0,16,0,180,180,399,399,c03538026dc9cc53e206cbadcf0c5cad23ebb320c8a58eaf3de510bc62743f2d,42,0,0,0,16,0,41,0,0,0,0,0,0,0,1,0,43,0,3,0,267,1,147571,5960,8,31,43,5,5,0,267,1
191,DOUDIELUG,3,16,61,63,2,0,win,7005,875.625,20983,0,20983,0,21432,-250,0,0,25,18,0,0,2618,2558,1,0,116,0,117,6777,1105,6777,29,28,0,15,1,180,180,399,399,c04cdea621ecffe208fef45de798e2683536427599e70f09855e5d2a2b55001f,29,0,0,0,3,12,0,28,0,0,1,0,0,0,0,0,0,0,0,0,29,309,45750,26804,69,18,25,18,1,4,29,309
191,DOUDIELUG,3,16,61,63,2,1,win,7598,949.750,0,22922,0,22922,-250,15809,0,0,27,40,0,0,2569,2918,0,2,137,0,139,7361,897,7361,28,36,0,17,1,180,180,399,399,7c7417bb9a967d3e12afee5f74af446b24c7e35d53d6fa07e70eb41c04c8065c,0,28,0,6,16,1,36,0,0,0,0,1,0,0,0,0,0,0,0,0,393,34,57334,69176,23,76,27,40,6,1,393,34
192,SHIQUEHILL,3,16,61,63,2,0,win,4928,616.000,28162,0,28162,0,10214,-250,0,0,27,15,0,0,1843,1729,1,0,142,0,143,4681,521,4681,24,9,0,8,1,180,180,399,399,9c8e8b7aa9e31056a34501246be741f5ee8e3d9c3f892d0b228d76e05b45c73a,8,16,0,0,5,3,1,8,0,0,1,0,0,0,0,0,0,0,0,0,32,150,76027,20151,128,27,27,15,1,2,32,150
192,SHIQUEHILL,3,16,61,63,2,1,win,5573,696.625,0,37689,0,37689,-250,16861,0,0,19,31,0,0,2410,2313,0,2,89,0,91,5345,609,5345,41,12,0,10,1,180,180,399,399,e0a73c23c70709ba452ea4d414b7d4dd24bc208ed23b846c59721f5cf887c9fc,28,13,0,0,5,5,12,0,0,0,0,1,0,0,0,0,0,0,0,0,217,69,28739,64746,18,114,19,31,3,1,217,69
193,HURTTBAR,3,16,61,63,2,0,win,5782,722.750,29316,0,29316,0,6763,-250,0,0,25,22,0,0,2274,2133,1,0,126,0,127,5553,1033,5553,32,14,0,16,1,180,180,399,399,1df3356113866951963d7e48afa68dfc36f5cbe8448f7136cb3dd11334ce1266,10,22,0,0,8,8,4,10,0,0,1,0,0,0,0,0,0,0,0,0,36,122,50867,21469,85,24,25,22,1,3,36,122
193,HURTTBAR,3,16,61,63,2,1,win,5518,689.750,0,31692,0,31692,-250,15866,0,0,20,37,0,0,2211,2395,0,1,131,0,132,5265,849,5265,49,9,0,9,1,180,180,399,399,a00c7732fd6dcfef622fbac75df593cd4f88ead9cef8235ff0553d393ca94404,20,29,0,0,6,3,9,0,0,0,0,1,0,0,0,0,0,0,0,0,153,30,39280,66077,22,56,20,37,3,1,153,30
194,JOSPEER,3,16,61,63,2,0,win,6366,795.750,26346,0,26346,0,12326,-250,0,0,29,20,0,0,2476,2757,1,0,185,0,186,6113,905,6113,53,14,0,14,1,180,180,399,399,8fac4421cc48e4a55176d66ba45cd7f3c85accd46eccd47b789f278ff76c191f,25,28,0,1,2,12,0,14,0,0,1,0,0,0,0,0,0,0,0,0,19,280,54334,25864,114,20,29,20,1,5,19,280
194,JOSPEER,3,16,61,63,2,1,win,6450,806.250,0,26670,0,26670,-250,16468,0,0,18,14,0,0,2083,2164,0,1,162,0,163,6207,1161,6207,14,13,0,13,1,180,180,399,399,59ec37eb6340413bd5754c5f5e034f86cd3ed09497aa8b200c5e90249788d857,13,1,0,16,10,3,13,0,0,0,0,1,0,0,0,0,0,0,0,0,136,45,23716,73491,19,93,18,14,3,1,136,45
195,TIMOZING,0,16,60,63,2,0,ongoing,9600,1200.000,14438,103579,14437,103579,1459,1967,4,24,17,54,83,6,2812,3808,122,52,0,1,175,0,2169,9591,79,40,0,20,0,135,135,399,399,ded4dbc8048f43a370c1dd414184de203d37fb3dd1cd52db48f37c483c61d2b5,0,79,0,0,3,17,0,40,0,0,0,0,0,0,83,6,4,24,0,4,26,371,25725,107720,83,42,17,54,1,5,26,371
195,TIMOZING,0,16,60,63,2,1,ongoing,9600,1200.000,7180,59280,7180,59280,5,72808,1,26,30,27,4,115,3923,3260,8,192,7,0,207,0,1329,8825,7,29,0,9,0,135,135,399,399,44c1eac4fa4d5b83507b490c222e81c9ee4860ccbc136248af6f7304a11fd65e,0,7,0,0,4,5,26,3,0,0,0,0,0,0,4,116,1,26,0,1,176,141,28611,59280,36,116,30,27,2,2,176,141
196,CALWILORD,0,16,60,63,2,0,win,4709,588.625,31564,0,31564,0,16370,-250,0,0,33,26,0,0,1701,1899,4,0,151,0,155,4481,977,4481,10,13,0,5,1,135,135,399,399,3640e666de5e9b7433734071d4d40bc79b8c8b6a82bb30302e9ccfd7d603e255,0,10,0,1,4,1,4,9,0,0,1,0,0,0,0,0,0,0,0,0,35,43,62638,33907,96,31,33,26,1,1,35,43
196,CALWILORD,0,16,60,63,2,1,win,5058,632.250,0,18906,0,18906,-250,24872,0,0,20,18,0,0,2401,1789,0,1,54,0,55,4799,793,4799,8,6,0,5,1,135,135,399,399,f2ee5358f273b43d1669ae4e52e73c5a39fd20c5429defbabc687c5a40df53b1,0,8,0,0,1,4,6,0,0,0,0,1,0,0,0,0,0,0,0,0,47,77,22865,44287,40,80,21,18,1,1,47,77
197,SCOINGCON,0,16,60,63,2,0,ongoing,9600,1200.000,60199,55903,60199,55903,5671,5108,10,15,20,31,103,15,3518,3305,166,42,0,0,208,0,1313,9505,0,53,0,23,0,135,135,399,399,c7adbcb6ed5323658e90e02832955b0cea9684ef03a9ccf875e55d6fa5c32425,0,0,0,0,4,19,6,47,0,0,0,0,0,0,103,15,10,15,0,4,64,490,65119,63073,128,35,20,31,1,6,64,490
197,SCOINGCON,0,16,60,63,2,1,win,6592,824.000,0,41191,0,41191,2124,3469,0,0,25,41,0,0,2938,2299,0,3,143,0,146,6353,945,6353,27,17,0,8,1,135,135,399,399,21e329d4a9bfd4130b17196b7d6542edb7f131609f65ddb2894e093e25feee62,0,27,0,0,2,6,17,0,0,0,0,1,0,0,0,0,0,0,0,0,178,71,32645,73238,40,98,25,41,2,2,178,71
198,SWAILUG,0,16,60,63,2,0,ongoing,9600,1200.000,41164,67284,41164,67284,6256,4815,10,22,14,36,98,9,3283,3849,162,46,0,0,208,0,1489,9529,0,60,0,15,0,135,135,399,399,667579116e446b8c2f16b77aed666b2eb3868e560d85e915f865a744a262949d,0,0,0,2,2,13,1,59,0,0,0,0,0,0,98,9,10,22,1,3,70,627,41164,68204,124,22,14,36,1,8,70,627
198,SWAILUG,0,16,60,63,2,1,win,6745,843.125,0,33190,0,33190,-250,23395,0,0,24,33,0,0,2964,2187,0,2,138,0,140,6505,1001,6505,12,21,0,7,1,135,135,399,399,58c9ab4c130b94ea427272f00a6b00450c8f3d03106c4a1d80f50eac244cd739,0,12,0,0,3,4,21,0,0,0,0,1,0,0,0,0,0,0,0,0,176,143,28654,61399,34,107,24,33,2,1,176,143
199,KILLMEHILL,0,16,60,63,2,0,ongoing,9600,1200.000,2954,190555,2953,190555,-186,6329,0,60,7,60,21,5,1197,2931,37,83,23,1,144,0,1481,9573,0,72,0,26,0,135,135,399,399,94e8b9c8d3514f16591a12598372927cb7554e81d2382e04cc3d01bdd6c7d8a9,0,0,0,0,2,24,1,71,0,0,0,0,0,0,21,5,0,60,0,7,12,248,28313,190555,66,16,7,60,1,10,12,248
199,KILLMEHILL,0,16,60,63,2,1,win,9413,1176.625,0,35493,0,35493,2221,6243,0,0,43,51,0,0,4138,3659,0,17,172,0,189,9241,1009,9241,50,37,0,10,1,135,135,399,399,da670ca7011cd77c46e1012819f9ceebef0f64d1f06a45e02013fb86a3a67278,0,50,0,2,9,1,37,0,0,0,0,1,0,0,0,0,0,0,0,0,476,58,68330,57029,38,116,43,51,5,1,476,58
200,EOAMPMET,2,16,55,62,1,0,win,4760,595.000,87032,1,87032,0,41396,-250,39,0,40,13,73,0,0,0,125,0,5,1,131,0,2320,4716,0,0,0,8,0,1350,225,399,399,16cd73833d0aee0f673dc615c529a27b3da764188513a06982acc4fa0531e3ca,0,0,0,0,8,0,0,0,0,0,0,0,0,0,73,0,39,0,3,0,55,1,87032,6972,76,15,40,13,3,0,55,1
200,EOAMPMET,2,16,55,62,1,1,loss,5979,747.375,103439,0,103439,0,9440,757,48,0,48,2,2,0,0,0,67,0,4,0,71,0,1889,5361,1,0,0,8,0,1350,225,399,399,456a19c6d94b3d16d4a3e5bfd9c94478233d52351f4dbecde8a6cb365a663e00,1,0,0,0,8,0,0,0,0,0,0,0,0,0,2,0,48,0,1,0,56,0,103509,5645,17,21,48,2,3,0,56,0
201,BURHIPED,2,16,55,62,1,0,win,6371,796.375,9580,0,9580,0,4114,-250,0,0,18,14,0,0,0,0,2,0,84,0,86,6073,1969,6073,2,0,0,2,1,1350,225,399,399,d06fa61537614ad412187d0b0c77d9ea2cdab84bf596df629cfa42b029ec1e0b,2,0,0,0,2,0,0,0,0,0,1,0,0,0,0,0,0,0,0,0,24,12,27108,8936,87,10,18,14,2,0,24,12
201,BURHIPED,2,16,55,62,1,1,win,8076,1009.500,0,163145,0,163145,-245,13080,0,90,38,91,0,19,0,0,0,127,9,0,136,0,2702,7954,0,0,0,16,0,1350,225,399,399,1b4c76735c5a032e2f86cbefe65f1eab8d074c5d8ddcd2cbc6ac67be565ffe1a,0,0,3,0,11,5,0,0,0,0,0,0,0,0,0,19,0,90,0,2,172,55,49259,163233,20,59,38,91,4,3,172,55
202,MOROUTHAM,2,16,55,62,1,0,win,6599,824.875,9995,0,9995,0,4547,2192,0,0,26,23,0,0,0,0,1,0,152,0,153,6273,1449,6273,8,0,0,9,1,1350,225,399,399,356bb3d2649b94c01380105e33b9b290e32f77290952aa32c157cd885034edf8,8,0,0,0,9,0,0,0,0,0,1,0,0,0,0,0,0,0,0,0,65,17,31592,16210,94,25,26,23,2,0,65,17
202,MOROUTHAM,2,16,55,62,1,1,loss,6493,811.625,130315,1,130315,0,9494,-250,60,0,60,4,3,0,0,0,77,0,12,1,90,0,3170,6327,0,0,0,10,0,1350,225,399,399,6f3edaf32b5e641733a91e982f50f66965b71b4e09ffe25791c9cbd7b6b98a01,0,0,1,0,10,0,0,0,0,0,0,0,0,0,3,0,60,0,2,0,72,1,130445,6694,16,20,60,4,3,0,72,1
203,NIMAORD,2,16,55,62,1,0,win,7746,968.250,40571,2,40571,0,1447,-250,0,0,18,13,0,0,0,0,131,0,12,2,145,7729,609,7729,5,0,1,6,1,1350,225,399,399,a4aaf91f6b36c61e9481a26080ee18c25faeaf51c284668f219df3dd8bfbc822,5,0,0,0,6,0,0,0,1,0,1,0,0,0,0,0,0,0,0,0,90,14,43205,8695,101,18,18,13,3,0,90,14
203,NIMAORD,2,16,55,62,1,1,loss,4774,596.750,83512,2,83512,0,3320,-250,48,0,48,3,1,0,0,0,70,0,3,2,75,0,2281,4693,2,0,0,5,0,1350,225,399,399,514d2e9b598402f894733d4a2afaad5d8600ac182e2a4d77080d25e849ace3b6,2,0,1,0,5,0,0,0,0,0,0,0,0,0,1,0,48,0,3,0,33,0,83721,6995,24,21,48,3,4,0,33,0
204,BILUSCON,2,16,55,62,1,0,win,56,7.000,1148,0,1148,0,118,331,0,0,0,0,26,0,0,0,26,0,5,0,31,0,0,0,0,0,0,0,0,1350,225,399,399,407b1f107de9cde5ab542da8693228085012d209f06a9f1c6023a7d218d57598,0,0,0,0,0,0,0,0,0,0,0,0,0,0,26,0,0,0,0,0,0,0,1350,225,26,1,0,0,0,0,0,0
204,BILUSCON,2,16,55,62,1,1,loss,3322,415.250,45804,2,45804,0,8010,-250,34,0,35,3,0,0,0,0,47,0,4,2,53,0,2341,3178,1,0,0,2,0,1350,225,399,399,86a12dd70172612922e861b37e371a35c2b45c5fe2d005c44cda1f1a1f73c1f7,1,0,0,0,2,0,0,0,0,0,0,0,0,0,0,0,34,0,1,0,13,0,45856,2830,21,7,35,3,2,0,13,0
205,RINGINILL,2,16,54,63,1,0,win,6249,781.125,116262,0,116262,0,1200,-74,0,0,81,24,0,0,0,0,47,0,121,0,168,6138,2313,6138,1,0,0,10,1,1350,225,399,399,0ffb2ad6427a1a59b5002c9e131544b84fa2882d6cb7ebcfc00e0dd155c53053,0,1,1,0,10,0,0,0,0,0,1,0,0,0,0,0,0,0,0,0,82,19,148752,19613,79,14,81,24,3,0,82,19
205,RINGINILL,2,16,54,63,1,1,ongoing,9600,1200.000,122110,28894,122110,28892,7128,-84,40,26,50,31,3,28,0,0,66,60,5,2,133,0,2755,9462,1,0,0,26,0,1350,225,399,399,7773dcbc4f3a3164f25d08ad89964a7e5489a3aaac32b630c965fe8e4cc88225,0,1,0,0,26,0,0,0,0,0,0,0,0,0,4,28,39,26,4,0,209,14,122610,28894,17,43,50,31,6,0,209,14
206,WEAVLOPTORY,2,16,54,63,1,0,win,8183,1022.875,47221,1,47221,0,59568,-250,34,0,35,22,70,0,0,0,118,0,11,1,130,0,2814,7805,1,0,0,16,0,1350,225,399,399,db44aa51a8b41697881cdc3e2d5879338cb0d6dbeb7bfa7609f719892f72c90d,0,1,3,1,14,2,0,0,0,0,0,0,0,0,70,0,34,0,3,0,106,48,47401,17282,72,15,35,22,3,1,106,48
206,WEAVLOPTORY,2,16,54,63,1,1,loss,2780,347.500,24761,2,24761,0,12787,-250,26,0,26,1,2,0,0,0,41,0,11,2,54,0,2249,2249,0,0,0,1,0,1350,225,399,399,6ebeee7a9522e98823899592e5deaaad9df85498caeaa40db7a8f72ff4188b7d,0,0,0,0,1,0,0,0,0,0,0,0,0,0,3,0,25,0,1,0,15,0,24865,3547,22,8,26,1,1,0,15,0
207,ALPTMET,2,16,54,63,1,0,win,5688,711.000,11381,0,11381,0,5505,-250,0,0,9,10,0,0,0,0,1,0,110,0,111,5450,2049,5450,1,0,0,3,1,1350,225,399,399,6af136c92777151e154893a082cde8fc7a86166fd6f41d5557bd56b0328f1339,0,1,2,0,3,0,0,0,0,0,1,0,0,0,0,0,0,0,0,0,33,2,23949,5468,97,15,9,10,2,0,33,2
207,ALPTMET,2,16,54,63,1,1,win,7906,988.250,3,91370,0,91370,-250,75172,0,46,27,47,0,100,0,0,0,159,14,3,176,0,1849,7374,5,0,0,11,0,1350,225,399,399,0efdcf265567024e17c0126ccd733c6a001e4b849fd1a2bbc2d6deaa9b75a1e8,0,5,2,1,4,7,0,0,0,0,0,0,0,0,0,100,0,46,0,3,79,111,24929,91398,18,100,27,47,2,3,79,111
208,BADPEED,2,16,54,63,1,0,win,6428,803.500,3686,0,3686,0,4215,-250,0,0,9,19,0,0,0,0,2,0,93,0,95,6076,2664,6076,0,0,0,8,1,1350,225,399,399,19a75821fdb5cc8b3c103767bcfd15cdc1e243e8b8fffc83239c7b7785f86e06,0,0,0,0,6,2,0,0,0,0,1,0,0,0,0,0,0,0,0,0,26,32,26436,12866,97,11,9,19,2,1,26,32
208,BADPEED,2,16,54,63,1,1,win,8139,1017.375,0,216643,0,216643,-250,34699,0,101,34,101,0,31,0,0,0,155,10,0,165,0,2231,8022,0,0,0,14,0,1350,225,399,399,ea9b399e04fff91b1ec1a3f8e7a3302525d9fe5f01414bcfbc4bd4920d24e87c,0,0,5,0,6,8,0,0,0,0,0,0,0,0,0,31,0,101,0,2,107,84,37554,216729,23,50,34,101,3,3,107,84
209,IMMOZHAM,2,16,54,63,1,0,win,5934,741.750,19332,1,19332,0,25749,-250,7,0,11,14,53,0,0,0,67,0,63,1,131,0,3220,5513,0,0,1,6,0,1350,225,399,399,3939ca8ea809551e2346ced84f01d57c42f914c28c1b604175ca8e3a3a480c14,0,0,4,0,6,0,0,0,1,0,0,0,0,0,53,0,7,0,1,0,52,5,25090,9583,95,13,11,14,3,0,52,5
209,IMMOZHAM,2,16,54,63,1,1,loss,3365,420.625,32382,2,32382,0,6877,-250,26,0,26,0,13,0,0,0,48,0,15,2,65,0,2447,3312,0,0,0,2,0,1350,225,399,399,e97be0e494e8083ded859aa48bbbe84155615ecc150a08f64d1f9a989dad6975,0,0,1,0,2,0,0,0,0,0,0,0,0,0,13,0,26,0,2,0,23,1,32480,1932,21,17,26,0,2,0,23,1
210,HOBWILOND,0,16,53,58,1,0,win,5790,723.750,31990,0,31990,0,22803,-250,0,0,34,24,0,0,0,0,1,0,172,0,173,5561,1545,5561,17,23,0,4,1,135,135,399,399,eae1c75365e38d43e8889667b1ccecc28441c0e04f900d68ac646e236976c126,17,0,0,0,4,0,0,23,0,0,1,0,0,0,0,0,0,0,0,0,71,108,55309,26999,84,18,34,24,1,0,71,108
210,HOBWILOND,0,16,53,58,1,1,win,7293,911.625,0,30708,0,30708,-250,7356,0,0,21,55,0,0,0,0,0,1,68,0,69,7009,1225,7009,100,3,0,5,1,135,135,399,399,d09037a8ee58d09c939c8de0320dd3f094f595d29bf73fecbd390d9b84d65e99,100,0,0,3,5,0,0,3,0,0,0,1,0,0,0,0,0,0,0,0,255,44,25091,56315,20,119,21,55,3,0,255,44
211,BUGINGLOW,0,16,53,58,1,0,win,9073,1134.125,33427,0,33427,0,21995,-250,0,0,33,38,0,0,0,0,2,0,203,0,205,8833,1833,8833,45,38,0,2,1,135,135,399,399,41fd49533fdd28d59fccb07f9233094696ac05472dd273c875652154452b241f,45,0,0,5,2,0,0,38,0,0,1,0,0,0,0,0,0,0,0,0,92,176,65958,48532,108,17,33,38,1,0,92,176
211,BUGINGLOW,0,16,53,58,1,1,win,4145,518.125,0,14143,0,14143,-250,13185,0,0,25,35,0,0,0,0,0,1,99,0,100,3905,1489,3905,41,0,0,4,1,135,135,399,399,7c109ccf8de8e0248d9290012e256c6b0ba7cd633b8777d34b0eddff55ec5e07,41,0,0,1,4,0,0,0,0,0,0,1,0,0,0,0,0,0,0,0,48,9,24009,40427,14,86,25,35,4,0,48,9
212,SHADOILL,0,16,53,58,1,0,win,5384,673.000,10590,0,10590,0,3831,3602,0,0,33,31,0,0,0,0,1,0,168,0,169,5129,881,5129,9,20,0,8,1,135,135,399,399,d390dd381cf5bd63ac678974808c7397e1c9d441ea73bf1f1b0b9de36114b58b,9,0,0,1,8,0,0,20,0,0,1,0,0,0,0,0,0,0,0,0,22,70,41678,23221,80,18,33,31,1,0,22,70
212,SHADOILL,0,16,53,58,1,1,win,7762,970.250,0,31110,0,31110,-250,10664,0,0,24,38,0,0,0,0,0,1,172,0,173,7489,1073,7489,134,2,0,10,1,135,135,399,399,73a4f0068b34101a25448b66f4e89d4003e6a52e3792c396e2bb91384d244423,134,0,0,5,10,0,0,2,0,0,0,1,0,0,0,0,0,0,0,0,341,47,31256,79983,18,135,24,38,4,0,341,47
213,CORMETORY,0,16,53,58,1,0,win,6156,769.500,19721,0,19721,0,7864,-250,0,0,32,30,0,0,0,0,1,0,101,0,102,5913,617,5913,31,23,0,4,1,135,135,399,399,9d756ea144d081b180226ced0b1b352485113448a7096c902205b577d00a2b7d,31,0,0,0,4,0,0,23,0,0,1,0,0,0,0,0,0,0,0,0,70,120,52928,29651,78,25,32,30,1,0,70,120
213,CORMETORY,0,16,53,58,1,1,win,6824,853.000,0,31793,0,31793,-250,18986,0,0,33,36,0,0,0,0,0,1,119,0,120,6562,889,6562,138,0,0,9,1,135,135,399,399,08382616df9db9e68937af83046cb9a52fd0b64be897ee9487df1b17d8595415,138,0,0,5,9,0,0,0,0,0,0,1,0,0,0,0,0,0,0,0,323,35,24723,76211,17,139,33,36,4,0,323,35
214,BINMPEND,0,16,53,58,1,0,win,7570,946.250,7963,0,7963,0,4062,-250,0,0,40,47,0,0,0,0,1,0,159,0,160,7329,1545,7329,30,38,0,2,1,135,135,399,399,811b2c4ec2f82fc805615f230e973fa7b4125d61023882c7d2df26b2c653fc7d,30,0,0,0,2,0,0,38,0,0,1,0,0,0,0,0,0,0,0,0,49,99,86605,50961,105,24,40,47,1,0,49,99
214,BINMPEND,0,16,53,58,1,1,win,8281,1035.125,0,10221,0,10221,2804,6038,0,0,26,48,0,0,0,0,0,1,64,0,65,7929,2185,7929,152,2,0,11,1,135,135,399,399,a9583c12812956a03d7a0553d0a0ad2499bed2dc382057ecd5bea935a8c1d0b0,152,0,0,4,11,0,0,2,0,0,0,1,0,0,0,0,0,0,0,0,263,19,32664,55863,25,134,26,48,5,0,263,19
215,SADHIPME,3,18,52,63,1,0,loss,5959,744.875,0,87091,0,87091,-250,2215,0,34,6,34,0,8,0,0,0,61,14,0,75,0,1185,5945,28,27,0,15,0,135,135,399,399,f6f00f37ed7a3801ceedd7222402b5eb90a969f81548108754e343a46de89eea,0,28,0,2,0,15,0,27,0,0,0,0,0,0,0,8,0,34,0,2,0,195,12618,90058,48,14,6,34,0,5,0,195
215,SADHIPME,3,18,52,63,1,1,loss,2996,374.500,8420,1,8420,0,650,-250,1,0,21,17,9,0,0,0,14,0,53,1,68,0,1355,2745,5,0,2,4,0,135,135,399,399,8be30d40ebd5f1dd23c2194497f07cf08f2ef5b1c78247960f00720794f07ab9,0,5,0,0,4,0,0,0,2,0,0,0,0,0,9,0,1,0,1,0,38,1,23300,13856,16,45,21,17,3,0,38,1
216,LOWOUTOLD,3,18,52,63,1,0,win,8948,1118.500,10838,0,10838,0,21567,-250,0,0,24,34,0,0,0,0,1,0,195,0,196,8670,1289,8670,0,57,0,21,1,135,135,399,399,53c035c8acb8ebf4912d2046c5e3f07f783a366dca1cd8cf3aed27a904679921,0,0,0,7,8,13,0,57,0,0,1,0,0,0,0,0,0,0,0,0,87,544,73102,71726,112,15,24,34,1,5,87,544
216,LOWOUTOLD,3,18,52,63,1,1,win,8222,1027.750,0,29044,0,29044,-250,27264,0,0,24,30,0,0,0,0,0,5,70,0,75,7993,1447,7993,8,0,3,12,1,135,135,399,399,6ce8a16f98ab28c492226ee80ec6ef2d70c4c5b5b908c0bb9dba02bfafa85d8d,0,8,0,6,8,4,0,0,3,0,0,1,0,0,0,0,0,0,0,0,65,118,18168,46433,23,37,24,30,2,1,65,118
217,QAZAOND,3,18,52,63,1,0,ongoing,9600,1200.000,38929,59332,38929,59332,5986,3055,16,10,17,39,92,15,0,0,156,52,0,0,208,0,1609,9554,0,75,0,27,0,135,135,399,399,99b924d66544615d9d0aca50608d1e22196f1e7bb8315e1b0ae99990c88765c2,0,0,0,3,1,26,0,75,0,0,0,0,0,0,92,15,16,10,0,4,87,844,48712,100019,107,26,17,39,1,7,87,844
217,QAZAOND,3,18,52,63,1,1,win,5781,722.625,0,30608,0,30608,-250,7720,0,0,26,30,0,0,0,0,0,2,97,0,99,5481,1450,5481,0,0,3,7,1,135,135,399,399,664617a9fcc0d541c72376cdc914bd02031c9c75f8aaf11b51ac1b33e5b70e97,0,0,0,4,5,2,0,0,3,0,0,1,0,0,0,0,0,0,0,0,70,36,19531,41194,26,46,26,30,2,1,70,36
218,VERYGBLOW,3,18,52,63,1,0,win,7789,973.625,24645,0,24645,0,14819,14547,0,0,29,31,0,0,0,0,1,0,177,0,178,7513,1945,7513,0,35,0,12,1,135,135,399,399,1264eab8181f14e232b60b95a2a3a521ed21820e2281e8c614e578c6525593ba,0,0,0,8,0,12,0,35,0,0,1,0,0,0,0,0,0,0,0,0,33,481,62594,63934,94,20,29,31,0,5,33,481
218,VERYGBLOW,3,18,52,63,1,1,win,7546,943.250,0,32943,0,32943,-250,4608,0,0,25,39,0,0,0,0,0,2,43,0,45,7298,2169,7298,31,0,4,10,1,135,135,399,399,45c0f66187209a934813d2997334f1a88b582c907f20fab2621c279a9c3ebe8a,0,31,0,6,7,3,0,0,4,0,0,1,0,0,0,0,0,0,0,0,76,38,22641,46119,25,46,25,39,3,1,76,38
219,MININICK,3,18,52,63,1,0,ongoing,9600,1200.000,86638,70106,86637,70106,80768,6678,11,13,21,43,94,13,0,0,153,54,0,1,208,0,1089,9530,0,78,0,22,0,135,135,399,399,ea003df004170a1abb6862693911a0885d0e649c2c30e5fa313fc0b29bcb7c4b,0,0,0,0,3,19,0,78,0,0,0,0,0,0,94,13,11,13,1,4,90,657,87118,92612,110,18,21,43,1,6,90,657
219,MININICK,3,18,52,63,1,1,loss,5262,657.750,23557,0,23557,0,1,-189,0,0,28,12,12,0,0,0,24,0,43,0,67,0,1075,5129,2,0,4,9,0,135,135,399,399,92ffe2d7d7c1cfbcf83b6f49d7c8045692be632661e5c67c672e94b7e1f33009,0,2,0,0,9,0,0,0,4,0,0,0,0,0,12,0,0,0,0,0,107,4,31783,15287,26,47,28,12,4,0,107,4
220,HAMLOPHOLE,3,16,59,56,2,0,win,3679,459.875,12856,0,12856,0,5769,14555,0,0,20,21,0,0,1179,1504,3,0,128,0,131,3457,553,3457,3,14,0,0,1,540,900,399,399,d0700128f033e6f4df34798ac1489be6d3cd23c4cb7071f8ebaac465d33c2205,3,0,0,0,0,0,0,14,0,0,1,0,0,0,0,0,0,0,0,0,23,50,53188,32296,97,24,20,21,0,0,23,50
220,HAMLOPHOLE,3,16,59,56,2,1,win,4374,546.750,0,22815,0,22815,3867,4225,0,0,18,23,0,0,1865,1810,0,1,91,0,92,4105,817,4105,0,15,0,0,1,540,900,399,399,b863d1e69fafb94a4b1b38035a386d3a3899b15914d4b549e9361830b2815e8c,0,0,0,0,0,0,11,4,0,0,0,1,0,0,0,0,0,0,0,0,47,26,28521,66850,15,82,18,23,0,0,47,26
221,FUTTEND,3,16,59,56,2,0,win,5993,749.125,28779,0,28779,0,7392,-250,0,0,30,21,0,0,2513,2812,9,0,164,0,173,5825,681,5825,3,31,0,0,1,540,900,399,399,a2f9b3f84306fbcf48d033aa0f181c2570eb73bb6ca3966951de499aa48dfbed,3,0,0,0,0,0,0,31,0,0,1,0,0,0,0,0,0,0,0,0,69,234,57949,40118,104,22,30,21,0,0,69,234
221,FUTTEND,3,16,59,56,2,1,win,4426,553.250,0,32047,0,32047,47,11166,0,0,15,21,0,0,1922,2050,0,2,88,0,90,4177,505,4177,24,11,0,0,1,540,900,399,399,bdc8934b56a3661cdd0e94245d1cb808445b793396fda2563cfbc9655735c567,24,0,1,0,0,0,11,0,0,0,0,1,0,0,0,0,0,0,0,0,187,97,16544,82998,13,110,15,21,0,0,187,97
222,SUZPEME,3,16,59,56,2,0,win,6091,761.375,19919,0,19919,0,4148,-250,0,0,20,22,0,0,2748,2618,1,0,35,0,36,5841,369,5841,9,13,1,0,1,540,900,399,399,1dd5b4ffc0bfbebebc0fa922d2c1575c651edcdddd035fcae84267407a119b10,9,0,1,0,0,0,2,11,1,0,1,0,0,0,0,0,0,0,0,0,75,57,40749,27993,55,27,20,22,0,0,75,57
222,SUZPEME,3,16,59,56,2,1,win,3143,392.875,0,576,0,576,-250,3271,0,0,22,20,0,0,1359,1219,0,1,38,0,39,2857,617,2857,17,9,0,0,1,540,900,399,399,f6b36ea0e6e1e7a79ba4fc37973500fd9962b58da2c031b4bac68c9172f9f98a,17,0,0,0,0,0,8,1,0,0,0,1,0,0,0,0,0,0,0,0,43,8,35384,45964,15,83,22,20,0,0,43,8
223,DOUOZOLD,3,16,59,56,2,0,win,5430,678.750,42137,0,42137,0,19275,-250,0,0,25,18,0,0,2117,2167,4,0,102,0,106,5193,697,5193,4,25,0,0,1,540,900,399,399,2b396a7d61d05235818018a8143f99992f8bea56a577a586834bfa97bc3aa6ae,4,0,0,0,0,0,1,24,0,0,1,0,0,0,0,0,0,0,0,0,69,135,62123,29767,89,27,25,18,0,0,69,135
223,DOUOZOLD,3,16,59,56,2,1,win,4987,623.375,0,34251,0,34251,605,5163,0,0,21,30,0,0,2124,1767,0,2,140,0,142,4729,593,4729,16,19,0,0,1,540,900,399,399,dfd2c969cde49e6bb6d1d239feb8a5e5024547137ff3e4f7956b0930b4dea523,16,0,0,0,0,0,16,3,0,0,0,1,0,0,0,0,0,0,0,0,196,81,36788,57619,21,89,21,30,0,0,196,81
224,SHIWILBOY,3,16,59,56,2,0,win,6308,788.500,28831,0,28831,0,7245,-250,0,0,20,18,0,0,2563,2649,1,0,28,0,29,6057,1079,6057,1,25,0,0,1,540,900,399,399,94eceb2c99b3eefe91cd0b640a36d66aa9ab4f7a3ca35ac94800fd0491f67946,1,0,0,0,0,0,0,25,0,0,1,0,0,0,0,0,0,0,0,0,129,276,59177,25186,85,28,20,18,0,0,129,276
224,SHIWILBOY,3,16,59,56,2,1,win,4347,543.375,0,19624,0,19624,4235,4903,0,0,15,15,0,0,1940,1917,0,3,91,0,94,4121,1465,4121,0,5,0,0,1,540,900,399,399,d6f10d97be9d4f2b3ebc24ef9d33b847d4da9aa072ea12cca640627af479ca1b,0,0,1,0,0,0,5,0,0,0,0,1,0,0,0,0,0,0,0,0,52,93,14900,33382,17,73,15,15,0,0,52,93
225,HURTOGODOR,3,16,58,15,2,0,loss,4390,548.750,0,67523,0,67523,-250,9380,0,30,4,31,0,6,604,1113,0,49,7,0,56,0,1129,4305,0,18,0,10,0,90,135,399,399,19883eadc0300be51f7fac7f866c76e66de58ac3c4decc3448ef46714c7d360b,0,0,0,1,0,10,0,18,0,0,0,0,0,0,0,6,0,30,0,5,0,52,5736,67683,22,15,4,31,0,5,0,52
225,HURTOGODOR,3,16,58,15,2,1,win,4807,600.875,1,102840,0,102840,3965,33955,0,22,11,24,0,128,2184,1573,0,199,8,1,208,0,697,4483,59,3,0,1,0,90,135,399,399,e58bbb981af847dfb2175980b17244e34a30fad16f62a857b78e5d711819d9eb,0,59,0,0,0,1,3,0,0,0,0,0,0,0,0,128,0,22,0,1,35,32,18235,103090,25,128,11,24,0,1,35,32
226,JOSOICK,3,16,58,15,2,0,ongoing,9600,1200.000,43054,5358,43054,5358,3400,852,0,0,27,27,0,0,3459,3233,18,9,175,0,202,9449,1241,9449,0,56,0,16,1,90,135,399,399,c6ff60dbb02d8ddfa5afa786a8014634eaee7c372ed2399e2e951b9d7f69ca4e,0,0,1,2,0,16,1,55,0,0,1,0,0,0,0,0,0,0,0,0,91,798,65755,65123,117,17,27,27,0,5,91,798
226,JOSOICK,3,16,58,15,2,1,win,4309,538.625,0,88385,0,88385,-250,13231,0,25,9,25,0,106,2078,1269,0,183,21,0,204,0,1081,4201,67,1,0,1,0,90,135,399,399,a9509f55a6c5ee5931005b1d1dcaec26d94598ace876d553d9b1594a8aa4a6bd,0,67,0,0,0,1,1,0,0,0,0,0,0,0,0,106,0,25,0,1,43,35,12823,88604,28,117,9,25,0,1,43,35
227,TIMMEHOLE,3,16,58,15,2,0,win,7099,887.375,19325,0,19325,0,16894,-250,0,0,21,23,0,0,2746,3182,1,0,139,0,140,6875,1121,6875,0,30,0,6,1,90,135,399,399,9433f77aaf9378a432117835dd187a8ea9ad0771d94dcd2d9e6d3d74f0aaf837,0,0,11,3,0,6,6,24,0,0,1,0,0,0,0,0,0,0,0,0,60,196,60912,35787,70,22,21,23,0,4,60,196
227,TIMMEHOLE,3,16,58,15,2,1,win,8058,1007.250,0,68429,0,68429,1640,34445,0,26,34,26,0,87,3009,2577,0,177,3,0,180,0,1545,7886,39,43,0,1,0,90,135,399,399,d8641c9e42b45b858494d4d9eaf05bb055c82565bfd6f7d9040f5c780ff59368,0,39,0,1,0,1,42,1,0,0,0,0,0,0,0,87,0,26,0,1,98,41,78940,68525,22,93,34,26,0,1,98,41
228,CALMPLAS,3,16,58,15,2,0,win,2820,352.500,7572,0,7572,0,18552,-250,0,0,22,18,0,0,1106,1152,3,0,115,0,118,2593,865,2593,4,4,0,2,1,90,135,399,399,cd19fb60eb7416b0fbffc96a50f090327b34f2ecc2216eda5f052dd98a8138f0,0,4,0,1,0,2,2,2,0,0,1,0,0,0,0,0,0,0,0,0,18,21,28597,17940,65,21,22,18,0,1,18,21
228,CALMPLAS,3,16,58,15,2,1,win,6968,871.000,0,93689,0,93689,3231,115813,0,41,29,41,0,71,2631,2303,0,149,8,0,157,0,1153,6653,29,34,0,1,0,90,135,399,399,91e54a113eb060f7b44f2bc3e950cd5a5b791ec55b8bff8c33115172970c38b3,0,29,1,2,0,1,32,2,0,0,0,0,0,0,0,71,0,41,0,1,219,51,59101,93689,25,85,29,41,0,1,219,51
229,SCOHIPAL,3,16,58,15,2,0,win,6926,865.750,34611,0,34611,0,4686,-250,0,0,25,29,0,0,2791,2427,4,0,198,0,202,6713,1393,6713,21,23,0,7,1,90,135,399,399,6a292bfd487a09b4221e794219749a45d90170a4339e87b20a32b572100fcb42,0,21,7,4,0,7,3,20,0,0,1,0,0,0,0,0,0,0,0,0,43,300,63856,42275,110,21,25,29,0,6,43,300
229,SCOHIPAL,3,16,58,15,2,1,win,4420,552.500,0,98372,0,98372,-250,25338,0,12,0,12,0,106,1966,974,0,174,9,0,183,0,1315,4011,47,0,0,1,0,90,135,399,399,f1581cd2a2e5955aba1e4f8a46da6b849e515e29f823783f5c9652f956b40fca,0,47,0,0,0,1,0,0,0,0,0,0,0,0,0,106,0,12,0,1,18,23,4138,98559,18,106,0,12,0,1,18,23
230,SWAOUTPIL,0,18,57,63,3,0,win,8123,1015.375,23965,0,23965,0,3035,538,0,0,22,20,0,0,2378,2675,1,0,155,0,156,7786,499,7786,38,18,0,6,1,225,225,399,399,9e00775ad44139789fd4cd20c85054362998eac2916c08add27916eba6a2bb00,10,28,0,1,0,6,4,14,0,0,1,0,0,0,0,0,0,0,0,0,64,332,79243,28903,142,45,22,20,0,3,64,332
230,SWAOUTPIL,0,18,57,63,3,1,win,8187,1023.375,0,5688,0,5688,-250,5469,0,0,20,19,0,0,2654,2235,0,2,175,0,177,7915,634,7915,43,21,0,2,1,225,225,399,399,3c068f38b86dda9c154ec271fd2967e9b7704e844f6cf4882f7e469ea448559d,22,21,0,0,0,2,21,0,0,0,0,1,0,0,0,0,0,0,0,0,173,110,37122,77981,42,117,20,19,0,1,173,110
231,KILLEBOY,0,18,57,63,3,0,win,3499,437.375,9793,0,9793,0,19765,-250,0,0,24,18,0,0,1006,1081,1,0,9,0,10,3244,745,3244,13,2,0,2,1,225,225,399,399,1e29a8b043f78d0ea619033e607ea9163e081ffc10fe7ac54a3ef804d88fc805,10,3,0,1,0,2,0,2,0,0,1,0,0,0,0,0,0,0,0,0,45,37,26475,16022,41,36,24,18,0,1,45,37
231,KILLEBOY,0,18,57,63,3,1,win,4292,536.500,0,46711,0,46711,-121,54169,0,20,18,20,0,99,1327,1224,0,150,18,0,168,0,1153,4105,8,5,0,3,0,225,225,399,399,7da8551738ed12ce7b5a53c897283c7f594005b9ee59e1d2d92374ea31ede917,0,8,0,0,0,3,5,0,0,0,0,0,0,0,0,99,0,20,0,1,31,48,20562,46773,40,112,18,20,0,1,31,48
232,EOAGBDOR,0,18,57,63,3,0,win,3922,490.250,19352,0,19352,0,13623,-250,0,0,14,13,0,0,1090,1115,4,0,97,0,101,3697,1153,3697,3,2,0,0,1,225,225,399,399,6e3d7fa1c58ba478b8a3c290f4ceaf9ad89de71555edd203c3a84e102b1c8b5a,3,0,0,0,0,0,0,2,0,0,1,0,0,0,0,0,0,0,0,0,60,26,31188,15720,48,32,14,13,0,0,60,26
232,EOAGBDOR,0,18,57,63,3,1,ongoing,9600,1200.000,35214,55265,35214,55265,455,11887,0,13,19,15,12,92,3239,2099,17,148,14,0,179,0,1363,9541,31,26,0,1,0,225,225,399,399,83f5fba1275e34ba3fd21bf19c3ccc28cc9cdff63b28549e4e07c215948a108a,0,31,0,0,0,1,26,0,0,0,0,0,0,0,13,92,0,13,0,1,203,91,44579,55265,39,97,19,15,0,1,203,91
233,BURINPAL,0,18,57,63,3,0,ongoing,9600,1200.000,38907,9458,38907,9458,589,11590,0,0,29,28,0,0,2660,3248,29,10,141,0,180,9466,761,9466,40,22,0,12,1,225,225,399,399,6123f1fb1ed95aa7a652fa1816875a355e7d0a906b12a80ba5f06d78cf60ad69,40,0,0,0,0,12,5,17,0,0,1,0,0,0,0,0,0,0,0,0,49,397,50106,36016,109,45,29,28,0,5,49,397
233,BURINPAL,0,18,57,63,3,1,win,6535,816.875,0,22998,0,22998,-250,22829,0,0,20,18,0,0,1984,1904,0,1,73,0,74,6274,785,6274,35,12,0,4,1,225,225,399,399,790debfe664e151c27c6840c9c9bd38259059d06f0434dc7344d6c3b96af2866,22,13,0,0,0,4,10,2,0,0,0,1,0,0,0,0,0,0,0,0,124,122,23033,43688,36,75,20,18,0,1,124,122
234,MORLOPPERT,0,18,57,63,3,0,ongoing,9600,1200.000,38647,60971,38646,60971,3696,2747,9,2,13,32,86,28,2725,3089,137,46,14,1,198,0,1009,9517,16,50,0,13,0,225,225,399,399,3c1233c14ddbc65a4c0bfe2eb0b3dbdac32a635f5c8357116c77c96d4ca4f1b6,16,0,0,0,0,13,1,49,0,0,0,0,0,0,86,28,9,2,0,4,29,397,38647,63812,91,36,13,32,0,4,29,397
234,MORLOPPERT,0,18,57,63,3,1,win,6971,871.375,0,47784,0,47784,-250,7057,0,0,20,16,0,0,2308,2142,0,2,150,0,152,6721,994,6721,19,14,0,3,1,225,225,399,399,6f067269db169da503199acef790a7933a3fb922f20a8e18f972a5b02bbdd5cc,14,5,0,0,0,3,13,1,0,0,0,1,0,0,0,0,0,0,0,0,166,160,32984,57706,34,86,20,16,0,1,166,160
235,NIMTLAS,0,16,56,63,2,0,ongoing,9600,1200.000,59049,10104,59048,10104,26462,2029,11,4,27,44,64,11,4246,3576,141,25,36,1,203,0,1067,9597,0,65,0,10,0,225,225,399,399,659010b10839338ce6f16667d0e183801b45b02cca7d318e32ad1a6c0f9d9f86,0,0,0,3,0,10,7,58,0,0,0,0,0,0,65,11,11,4,0,1,127,647,60106,60188,123,25,27,44,0,5,127,647
235,NIMTLAS,0,16,56,63,2,1,win,9523,1190.375,0,3700,0,3700,381,4293,0,0,26,26,0,0,4157,3472,0,1,53,0,54,9233,481,9233,23,30,1,5,1,225,225,399,399,05f680df9156f8ac8e3041c59e1e09b334b9e962c464368dda485683fa5a59cb,0,23,0,0,0,5,27,3,0,1,0,1,0,0,0,0,0,0,0,0,134,124,36939,70778,33,82,26,26,0,1,134,124
236,BILPEAL,0,16,56,63,2,0,win,4496,562.000,17919,0,17919,0,12913,-250,0,0,21,32,0,0,1846,1992,2,0,98,0,100,4273,1401,4273,18,12,0,3,1,225,225,399,399,bd4fe1dd05e7447626c3f4fc21bedf3476f0ed09ba5c5646fda7cfb3c0b2687e,0,18,0,1,0,3,4,8,0,0,1,0,0,0,0,0,0,0,0,0,22,67,54108,34884,86,24,21,32,0,3,22,67
236,BILPEAL,0,16,56,63,2,1,win,6240,780.000,0,33360,0,33360,-250,11742,0,0,23,22,0,0,2985,2305,0,2,173,0,175,6001,1073,6001,10,19,0,6,1,225,225,399,399,fd335f5c705001da2b397969499e183670fd07294ebd74b4f2c59605508bd0c2,0,10,0,0,0,6,19,0,0,0,0,1,0,0,0,0,0,0,0,0,181,137,20744,52030,33,97,23,22,0,1,181,137
237,RINGEAPIL,0,16,56,63,2,0,loss,6301,787.625,0,97332,0,97332,-250,3328,0,51,12,51,0,3,1854,2035,0,68,47,0,115,0,953,6285,52,29,0,13,0,225,225,399,399,6564921f44a872e892d1f7efe0e15e5e8282b3663496b096249fcad0fed40e44,0,52,0,2,0,13,2,27,0,0,0,0,0,0,0,3,0,51,0,4,1,231,21227,97378,49,16,12,51,0,7,1,231
237,RINGEAPIL,0,16,56,63,2,1,win,3355,419.375,0,6703,0,6703,-250,16312,0,0,27,24,0,0,1325,1183,0,2,51,0,53,3105,777,3105,11,5,0,2,1,225,225,399,399,aa1ad3c1e6c50bceeee17dd8e59ffd8c8eefcff8ceed5de3adb7926527e49144,0,11,0,0,0,2,5,0,0,0,0,1,0,0,0,0,0,0,0,0,1,23,23576,32454,34,52,27,24,0,1,1,23
238,WEAVIKEJOB,0,16,56,63,2,0,win,9019,1127.375,31937,0,31937,0,16063,-250,0,0,18,24,0,0,3611,4281,1,0,123,0,124,8745,1161,8745,47,30,0,4,1,225,225,399,399,fe7a8767bf6fb36138dd79373bb2334a25c1eda25bf18fe3c16751e5a95bc1e3,0,47,0,1,0,4,5,25,0,0,1,0,0,0,0,0,0,0,0,0,112,390,89305,39658,141,28,18,24,0,3,112,390
238,WEAVIKEJOB,0,16,56,63,2,1,win,5965,745.625,0,34233,0,34233,613,4679,0,0,19,23,0,0,2270,2223,0,3,95,0,98,5737,1521,5737,5,11,0,1,1,225,225,399,399,b85479f2acc441f41659b1985efb3ee9c69b1118fc5a4d9fb16addde6704b018,0,5,0,0,0,1,11,0,0,0,0,1,0,0,0,0,0,0,0,0,108,63,20907,44630,28,69,19,23,0,1,108,63
239,ALPOGOLIN,0,16,56,63,2,0,ongoing,9600,1200.000,48460,15756,48460,15756,47955,324,30,0,30,23,76,0,3738,3894,148,3,19,0,170,0,761,9509,33,37,0,9,0,225,225,399,399,0356eee53948cdad046e35344f8c2b25aafda3081d13a5e3843fe6d78e9a0b2c,0,33,0,0,0,9,5,32,0,0,0,0,0,0,76,0,30,0,0,1,89,582,48463,36793,100,31,30,23,0,6,89,582
239,ALPOGOLIN,0,16,56,63,2,1,win,4104,513.000,0,20625,0,20625,-250,23824,0,0,21,13,0,0,1920,991,0,4,155,0,159,3889,737,3889,8,6,0,2,1,225,225,399,399,e950ea301033f768e38049229698bfc3a202c0e3886cef893c879ff4b7bb3db5,0,8,0,0,0,2,6,0,0,0,0,1,0,0,0,0,0,0,0,0,43,64,23388,42893,37,86,21,13,0,1,43,64
240,BADOPAL,2,16,51,15,2,0,loss,6567,820.875,3,159981,0,159981,-250,1540,0,57,5,58,0,4,1090,2144,0,85,21,3,109,0,3129,6548,0,4,0,8,0,135,135,399,399,dd6805d7cf6ceb7c286e0853efef46c7268c4ba89b31210849e38a508d32a28c,0,0,0,0,0,8,0,4,0,0,0,0,0,0,0,4,0,57,0,3,4,114,10384,160241,34,13,5,58,0,3,4,114
240,BADOPAL,2,16,51,15,2,1,loss,8054,1006.750,34530,0,34530,0,508,-250,1,0,34,28,9,0,3307,2508,22,0,64,0,86,0,4311,7589,2,0,2,0,0,135,135,399,399,b5c842c4d6052f67b193b9ae8b27bb49ba85722375e15a637cc3a4cb5240bdea,0,2,1,0,0,0,0,0,2,0,0,0,0,0,9,0,1,0,0,0,60,19,72576,17674,26,39,34,28,0,0,60,19
241,IMMMEPERT,2,16,51,15,2,0,ongoing,9600,1200.000,47655,29247,47655,29247,39991,4716,20,23,26,34,104,10,3144,4475,141,35,6,0,182,0,3673,9297,25,3,0,7,0,135,135,399,399,d43dc3dd36e3128bd1f432761079ae4ee5e3aa30812df7ed637d278692ac4d0e,25,0,0,0,0,7,0,3,0,0,0,0,0,0,104,10,20,23,0,1,27,160,50197,55398,111,32,26,34,0,4,27,160
241,IMMMEPERT,2,16,51,15,2,1,ongoing,9600,1200.000,3001,212572,3001,212572,21549,6178,0,57,36,57,1,100,3399,2963,2,183,7,0,192,0,2185,9505,84,0,0,5,0,135,135,399,399,1bcb769ec77205020783fe758cdd61031f2d2dc38f4bc9affffa8b991a38aa74,2,82,0,0,0,5,0,0,0,0,0,0,0,0,1,100,0,57,0,1,25,29,57981,212699,29,105,36,57,0,2,25,29
242,HOBMPOUT,2,16,51,15,2,0,loss,5325,665.625,1,121902,0,121902,-250,3178,0,64,2,64,0,7,692,1779,0,79,2,1,82,0,2769,5201,0,2,0,4,0,135,135,399,399,152e2f71c2a13a0e27bfe9a003039bf5af3aca3ef4f49974ff282554afb69ee7,0,0,0,0,0,4,0,2,0,0,0,0,0,0,0,7,0,64,0,1,0,34,2527,122003,16,11,2,64,0,3,0,34
242,HOBMPOUT,2,16,51,15,2,1,ongoing,9600,1200.000,35532,88506,35532,88506,36841,803,4,59,31,59,11,41,4318,3066,26,112,7,0,145,0,1793,9549,42,0,1,0,0,135,135,399,399,dcd986d99e17d8703fc0d4e877cbde3cefbcf1aa157dd374e2f9fe72d5784dc8,1,41,0,0,0,0,0,0,1,0,0,0,0,0,11,41,4,59,0,0,94,49,40166,88506,31,79,31,59,0,0,94,49
243,BUGHIPT,2,16,51,15,2,0,loss,4938,617.250,2,71131,0,71131,-250,8644,0,38,5,38,0,7,731,1222,0,51,22,2,75,0,2993,4462,0,2,0,3,0,135,135,399,399,e6be5c0343d7189dea777cb64b981740b301edd1f67e64641d97229d9d939c1a,0,0,0,0,0,3,0,2,0,0,0,0,0,0,0,7,0,38,0,1,0,36,5399,71159,17,11,5,38,0,2,0,36
243,BUGHIPT,2,16,51,15,2,1,ongoing,9600,1200.000,56782,3829,56782,3829,2320,38,5,4,43,23,19,6,3111,2679,34,13,36,0,83,0,2785,8943,2,0,2,0,0,135,135,399,399,cd2afd394eb974a8bea4e17927c975f6bab3500cd1bd20108909ae9855b786d8,1,1,0,0,0,0,0,0,2,0,0,0,0,0,19,6,5,4,0,0,33,15,91979,16108,24,35,43,23,0,0,33,15
244,SHADQAZBAR,2,16,51,15,2,0,loss,4766,595.750,1,79665,0,79665,-250,6488,0,41,5,41,0,3,684,1632,0,54,10,1,65,0,2769,4521,4,1,0,1,0,135,135,399,399,00b7e3b02528bfb7d97a04627db122d4ae62abf9e908abf8ba76d91d38940462,0,4,0,1,0,1,0,1,0,0,0,0,0,0,0,3,0,41,0,1,0,17,5322,79782,11,13,5,41,0,1,0,17
244,SHADQAZBAR,2,16,51,15,2,1,win,8813,1101.625,0,166081,0,166081,3548,7251,0,84,32,84,0,78,3711,3359,0,185,7,0,192,0,2793,8693,67,0,0,1,0,135,135,399,399,426afeb8d843404935b24cdae5897c7304e7880e8a4de13bd31b710659713156,0,67,2,0,0,1,0,0,0,0,0,0,0,0,0,78,0,84,0,0,59,56,49314,196073,35,89,32,84,0,1,59,56
245,COREJOB,1,16,50,4,2,0,win,7099,887.375,31918,0,31918,0,19332,105026,0,0,48,24,0,0,2822,1801,1,0,72,0,73,6857,6857,6857,0,0,0,0,1,135,135,399,399,8175bb5528b57d36c63d561112aebc646e1471d07a602494b0c47a0181b9720a,0,0,0,0,0,0,0,0,0,0,1,0,0,0,0,0,0,0,0,0,143,116,96880,26752,32,19,48,24,0,0,143,116
245,COREJOB,1,16,50,4,2,1,ongoing,9600,1200.000,5609,22480,5609,22480,26,104241,1,11,27,20,15,24,4744,2319,18,45,79,0,142,0,3819,9589,0,0,2,9,0,135,135,399,399,7e231f4f43d71b2ee0a60034416186c4aff8672f7ba398c489d7f296098810c0,0,0,0,0,0,9,0,0,2,0,0,0,0,0,15,24,1,11,0,1,61,59,54742,38027,24,70,27,20,0,1,61,59
246,BINGBLIN,1,16,50,4,2,0,win,7356,919.500,14131,0,14131,0,9377,38010,0,0,29,31,0,0,2440,2301,1,0,166,0,167,7129,2858,7129,0,0,0,15,1,135,135,399,399,24cd24b52980cd7594b1d7b577e50399d028da3c1fda5743fb12af89eb3b3c38,0,0,6,0,0,15,0,0,0,0,1,0,0,0,0,0,0,0,0,0,11,178,63590,49393,86,20,29,31,0,4,11,178
246,BINGBLIN,1,16,50,4,2,1,ongoing,9600,1200.000,6431,204028,6431,204028,13528,201327,1,60,32,60,8,84,4372,3655,14,178,9,0,201,0,2835,9375,0,0,1,12,0,135,135,399,399,74144c8afba40f7e84344c333e040d045c0ef68855bddbc918af3e8b06355f1e,0,0,3,0,0,12,0,0,1,0,0,0,0,0,8,84,1,60,0,2,88,95,56628,204028,27,85,32,60,0,2,88,95
247,SADINDON,1,16,50,4,2,0,ongoing,9600,1200.000,48806,85373,48804,85373,29374,77552,21,25,27,38,73,10,3638,2930,118,53,2,2,175,0,2769,9167,0,0,0,32,0,135,135,399,399,96fb625e576718f0597a9160aafba92d27d7aa793af1d96a52abfa44ceac122c,0,0,2,0,0,32,0,0,0,0,0,0,0,0,73,10,21,25,0,6,23,522,49435,101014,86,16,27,38,0,7,23,522
247,SADINDON,1,16,50,4,2,1,ongoing,9600,1200.000,2276,165592,2276,165592,16023,225144,3,36,35,36,0,128,4264,3972,5,203,0,0,208,0,3807,8353,0,0,1,6,0,135,135,399,399,6087e7ad438087ac3ebab4a1a7b8317e0296c933cc6ec3ab35c98ba8136308b6,0,0,2,0,0,6,0,0,1,0,0,0,0,0,0,128,3,36,0,2,85,115,52903,165592,31,129,35,36,0,2,85,115
248,LOWLOPMAR,1,16,50,4,2,0,ongoing,9600,1200.000,9819,16564,9819,16564,17212,9616,0,0,46,29,0,0,2684,1219,2,1,164,0,167,6515,2201,6515,0,0,0,17,1,135,135,399,2700,77aafacac3de693284070d1e818b20dd31c8b5f9942b045141f4bd5435108449,0,0,4,0,0,17,0,0,0,0,1,0,0,0,0,0,0,0,0,0,11,152,99575,60259,62,19,46,29,0,6,11,152
248,LOWLOPMAR,1,16,50,4,2,1,ongoing,9600,1200.000,63702,609,63702,609,28724,55532,35,0,61,50,27,0,4051,2978,68,4,46,0,118,0,4393,7379,0,0,2,3,0,135,135,399,2700,80b961af9de098a8a1d349917d80d7272f20f8ee27086ddf9d9ac8f9aae804a3,0,0,7,0,0,3,0,0,2,0,0,0,0,0,28,0,35,0,0,0,37,26,121478,65881,30,41,61,50,0,1,37,26
249,QAZTOUT,1,16,50,4,2,0,win,8272,1034.000,9241,0,9241,0,37478,85677,0,0,26,43,0,0,2988,2209,2,0,204,0,206,8031,2251,8031,0,0,0,22,1,135,135,399,2700,9e0fd120e78b22b187b5d8e2103a34c4cbf7f975706afb4bf50e9f85643208bc,0,0,1,0,0,22,0,0,0,0,1,0,0,0,0,0,0,0,0,0,40,429,81721,88506,120,13,26,43,0,7,40,429
249,QAZTOUT,1,16,50,4,2,1,win,4154,519.250,0,23033,0,23033,-250,36646,0,17,31,22,0,2,1258,1471,0,27,98,0,125,0,3359,3687,0,0,1,2,0,135,135,399,2700,4af5a0802b8a02d40fa14acced80e3c4e7b6b7deb4c1f7326648edba3e5fd00b,0,0,0,0,0,2,0,0,1,0,0,0,0,0,0,2,0,17,0,1,12,7,44695,44072,14,55,31,22,0,1,12,7
250,VERYOXT,0,16,49,5,3,0,win,4870,608.750,27529,0,27529,0,19372,-250,0,0,26,17,0,0,1562,1591,6,0,141,0,147,4627,730,4627,66,0,0,3,1,450,225,399,2700,6330ab4fd144aeac47073b7829e3266bf32c4efa614c71e72471df24416d4f1b,20,46,0,0,0,3,0,0,0,0,1,0,0,0,0,0,0,0,0,0,44,97,46612,18416,74,39,26,17,0,1,44,97
250,VERYOXT,0,16,49,5,3,1,win,5379,672.375,0,94614,0,94614,1849,21979,0,44,11,44,0,88,1822,1759,0,171,18,0,189,0,739,5194,108,0,0,1,0,450,225,399,2700,44f3b83115c69e225140907004af449ebef91c28e02d9724a7c2c4484ed4eaf9,27,81,0,0,0,1,0,0,0,0,0,0,0,0,0,88,0,44,0,1,80,48,22055,95541,43,106,11,44,0,1,80,48
251,MINEABAR,0,16,49,5,3,0,win,8196,1024.500,18950,0,18950,0,22429,-250,0,0,20,28,0,0,2624,2541,1,0,108,0,109,7933,377,7933,155,0,0,10,1,450,225,399,2700,ccb90298a7338551456e235fd65143855c00ed722f1c6b5ccf575f3b7e97c2a0,23,132,0,0,0,10,0,0,0,0,1,0,0,0,0,0,0,0,0,0,45,260,77767,31656,140,37,20,28,0,3,45,260
251,MINEABAR,0,16,49,5,3,1,win,6216,777.000,0,124792,0,124792,1281,32019,0,58,3,58,0,66,2210,1855,0,162,10,0,172,0,274,6028,152,0,0,1,0,450,225,399,2700,3d3afef1e2b2c517aec9f3533b34ab1da8776784b7464d7f4d64cdf7fb3614b1,5,147,0,0,0,1,0,0,0,0,0,0,0,0,0,67,0,57,0,1,68,78,17878,124792,40,84,3,58,0,1,68,78
252,HAMIKEER,0,16,49,5,3,0,win,3954,494.250,23299,0,23299,0,25686,-250,0,0,27,12,0,0,1182,1186,3,0,153,0,156,3673,521,3673,38,0,0,2,1,450,225,399,2700,707f05b3af08f984abec3881102c27e10300444427d27fddc24c2d6e3fc04436,8,30,0,0,0,2,0,0,0,0,1,0,0,0,0,0,0,0,0,0,29,119,46175,19679,95,32,27,12,0,2,29,119
252,HAMIKEER,0,16,49,5,3,1,win,5404,675.500,0,102375,0,102375,-243,6034,0,44,4,44,0,57,1828,1765,0,132,22,0,154,0,889,5353,111,0,0,0,0,450,225,399,2700,809aae67b8b61110b4ed9d82296ca4d620344aef93a9be064025bb795f79af95,11,100,0,0,0,0,0,0,0,0,0,0,0,0,0,57,0,44,0,0,82,47,14593,102397,38,82,4,44,0,0,82,47
253,FUTOGOING,0,16,49,5,3,0,win,3912,489.000,20725,0,20725,0,5615,-250,0,0,24,8,0,0,1228,1072,5,0,77,0,82,3682,673,3682,26,0,0,0,1,450,225,399,2700,d47ca339f09c41d7c530a62724c43df40ecd025451b45278e2c977a25114a60c,7,19,0,0,0,0,0,0,0,0,1,0,0,0,0,0,0,0,0,0,94,48,25062,6053,48,23,24,8,0,0,94,48
253,FUTOGOING,0,16,49,5,3,1,win,4352,544.000,0,48387,0,48387,611,10404,0,12,7,12,0,69,1606,1449,0,113,4,0,117,0,1051,4102,32,0,0,1,0,450,225,399,2700,1c90048cdda1ca8fc7ff1728b06fe095598686f7705cb5a08c1a717e5e0e3490,4,28,0,0,0,1,0,0,0,0,0,0,0,0,0,69,0,12,0,1,31,32,7459,48703,29,69,7,12,0,1,31,32
254,SUZODON,0,16,49,5,3,0,win,3981,497.625,13269,0,13269,0,22326,-250,0,0,15,19,0,0,1037,1245,1,0,113,0,114,3723,649,3723,32,0,0,1,1,450,225,399,2700,db0d14d0dc3c0da977f950630d063308f6969bac84cdc5aa24ff636927007799,6,26,0,0,0,1,0,0,0,0,1,0,0,0,0,0,0,0,0,0,58,72,35108,15164,97,32,15,19,0,1,58,72
254,SUZODON,0,16,49,5,3,1,win,4623,577.875,1,93633,0,93633,-250,21063,0,38,9,38,0,90,1497,1459,0,161,30,1,192,0,883,4441,71,0,0,1,0,450,225,399,2700,6a62f7929c252594e4931ccabfac27d3db7f4beba6992c4dad6094da1f3436da,16,55,0,0,0,1,0,0,0,0,0,0,0,0,0,90,0,38,0,1,59,27,17896,93714,35,128,9,38,0,1,59,27
255,DOUMEMAR,0,16,48,15,2,0,ongoing,9600,1200.000,26024,106483,26023,106483,28951,6957,20,27,21,42,55,8,3457,3811,123,44,15,1,183,0,481,9541,50,50,0,14,0,450,225,399,2700,6ab94f3957e4903f896121ffb4ad6e72cd002d11f815c6dbd95b5a9d6cbcd2b8,0,50,0,1,0,14,0,50,0,0,0,0,0,0,56,8,20,27,0,4,50,417,26344,106512,86,19,21,42,0,5,50,417
255,DOUMEMAR,0,16,48,15,2,1,ongoing,9600,1200.000,16728,110640,16728,110640,17278,2741,0,16,10,34,8,51,4695,4653,12,100,35,0,147,0,571,9545,127,1,1,0,0,450,225,399,2700,7653a6ae753c5e3563c96b5e79b1025f1a34771b32e6181132eca8a75281a566,0,127,0,0,0,0,0,1,1,0,0,0,0,0,8,51,0,16,0,0,113,57,23608,110640,39,78,10,34,0,0,113,57
256,SHIMPLUG,0,16,48,15,2,0,ongoing,9600,1200.000,33654,43273,33654,43273,63462,1703,15,0,17,33,75,0,3769,3691,123,7,13,0,143,0,1145,9533,0,42,0,9,0,450,225,399,2700,0118d3947b41ee3d2a21815f7e2c6dc9ed3d32c692feb80f856dedeba88e6cd8,0,0,0,1,0,9,0,42,0,0,0,0,0,0,75,0,15,0,0,4,73,367,36189,66718,82,23,17,33,0,4,73,367
256,SHIMPLUG,0,16,48,15,2,1,ongoing,9600,1200.000,250,164197,250,164197,5451,56008,0,91,21,91,0,29,4452,4455,1,137,7,0,145,0,1265,9353,209,0,2,1,0,450,225,399,2700,9794e496ed33deebd302613bcffb127bb0f9663bf9f7ddae27ea948f4691704a,0,209,0,0,0,1,0,0,2,0,0,0,0,0,0,29,0,91,0,1,67,45,35070,164197,32,43,21,91,0,1,67,45
257,HURTKOPHILL,0,16,48,15,2,0,ongoing,9600,1200.000,213,121970,213,121970,-113,4193,0,44,18,44,2,0,2089,2917,6,55,60,0,121,0,977,9589,0,48,1,19,0,450,225,399,2700,1390939a3ffec115c91cb6746ccc2ece59e3e826f6416974432e679e61e9e272,0,0,0,6,0,19,0,48,1,0,0,0,0,0,2,0,0,44,0,6,6,285,35200,121970,65,30,18,44,0,6,6,285
257,HURTKOPHILL,0,16,48,15,2,1,win,8695,1086.875,1,143447,0,143447,-250,2337,0,36,16,37,0,20,4256,4186,0,66,23,1,90,0,1281,8673,201,0,1,1,0,450,225,399,2700,eacd4294216a6231043191a66798d90b07a1b4a7d734cdf80ef0c0d890e85fa6,0,201,0,0,0,1,0,0,1,0,0,0,0,0,0,20,0,36,0,1,9,103,20335,143479,31,28,16,37,0,1,9,103
258,JOSQAZMET,0,16,48,15,2,0,win,7894,986.750,4625,0,4625,0,13073,-250,0,0,22,32,0,0,3612,3454,2,0,118,0,120,7657,785,7657,35,17,1,3,1,450,225,399,2700,f467959e8c870c329e41777180c21e9d08fd2aed1c4068abd089c515a7aad111,0,35,0,2,0,3,0,17,1,0,1,0,0,0,0,0,0,0,0,0,86,146,69016,38192,79,27,22,32,0,2,86,146
258,JOSQAZMET,0,16,48,15,2,1,win,7203,900.375,1,86605,0,86605,14105,48908,0,39,13,39,0,59,3449,3266,0,123,5,1,129,0,353,6757,85,0,1,1,0,450,225,399,2700,fed2d1e7f64e3e9acac1376fd9ef77b5f0225fd0d732a67da85a4e912359d44b,0,85,0,0,0,1,0,0,1,0,0,0,0,0,0,59,0,39,0,1,62,53,19943,90864,43,62,13,39,0,1,62,53
259,TIMEER,0,16,48,15,2,0,win,3921,490.125,18854,0,18854,0,5779,7185,0,0,22,19,0,0,1668,1646,2,0,34,0,36,3665,1025,3665,10,4,0,0,1,450,225,399,2700,0e4d65861a1602e5b7162f7190efe6fec60ca9af55f1a930ffc70903efdf785a,0,10,0,1,0,0,0,4,0,0,1,0,0,0,0,0,0,0,0,0,45,49,32604,13219,43,17,22,19,0,0,45,49
259,TIMEER,0,16,48,15,2,1,win,2417,302.125,0,16740,0,16740,-250,8027,0,5,0,5,0,29,1161,1192,0,43,6,0,49,0,1155,1753,4,0,0,0,0,450,225,399,2700,4d37b291e28b643dedddab4cfaefd5d412122ec039fba8ecaf125b353ab888fa,0,4,0,0,0,0,0,0,0,0,0,0,0,0,0,29,0,5,0,0,5,20,813,16750,9,34,0,5,0,0,5,20
260,CALGBING,1,16,4,4,1,0,win,7689,961.125,132004,2,132004,0,98295,-250,69,0,70,24,39,0,0,0,129,0,18,2,149,0,1612,6330,0,0,0,18,0,225,225,399,2700,eda6fb72a0bc6c3e6052f578c101378d3aab3d8e706f05b022399b619e73483a,0,0,0,0,3,15,0,0,0,0,0,0,0,0,39,0,69,0,1,0,53,158,132022,24089,56,13,70,24,2,4,53,158
260,CALGBING,1,16,4,4,1,1,win,9351,1168.875,0,100794,0,100794,31983,88562,0,46,24,46,0,98,0,0,0,173,18,0,191,0,1793,8442,0,0,0,25,0,225,225,399,2700,1998ee2f6655e935e414f149a476359f31ab703057ecb33d59ef6f9d0473f848,0,0,0,0,19,6,0,0,0,0,0,0,0,0,0,98,0,46,0,1,347,83,31691,101090,15,109,24,46,5,2,347,83
261,SCOINORD,1,16,4,4,1,0,win,7803,975.375,143118,0,143118,0,214104,7895,51,0,52,27,92,0,0,0,178,0,13,0,191,0,2281,7669,0,0,0,11,0,225,225,399,2700,7b70a25557f72010b11fed2069d42924437822febb42268a65fad00b002e0795,0,0,0,0,7,4,0,0,0,0,0,0,0,0,93,0,50,0,1,0,145,83,143280,23441,93,16,52,27,1,2,145,83
261,SCOINORD,1,16,4,4,1,1,ongoing,9600,1200.000,32000,230288,32000,230288,30381,278359,0,56,34,56,0,97,0,0,1,190,4,0,195,0,2210,5646,0,0,0,11,0,225,225,399,2700,42c757ca5cddcacc24735b6bcbeddf6da7120b158bb984ebb2b6f65968142b19,0,0,0,0,9,2,0,0,0,0,0,0,0,0,0,97,0,56,1,1,103,82,44943,230288,14,99,34,56,5,1,103,82
262,SWALOPCON,1,16,4,4,1,0,ongoing,9600,1200.000,348820,2,348820,2,439729,17457,79,0,80,17,80,0,0,0,196,1,5,0,202,0,1610,3856,0,0,0,6,0,225,225,399,2700,caa7f9cbdc5c7937bc1e13c1257f067fd2b637f406583b35493f6c8d54ede0c6,0,0,0,0,1,5,0,0,0,0,0,0,0,0,80,0,79,0,1,0,129,105,348820,15815,82,13,80,17,1,2,129,105
262,SWALOPCON,1,16,4,4,1,1,ongoing,9600,1200.000,60768,313055,60768,313055,52641,316181,10,49,25,49,5,126,0,0,21,187,0,0,208,0,1999,4378,0,0,0,5,0,225,225,399,2700,a9aa8401d2db541d6e8055c3ecb5c91702eb05e3d868faeaf271055cbb910a0e,0,0,0,0,4,1,0,0,0,0,0,0,0,0,7,126,10,49,1,1,87,80,60804,313055,11,131,25,49,3,1,87,80
263,KILLYLUG,1,16,4,4,1,0,win,4925,615.625,146075,1,146075,0,102904,-250,83,0,83,15,27,0,0,0,131,0,6,1,138,0,1569,4263,0,0,0,4,0,225,225,399,2700,8e05f73de6182aa6fffa9ccf72e14dff1342dfc7228ace8994f735b4197c8e8f,0,0,0,0,1,3,0,0,0,0,0,0,0,0,27,0,83,0,1,0,103,42,146305,11069,42,13,83,15,1,2,103,42
263,KILLYLUG,1,16,4,4,1,1,win,4357,544.625,2,96619,0,96619,-250,85003,0,46,16,46,0,69,0,0,0,134,11,2,147,0,2371,3352,0,0,0,2,0,225,225,399,2700,49994b6150885b5921568b5ae5f7b67256ed4e4ed65543b34c46e081bc5a6c2d,0,0,0,0,0,2,0,0,0,0,0,0,0,0,0,69,0,46,0,1,3,57,7531,96771,16,71,16,46,0,1,3,57
264,EOAOXHILL,1,16,4,4,1,0,win,9519,1189.875,208366,1,208366,0,208467,-250,75,0,75,23,63,0,0,0,161,0,14,1,176,0,1399,8386,0,0,0,22,0,225,225,399,2700,12c53b81c9d047ec06580e04f3024a8384e42b9f5c61f1d2516d672cb27dff9c,0,0,0,0,6,16,0,0,0,0,0,0,0,0,63,0,75,0,1,0,137,271,208794,29837,74,13,75,23,1,4,137,271
264,EOAOXHILL,1,16,4,4,1,1,win,8045,1005.625,1,69875,0,69875,10202,146884,0,28,22,28,0,117,0,0,0,170,13,1,184,0,2433,7827,0,0,0,14,0,225,225,399,2700,3ba50460bad96e6e2b0cf0190fadf4c8813ec55d8bc737c449f1c1a5a1101992,0,0,0,0,10,4,0,0,0,0,0,0,0,0,0,117,0,28,0,1,158,52,27354,70023,15,128,22,28,4,1,158,52
265,BUREAMET,3,16,11,32,1,0,loss,2209,276.125,0,17465,0,17465,-250,4621,0,0,4,22,0,0,0,0,0,2,102,0,104,1913,1913,1913,0,0,0,0,1,45,270,399,2700,ff1198918bf0e3e057ff7b8be5e9029c7463b3ee59d0f55eacd7bcceabecf418,0,0,0,0,0,0,0,0,0,0,0,1,0,0,0,0,0,0,0,0,0,4,7217,26548,33,15,4,22,0,0,0,4
265,BUREAMET,3,16,11,32,1,1,win,4167,520.875,0,2494,0,2494,7222,5306,0,0,24,16,0,0,0,0,0,1,94,0,95,3897,1793,3897,0,13,0,0,1,45,270,399,2700,ed7b9ee606390508eb58f2fd7a27bfa7d0fd3a6f32b1f89b3b18699ed3e3eee0,0,0,4,0,0,0,13,0,0,0,0,1,0,0,0,0,0,0,0,0,90,40,28183,43812,26,95,24,16,0,0,90,40
266,MORIKEED,3,16,11,32,1,0,loss,2154,269.250,0,23634,0,23634,-250,4424,0,0,0,22,0,0,0,0,0,1,42,0,43,1785,1785,1785,0,0,0,0,1,45,270,399,2700,0b447f1792b44b2d962ff38aaab319d79f2d2cd97842b904780218cbbb23b1ed,0,0,0,0,0,0,0,0,0,0,0,1,0,0,0,0,0,0,0,0,0,2,4117,26999,23,11,0,22,0,0,0,2
266,MORIKEED,3,16,11,32,1,1,loss,9057,1132.125,1247,0,1247,0,9810,92133,0,0,29,25,0,0,0,0,1,0,111,0,112,8801,2169,8801,0,53,0,0,1,45,270,399,2700,ae56a802858f5b7703dc3facf9f1722e134ffc7fcf5ea1830a2e6dd360cec773,0,0,3,0,0,0,53,0,0,0,0,1,0,0,0,0,0,0,0,0,103,50,68642,58804,19,84,29,25,0,0,103,50
267,NIMOGOHAM,3,16,11,32,1,0,loss,1700,212.500,0,19791,0,19791,-250,7337,0,0,4,26,0,0,0,0,0,1,37,0,38,1433,1433,1433,0,0,0,0,1,45,270,399,2700,053c7e363b08074e29af64b4b4111b60b717609da701c93a0a0586f1481b54f8,0,0,0,0,0,0,0,0,0,0,0,1,0,0,0,0,0,0,0,0,0,2,3975,24829,15,5,4,26,0,0,0,2
267,NIMOGOHAM,3,16,11,32,1,1,win,4771,596.375,0,19746,0,19746,8878,3122,0,0,18,18,0,0,0,0,0,1,60,0,61,4441,1521,4441,12,5,0,0,1,45,270,399,2700,07d0f7b27d367f86962c7618c1d23654e85c9033402e103cdb1a186da2df54b1,12,0,2,0,0,0,5,0,0,0,0,1,0,0,0,0,0,0,0,0,68,59,15116,39404,20,90,18,18,0,0,68,59
268,BILOORD,3,16,11,32,1,0,loss,1847,230.875,0,15659,0,15659,-250,4193,0,0,18,27,0,0,0,0,0,1,47,0,48,1553,649,1553,10,0,0,0,1,45,270,399,2700,799d3e6ba62023d1494f700073c99c3000f750a8968ccde6133bab46772a8fe9,10,0,0,0,0,0,0,0,0,0,0,1,0,0,0,0,0,0,0,0,0,1,9923,26583,5,12,18,27,0,0,0,1
268,BILOORD,3,16,11,32,1,1,win,2295,286.875,0,13135,0,13135,-234,7736,0,0,22,23,0,0,0,0,0,1,88,0,89,2017,913,2017,3,2,0,0,1,45,270,399,2700,6df2c375a0d6d30d2631126773538b38085887d512134526cbf4ecd82e7e09ef,3,0,3,0,0,0,2,0,0,0,0,1,0,0,0,0,0,0,0,0,14,23,15977,29443,11,38,22,23,0,0,14,23
269,RINGDECON,3,16,11,32,1,0,loss,2220,277.500,0,14732,0,14732,-128,4479,0,0,11,20,0,0,0,0,0,2,56,0,58,1793,1322,1793,4,0,0,0,1,45,270,399,2700,8272190643332586aca5ee7d78ca4a63662ba864b76ba16349f9ec7951b44f53,4,0,0,0,0,0,0,0,0,0,0,1,0,0,0,0,0,0,0,0,0,1,8671,25974,5,13,11,20,0,0,0,1
269,RINGDECON,3,16,11,32,1,1,win,7546,943.250,0,134,0,134,2155,5017,0,0,22,23,0,0,0,0,0,1,90,0,91,7241,1193,7241,0,37,0,0,1,45,270,399,2700,7380bc6399a78bb70e38dcdda4b6fcee54ab7f875d1e5edf874ca6271dd1992c,0,0,1,0,0,0,37,0,0,0,0,1,0,0,0,0,0,0,0,0,150,60,51372,44342,18,61,22,23,0,0,150,60
270,WEAVDIILL,2,18,61,6,1,0,ongoing,9600,1200.000,74900,15585,74900,15585,24538,571,42,18,43,29,67,8,0,0,123,34,9,0,166,0,5273,9569,4,0,0,13,0,45,45,399,2700,51686894d20ab288eb785b349e5cdcbd0a6eb95d0da0615b58b639fb329bb1ca,4,0,0,2,3,10,0,0,0,0,0,0,0,0,67,8,42,18,2,0,32,150,74900,30597,76,14,43,29,3,4,32,150
270,WEAVDIILL,2,18,61,6,1,1,win,8657,1082.125,0,73567,0,73567,-95,40260,0,35,20,35,0,105,0,0,0,155,9,0,164,0,2505,8158,1,0,0,7,0,45,45,399,2700,7599a22d1429a50f8171d0228f63b91943c1d31400fef04a91c24835e8d9f9cf,1,0,0,21,1,6,0,0,0,0,0,0,0,0,0,105,0,35,0,1,9,50,16993,73601,21,107,20,35,1,3,9,50
271,ALPKOPTORY,2,18,61,6,1,0,ongoing,9600,1200.000,125322,14541,125322,14540,6603,-179,59,10,59,30,18,13,0,0,94,31,4,1,130,0,2257,9501,0,0,0,24,0,45,45,399,2700,17b9b5660a388e0b7dd3785859bcedc91ac4e00501658743ec73f628e9b46ccc,0,0,0,0,4,20,0,0,0,0,0,0,0,0,18,13,59,10,3,0,40,193,125322,41484,44,19,59,30,3,4,40,193
271,ALPKOPTORY,2,18,61,6,1,1,win,6904,863.000,3,188785,0,188785,-250,8329,0,91,21,91,0,33,0,0,0,142,6,3,151,0,2931,6559,0,0,0,8,0,45,45,399,2700,3ad12f806d0b0308f23f5111707251dcc76252b19f335c830348688b0934bd5b,0,0,0,4,2,6,0,0,0,0,0,0,0,0,0,33,0,91,0,2,41,63,17845,188785,20,34,21,91,2,2,41,63
272,BADQAZEND,2,18,61,6,1,0,ongoing,9600,1200.000,24392,30477,24391,30477,163,39667,18,24,22,32,35,1,0,0,60,43,16,1,120,0,6185,8726,5,0,0,5,0,45,45,399,2700,ce5f22feb1fa193487c223024a04f3d3489f6b8d3c68fdf32ad1c3d2fa18084b,5,0,0,1,0,5,0,0,0,0,0,0,0,0,35,1,18,24,0,2,27,125,31612,45960,50,11,22,32,0,3,27,125
272,BADQAZEND,2,18,61,6,1,1,win,5553,694.125,1,16171,0,16171,-250,2255,0,6,1,8,0,52,0,0,0,70,11,1,82,0,2913,5481,2,0,0,2,0,45,45,399,2700,067cf89b6e8d29684682c8efff365c5a862e84baabebcb85e3869d53d91c50b4,2,0,0,7,0,2,0,0,0,0,0,0,0,0,0,52,0,6,0,2,0,26,2160,16185,16,57,1,8,0,2,0,26
273,IMMEED,2,18,61,6,1,0,win,8428,1053.500,137754,1,137754,0,15606,-250,81,0,81,46,45,0,0,0,143,0,21,1,165,0,2393,8427,3,0,0,18,0,45,45,399,2700,a116f106d18613b0a286b2e7b1621fe612952c9ea1d4c52d9f44f7572c6e5433,3,0,0,3,6,12,0,0,0,0,0,0,0,0,45,0,81,0,3,0,54,200,137854,61722,81,17,81,46,3,5,54,200
273,IMMEED,2,18,61,6,1,1,win,6195,774.375,1,78444,0,78444,-250,45845,0,43,29,43,0,116,0,0,0,177,19,1,197,0,2353,5941,4,1,0,8,0,45,45,399,2700,b069e1f5b1cd8ad40fac5fe390e021c26a8e3a770fa7031bcf912c3c8ba8f0ea,4,0,0,1,3,5,1,0,0,0,0,0,0,0,0,116,0,43,0,1,66,55,23490,78597,14,121,29,43,2,3,66,55
274,HOBGBHAM,2,18,61,6,1,0,win,8807,1100.875,259094,0,259094,0,71647,47,110,0,110,31,60,0,0,0,196,0,10,0,206,0,2281,8684,4,0,0,18,0,45,45,399,2700,5d088e57318f3df9b930bb85b2439171d55dc8615209ab2e64025528039024f7,4,0,0,3,16,2,0,0,0,0,0,0,0,0,60,0,110,0,2,0,181,71,260097,34546,65,16,110,31,3,1,181,71
274,HOBGBHAM,2,18,61,6,1,1,loss,3490,436.250,27776,1,27776,0,7071,-250,28,0,28,0,3,0,0,0,42,0,5,1,48,0,2321,3185,1,0,0,1,0,45,45,399,2700,ee5e225e35fe61236bb450cb70ed993b7f67165feeb25f33c9bbeef14c6330df,1,0,0,0,1,0,0,0,0,0,0,0,0,0,3,0,28,0,1,0,7,0,27820,682,8,5,28,0,1,0,7,0
275,BUGINOND,3,18,61,6,1,0,win,6354,794.250,19574,0,19574,0,24846,342320,0,0,42,41,0,0,0,0,4,0,132,0,136,6137,1398,6137,52,0,0,25,1,135,270,399,2700,8ce9a86f11f4ed8fbf79e4138b496db58c4cc9e138e5c9133b851f1fc7543872,52,0,0,1,2,23,0,0,0,0,1,0,0,0,0,0,0,0,0,0,25,280,66033,55121,55,23,42,41,1,7,25,280
275,BUGINOND,3,18,61,6,1,1,win,9529,1191.125,0,137436,0,137436,7976,152882,0,56,34,56,0,85,0,0,0,201,3,0,204,0,953,9405,71,35,0,21,0,135,270,399,2700,9cce3fe8860a37116db28291c07f5bd3dbde31be38125f38ab840b252519a1f1,71,0,0,44,16,5,35,0,0,0,0,0,0,0,0,85,0,56,0,1,489,85,56011,137450,24,92,34,56,4,1,489,85
276,SHADSODLOW,3,18,61,6,1,0,win,2706,338.250,15832,0,15832,0,2762,105603,0,0,38,23,0,0,0,0,6,0,119,0,125,2473,746,2473,15,0,0,4,1,135,270,399,2700,59eceb143f2323ea5715e2331fbdfea4ff0c344ef2f7f08aafa85b8be6b709ec,15,0,0,3,1,3,0,0,0,0,1,0,0,0,0,0,0,0,0,0,7,38,43123,24642,34,25,38,23,1,3,7,38
276,SHADSODLOW,3,18,61,6,1,1,loss,6604,825.500,189133,0,189133,0,11403,-250,62,0,62,7,1,0,0,0,84,0,39,0,123,0,697,6572,63,66,0,25,0,135,270,399,2700,ae97d3507cbe21441e8e33f26597d4fe0968243ce4a0748f4147696c8cd9a0f4,63,0,0,1,25,0,66,0,0,0,0,0,0,0,1,0,62,0,7,0,322,3,195743,17195,9,61,62,8,8,0,322,3
277,CORYILL,3,18,61,6,1,0,win,7228,903.500,10870,0,10870,0,4070,492140,0,0,35,27,0,0,0,0,1,0,41,0,42,6978,1205,6978,18,0,0,25,1,135,270,399,2700,dc66386125601fd2e707ec18fcf5bee352e9d7d6933ab1cafe15c2fb8a4ab2fe,18,0,0,1,3,22,0,0,0,0,1,0,0,0,0,0,0,0,0,0,29,548,71568,52595,79,25,35,27,1,6,29,548
277,CORYILL,3,18,61,6,1,1,win,4487,560.875,0,207967,0,207967,398,412462,0,75,22,75,0,80,0,0,0,201,6,0,207,0,1689,4185,0,6,0,6,0,135,270,399,2700,c74fef7b9b1a5e4273f79b523db9e149a3db7945c80240b7aa7e0997eee58a6c,0,0,0,39,3,3,6,0,0,0,0,0,0,0,0,80,0,75,0,1,26,51,15918,208237,28,81,22,75,1,1,26,51
278,BINOXTORY,3,18,61,6,1,0,win,5814,726.750,25014,0,25014,0,13585,352504,0,0,44,27,0,0,0,0,3,0,86,0,89,5577,1289,5577,20,0,0,17,1,135,270,399,2700,50ae9c763d535a48fa1b0d60bf28ed30d038f717a3307e2c1cbf4f30526c9e99,20,0,0,2,2,15,0,0,0,0,1,0,0,0,0,0,0,0,0,0,52,324,51677,32229,56,20,44,27,1,6,52,324
278,BINOXTORY,3,18,61,6,1,1,win,8557,1069.625,1,185512,0,185512,-200,97830,0,41,24,41,0,97,0,0,0,200,7,1,208,0,1057,6685,20,9,0,3,0,135,270,399,2700,88f2d4453211be94071fa648eef371879b046a133643de4d0ddc64f2cb865301,20,0,0,95,0,3,9,0,0,0,0,0,0,0,0,97,0,41,0,1,107,198,13466,194478,30,100,24,41,0,1,107,198
279,SADEAEND,3,18,61,6,1,0,win,4021,502.625,31250,0,31250,0,17142,156218,0,0,44,30,0,0,0,0,1,0,160,0,161,3785,705,3785,20,0,0,9,1,135,270,399,2700,f3057897d14d0b5243ca665f4ab50989a60ea46dc41df4ee77147216d5693171,20,0,0,7,1,8,0,0,0,0,1,0,0,0,0,0,0,0,0,0,32,166,61781,32919,74,25,45,30,1,4,32,166
279,SADEAEND,3,18,61,6,1,1,ongoing,9600,1200.000,60504,37264,60504,37264,3798,3492,8,23,30,23,5,99,0,0,26,182,0,0,208,0,665,9555,57,56,0,26,0,135,270,399,2700,5ada261011cde0273c7ab68303891feb9ec8214ee7f10f96010ffa93860a8e3f,57,0,0,14,26,0,56,0,0,0,0,0,0,0,5,99,8,23,3,0,770,47,68525,42246,22,109,30,23,7,0,770,47
280,LOWIKEME,1,18,61,6,1,0,ongoing,9600,1200.000,155076,42275,155076,42275,65842,20881,72,32,72,42,73,3,0,0,161,47,0,0,208,0,1994,9586,29,0,0,31,0,135,135,399,2700,298536f6f39c360e709402b0ce9f04731549ed9cfea1800f409b6cd4d56f2996,29,0,0,13,5,26,0,0,0,0,0,0,0,0,73,3,72,32,1,1,39,387,155076,91950,115,27,72,42,1,6,39,387
280,LOWIKEME,1,18,61,6,1,1,ongoing,9600,1200.000,19939,308678,19939,308678,4771,248952,0,77,36,77,0,78,0,0,1,190,11,0,202,0,2129,5483,8,3,0,7,0,135,135,399,2700,7473856c1785b619beaf7f02b9f9731a890721d1464d0b7527f322d6f3c05aa8,8,0,0,20,3,4,3,0,0,0,0,0,0,0,0,78,0,77,1,1,72,26,53050,308678,21,100,36,77,2,1,72,26
281,QAZOGOOLD,1,18,61,6,1,0,win,9359,1169.875,30450,0,30450,0,22354,11918,0,0,55,43,0,0,0,0,1,0,178,0,179,9129,1273,9129,21,0,0,29,1,135,135,399,2700,8be6c79b5bbc097ca7b415b1f50dc0c8478429b741a4dc072c0bd5f7e4875484,21,0,0,7,6,23,0,0,0,0,1,0,0,0,0,0,0,0,0,0,79,351,112646,69037,73,21,54,43,1,5,79,351
281,QAZOGOOLD,1,18,61,6,1,1,ongoing,9600,1200.000,18202,53587,18202,53587,6844,13571,11,13,51,32,14,128,0,0,41,167,0,0,208,0,1433,9381,16,16,0,15,0,135,135,399,2700,218dcd694e3f66aa5bd5c411670c36039eb675bc9ff97b06a9729db810d470c9,16,0,0,2,14,1,16,0,0,0,0,0,0,0,15,128,11,13,0,1,400,79,84996,59214,25,141,51,32,6,1,400,79
282,VERYUOND,1,18,61,6,1,0,win,9307,1163.375,29857,0,29857,0,12512,28330,0,0,41,31,0,0,0,0,2,0,173,0,175,9081,1871,9081,11,0,0,27,1,135,135,399,2700,ae26990647acd663789de003fe94c667cb1feea8ecdcfff9c10e01525235e510,11,0,0,4,6,21,0,0,0,0,1,0,0,0,0,0,0,0,0,0,106,330,103609,45898,99,19,41,31,1,4,106,330
282,VERYUOND,1,18,61,6,1,1,ongoing,9600,1200.000,28444,120356,28444,120356,5174,6099,9,35,34,36,10,114,0,0,27,181,0,0,208,0,2833,9202,0,18,0,8,0,135,135,399,2700,217ee59a874103be6e26a4c5ce0788be36b14cade434d6616c7e88581b88c124,0,0,0,11,4,4,18,0,0,0,0,0,0,0,10,114,9,35,1,1,213,169,46324,120356,28,115,34,36,2,2,213,169
283,MINDELOW,1,18,61,6,1,0,ongoing,9600,1200.000,86799,41854,86799,41854,37951,3754,48,26,50,48,79,11,0,0,156,52,0,0,208,0,2229,9504,25,0,0,27,0,135,135,399,2700,1f6138e41ef82b73cdd9ecf770a96fea01b5bbdd300363fa00d2db85c0382126,25,0,0,27,4,23,0,0,0,0,0,0,0,0,79,11,48,26,1,1,64,422,86799,72074,115,15,50,48,1,8,64,422
283,MINDELOW,1,18,61,6,1,1,ongoing,9600,1200.000,47683,47870,47683,47869,6676,1546,28,22,39,25,7,68,0,0,49,108,17,1,175,0,2169,9453,0,18,0,12,0,135,135,399,2700,602737b80a31980de6869ea0fd4499b476acdd2362eb951e9782acdd5c855766,0,0,0,6,10,2,18,0,0,0,0,0,0,0,7,69,28,22,2,1,336,103,64788,48177,30,96,39,25,5,1,336,103
284,HAMDIICK,1,18,61,6,1,0,win,9303,1162.875,26099,0,26099,0,16851,-250,0,0,71,40,0,0,0,0,3,0,179,0,182,9073,1857,9073,16,0,0,33,1,135,135,399,2700,d47d0e3af67b13cf70cf8579c492d468e587fef4d8ebcef89973d9e444cd522c,16,0,0,8,8,25,0,0,0,0,1,0,0,0,0,0,0,0,0,0,91,256,151099,80150,104,22,71,40,1,6,91,256
284,HAMDIICK,1,18,61,6,1,1,ongoing,9600,1200.000,7623,120828,7623,120828,6928,37713,9,44,38,45,4,113,0,0,18,190,0,0,208,0,1817,8881,28,13,0,8,0,135,135,399,2700,4bc61a6ea0cd585e7ee3f9d661a3e2cb229dcb559ac5e42eb601cb7d0897089a,28,0,0,7,4,4,13,0,0,0,0,0,0,0,4,113,9,44,0,1,316,110,81331,120828,28,137,38,45,2,1,316,110
285,FUTKOPHOLE,1,16,56,1,3,0,win,8126,1015.750,31990,0,31990,0,13270,-250,0,0,35,21,0,0,2329,2503,1,0,141,0,142,7897,1795,7897,54,5,0,0,1,135,45,399,2700,c1e19df43510db6d5b257a4ea87aaee466081190bb836c56125d98d419c6a8e0,0,54,0,0,0,0,5,0,0,0,1,0,0,0,0,0,0,0,0,0,97,157,94444,28552,130,31,35,21,0,0,97,157
285,FUTKOPHOLE,1,16,56,1,3,1,ongoing,9600,1200.000,568,55463,568,55463,-221,2932,0,7,12,8,2,147,3210,2166,3,205,0,0,208,0,1513,9547,80,4,0,0,0,135,45,399,2700,05f2e86c4efdcfdd00978d487e56a54a72246fc40feff31eea3a3974471ed173,0,80,0,0,0,0,4,0,0,0,0,0,0,0,2,147,0,7,0,0,23,42,15585,56091,32,154,12,8,0,0,23,42
286,SUZQAZLAS,1,16,56,1,3,0,win,7280,910.000,45831,0,45831,0,9812,-250,0,0,28,25,0,0,1906,2220,3,0,176,0,179,7066,1378,7066,44,5,0,0,1,135,45,399,2700,06f16d2acab3f902dacb8debfcc67695438c583656a42e6c1bf94c2ead946797,0,44,0,0,0,0,5,0,0,0,1,0,0,0,0,0,0,0,0,0,73,124,68232,37122,132,27,28,25,0,0,73,124
286,SUZQAZLAS,1,16,56,1,3,1,win,8484,1060.500,0,48473,0,48473,-250,5841,0,17,15,17,0,85,2872,2189,0,133,30,0,163,0,1921,8371,62,4,0,0,0,135,45,399,2700,41b9fae626b271cab4ca387248c12d4d671ab9cd22026edb8b9bd2d784dd344b,0,62,0,0,0,0,4,0,0,0,0,0,0,0,0,85,0,17,0,0,57,85,15447,48742,30,112,15,17,0,0,57,85
287,DOUEME,1,16,56,1,3,0,win,5564,695.500,64208,0,64208,0,1250,2042,0,0,30,7,0,0,1691,1310,34,0,86,0,120,5467,793,5467,8,0,0,0,1,135,45,399,2700,c14aacb2fcd7d8d1ca32465614e43e1d60d9a573065f29e325c5b02b384df119,0,8,0,0,0,0,0,0,0,0,1,0,0,0,0,0,0,0,0,0,39,50,72686,6088,75,15,30,7,0,0,39,50
287,DOUEME,1,16,56,1,3,1,win,4070,508.750,0,31584,0,31584,-250,3656,0,10,9,11,0,36,1374,1092,0,67,27,0,94,0,1081,3955,18,1,0,0,0,135,45,399,2700,71694ad27cbacff8a33dfce30be7bcec602a887d7813590a71a93830f22c0dc8,0,18,0,0,0,0,1,0,0,0,0,0,0,0,0,36,0,10,0,0,14,65,6847,31780,26,46,9,11,0,0,14,65
288,SHIGBOLD,1,16,56,1,3,0,win,8113,1014.125,30896,0,30896,0,9972,-250,0,0,32,21,0,0,2143,2331,1,0,84,0,85,7891,1033,7891,47,4,0,0,1,135,45,399,2700,e13c5914f2906052a241a3480db13eab5bcb2efb0f88168b59dd2c7d1dbee233,0,47,0,0,0,0,4,0,0,0,1,0,0,0,0,0,0,0,0,0,88,147,82040,27864,111,21,32,21,0,0,88,147
288,SHIGBOLD,1,16,56,1,3,1,ongoing,9600,1200.000,3201,20966,3201,20966,-108,2932,0,5,21,11,11,102,3268,2268,17,128,0,0,145,0,1897,9541,66,3,0,0,0,135,45,399,2700,7d557d2b2be4008c0df72b4c75e255b9a2e3596ef3ed51c02792910cd8da049d,0,66,0,0,0,0,3,0,0,0,0,0,0,0,11,102,0,5,0,0,31,100,14397,29560,32,102,21,11,0,0,31,100
289,HURTASBOY,1,16,56,1,3,0,win,8193,1024.125,23706,0,23706,0,15068,-250,0,0,32,24,0,0,2465,2437,1,0,183,0,184,7927,1210,7927,68,3,0,0,1,135,45,399,2700,0ae833f353f36d950588cf8770a7c8a6fc0abf1537e99c6d872868aa18fb8853,0,68,0,0,0,0,3,0,0,0,1,0,0,0,0,0,0,0,0,0,83,199,82132,31587,118,21,32,24,0,0,83,199
289,HURTASBOY,1,16,56,1,3,1,win,8825,1103.125,0,69578,0,69578,-107,2714,0,28,22,28,0,48,2940,2529,0,88,53,0,141,0,761,8821,60,7,0,0,0,135,45,399,2700,0536951e412a0c22d21b010e6859a985383f5f7b8c1ca32adfda696431490d2b,0,60,0,0,0,0,7,0,0,0,0,0,0,0,0,48,0,28,0,0,97,148,29137,82094,27,71,22,28,0,0,97,148
290,JOSSODDOR,2,16,56,2,1,0,ongoing,9600,1200.000,69106,79665,69106,79665,-65,230255,43,40,49,51,18,0,0,0,72,61,13,0,146,0,0,0,0,0,0,0,0,315,405,399,2700,efc2b6fcf78c93b867a9869b9fd9135e9278dac6dfd0b1d2151e00316ad9e343,0,0,0,0,0,0,0,0,0,0,0,0,0,0,18,0,43,41,0,0,30,124,71281,117710,38,7,49,51,0,0,30,124
290,JOSSODDOR,2,16,56,2,1,1,win,4386,548.250,0,79056,0,79056,-250,10872,0,45,13,45,0,24,0,0,0,84,7,0,91,0,0,0,0,0,0,0,0,315,405,399,2700,6adf3e5b5249c6e2844a20205e8639875fb3b208f068103d324a8cf73b1a33db,0,0,0,9,0,0,0,0,0,0,0,0,0,0,0,24,0,45,0,0,4,39,5522,79108,17,27,13,45,0,0,4,39
291,TIMYICK,2,16,56,2,1,0,ongoing,9600,1200.000,158870,1546,158870,1546,71268,138239,73,2,74,35,67,5,0,0,160,8,6,0,174,0,4769,4769,0,1,0,0,0,315,405,399,2700,03523e404855b5719950448e1de62a5298b4f8673090a02b6d980e0ca30a4f75,0,0,0,0,0,0,1,0,0,0,0,0,0,0,67,5,73,2,0,0,96,116,158870,54823,74,14,74,35,0,0,96,116
291,TIMYICK,2,16,56,2,1,1,ongoing,9600,1200.000,14380,44631,14380,44631,4937,93967,22,17,33,19,1,111,0,0,34,143,4,0,181,0,3041,6897,0,8,0,0,0,315,405,399,2700,178e305744279d98baa89fdd80d1acc61402bd20bcf81e7108a20897440026e7,0,0,0,15,0,0,8,0,0,0,0,0,0,0,1,111,22,17,0,0,73,72,48488,44679,16,120,33,19,0,0,73,72
292,CALOXHOLE,2,16,56,2,1,0,win,9292,1161.500,32974,0,32974,0,7395,114466,0,0,77,39,0,0,0,0,2,0,102,0,104,9033,5497,9033,0,3,0,0,1,315,405,399,2700,40e20539e93029e1cb51b66f68ee2f35af3b7ba405983cc730a2ee8176ed999c,0,0,0,0,0,0,3,0,0,0,1,0,0,0,0,0,0,0,0,0,95,124,141205,62805,91,9,77,39,0,0,95,124
292,CALOXHOLE,2,16,56,2,1,1,ongoing,9600,1200.000,69,53926,69,53926,-62,24185,0,28,25,28,1,80,0,0,1,124,31,0,156,0,3025,5773,0,5,0,0,0,315,405,399,2700,dd44797dcf6285f6bfb5dfb8d39c7d2987198f6aa65e66b9cd286f399462bb7c,0,0,0,25,0,0,5,0,0,0,0,0,0,0,1,80,0,28,0,0,69,80,20174,56933,15,84,25,28,0,0,69,80
293,SCOEALAS,2,16,56,2,1,0,ongoing,9600,1200.000,39477,70131,39477,70131,4496,180519,25,26,25,51,108,3,0,0,148,49,3,0,200,0,5657,9538,0,7,0,0,0,315,405,399,2700,1fce06ec37cd906052dd4e22f578643285b6992bc1e05462c81dd631091e9e5b,0,0,0,0,0,0,7,0,0,0,0,0,0,0,108,3,25,26,0,0,39,115,39477,101630,108,10,25,51,0,0,39,115
293,SCOEALAS,2,16,56,2,1,1,win,8900,1112.500,0,84731,0,84731,-222,125683,0,43,33,43,0,99,0,0,0,175,15,0,190,0,3185,6920,0,5,0,0,0,315,405,399,2700,9f1732b688c0e36c04f501298cf8b69aaa5cbf02fb5b3754e70fffb48489509d,0,0,0,7,0,0,5,0,0,0,0,0,0,0,0,99,0,43,0,0,69,120,31760,84861,17,118,33,44,0,0,69,120
294,SWAIKEAL,2,16,56,2,1,0,win,5917,739.625,96577,0,96577,0,1909,393,0,0,102,21,0,0,0,0,8,0,139,0,147,5730,5730,5730,0,0,0,0,1,315,405,399,2700,33dbf0bed8e0abbf932f2e94e151f5793ba3d9d66ae68e34008c551048c19615,0,0,0,0,0,0,0,0,0,0,1,0,0,0,0,0,0,0,0,0,91,38,252729,15221,34,12,102,21,0,0,91,38
294,SWAIKEAL,2,16,56,2,1,1,win,6671,833.875,0,52130,0,52130,-234,2616,0,37,31,43,0,22,0,0,0,74,46,0,120,0,2971,5338,0,4,0,0,0,315,405,399,2700,d01876212e62df8e86e1a69ed3d2b81b3a725daa5979819ed5f91c2740c4bb36,0,0,0,7,0,0,4,0,0,0,0,0,0,0,0,22,0,37,0,0,49,81,25545,52250,11,50,31,43,0,0,49,81
295,KILLQUEPIL,0,16,8,8,1,0,ongoing,9600,1200.000,66596,17878,66596,17878,5794,3661,19,19,35,41,24,7,0,0,64,34,90,0,188,0,1369,9506,0,69,0,0,0,45,45,399,2700,5a8f2f65c8526c00e4f60260dc1439123387a1f10f5b28eb0acc5ea544706ea0,0,0,0,0,0,0,27,42,0,0,0,0,0,0,24,7,19,19,0,0,154,255,70332,52124,94,23,35,41,0,0,154,255
295,KILLQUEPIL,0,16,8,8,1,1,ongoing,9600,1200.000,3299,76004,3299,76004,-207,392368,0,9,1,10,26,51,0,0,31,86,3,0,120,0,1577,3523,0,3,0,0,0,45,45,399,2700,4ef4320d5d74d982d78e1a03306331359261a4d58d1e37aa46cc0f9d4041862b,0,0,0,0,0,0,0,3,0,0,0,0,0,0,26,51,0,9,0,0,42,168,8001,83595,28,53,1,10,0,0,42,168
296,EOAUBOY,0,16,8,8,1,0,ongoing,9600,1200.000,44155,8425,44155,8425,9057,8085,5,18,19,25,63,6,0,0,111,34,11,0,156,0,1745,9329,0,49,0,0,0,45,45,399,2700,5d061e0a8da9fa7de0aa65e580cb848cd5c4fbc48e55333d9068cf7629353935,0,0,0,0,0,0,12,37,0,0,0,0,0,0,63,6,5,18,0,0,130,217,59361,40450,77,18,19,25,0,0,130,217
296,EOAUBOY,0,16,8,8,1,1,ongoing,9600,1200.000,4228,89648,4228,89648,-108,154247,0,24,29,24,9,61,0,0,16,117,20,0,153,0,1665,9235,0,35,0,0,0,45,45,399,2700,912bcde7867b12b0e790d919e3337dbbefc87609f11d6dc4fe9372b816ddd861,0,0,0,0,0,0,24,11,0,0,0,0,0,0,9,61,0,24,0,0,134,99,25538,90947,21,80,30,25,0,0,134,99
297,BURDEDOR,0,16,8,8,1,0,ongoing,9600,1200.000,71139,38270,71139,38270,4035,2734,18,13,18,45,78,12,0,0,141,35,32,0,208,0,1977,9505,0,70,0,0,0,45,45,399,2700,809d9305ac5df1fac7a0c19a53df74e1178d4e6be116f66a5e373359ba7919a6,0,0,0,0,0,0,14,56,0,0,0,0,0,0,78,12,18,13,0,0,90,262,71139,63335,127,18,18,45,0,0,90,262
297,BURDEDOR,0,16,8,8,1,1,ongoing,9600,1200.000,28332,97367,28332,97367,74,9658,4,25,32,25,6,100,0,0,17,191,0,0,208,0,1649,9521,0,55,0,0,0,45,45,399,2700,f4019a0ce07c6408ee8639d0665f41c5a53cc300fdbc686a7296ad06cee81ed4,0,0,0,0,0,0,30,25,0,0,0,0,0,0,6,100,4,25,0,0,227,87,41153,97367,21,135,32,25,0,0,227,87
298,MORDIPAL,0,16,8,8,1,0,ongoing,9600,1200.000,67467,7239,67467,7239,4917,4853,19,13,23,39,45,13,0,0,89,38,76,0,203,0,1801,9464,0,61,0,0,0,45,45,399,2700,3212a1335f001260a3117ab5900bbae4860c37b21f208cd7d557638b42b2486c,0,0,0,0,0,0,22,39,0,0,0,0,0,0,45,13,19,13,0,0,160,335,73013,47098,128,21,23,39,0,0,160,335
298,MORDIPAL,0,16,8,8,1,1,win,9172,1146.500,0,94076,0,94076,-235,96711,0,25,45,26,0,79,0,0,0,155,51,0,206,0,1681,7790,0,52,0,0,0,45,45,399,2700,21b003d3c8fda34e9c5354a553688aea2e44e2577fc117659e1850ccba37d7cb,0,0,0,0,0,0,42,10,0,0,0,0,0,0,0,79,0,25,0,0,200,105,55324,94104,25,109,45,26,0,0,200,105
299,NIMKOPPERT,0,16,8,8,1,0,ongoing,9600,1200.000,67,424086,67,424086,1228,686984,0,165,1,165,0,26,0,0,1,207,0,0,208,0,1673,8264,0,94,0,0,0,45,45,399,2700,22ac500d73842800ce08bf2e9887c4e6b1ff9b4b44a8d3a53cafda85b3f63a73,0,0,0,0,0,0,0,94,0,0,0,0,0,0,0,26,0,165,0,0,4,41,5973,424086,22,65,1,165,0,0,4,41
299,NIMKOPPERT,0,16,8,8,1,1,ongoing,9600,1200.000,7450,89389,7450,89389,641,3086,9,25,35,27,11,35,0,0,33,83,61,0,177,0,1729,9561,0,54,0,0,0,45,45,399,2700,439e083adfbe6569aa4e420c796324465673d0c5eaa3b1d67b0d0283f0fa1ee6,0,0,0,0,0,0,21,33,0,0,0,0,0,0,11,35,9,25,0,0,236,179,33571,93340,24,92,35,28,0,0,236,179
300,BILQAZOUT,0,4,9,8,2,0,ongoing,9600,1200.000,1116,9545,1116,9545,2799,2166,0,0,0,0,7,13,2,2,13,22,4,0,39,0,4803,8425,1,1,0,0,0,540,540,399,2700,8486041b08ddc6b61755881185d543fd52c2dce51c3602fe482ad0db06388904,1,0,0,0,0,0,0,1,0,0,0,0,0,0,7,13,0,0,0,0,10,9,1205,9545,11,14,0,0,0,0,10,9
300,BILQAZOUT,0,4,9,8,2,1,ongoing,9600,1200.000,1249,13405,1249,13405,3099,12989,0,0,0,0,11,17,2,1,19,28,0,0,47,0,4805,4805,1,0,0,0,0,540,540,399,2700,232e9d0e0b049ce60aed726c6258a60491a35939adb1530dc0edf140a18507f4,1,0,0,0,0,0,0,0,0,0,0,0,0,0,11,17,0,0,0,0,12,9,1253,13405,12,17,0,0,0,0,12,9
301,RINGIAL,0,4,9,8,2,0,ongoing,9600,1200.000,18622,23358,18622,23358,2699,4719,0,0,0,0,31,26,2,2,47,43,6,0,96,0,5203,7353,1,1,0,0,0,540,540,399,2700,f3973df0c408e77351d89cea73a8abb6c078bd33bc11c21e078a8047393c74cc,1,0,0,0,0,0,0,1,0,0,0,0,0,0,31,26,0,0,0,0,0,0,18622,23358,35,26,0,0,0,0,0,0
301,RINGIAL,0,4,9,8,2,1,ongoing,9600,1200.000,22960,22230,22960,22230,1899,2538,0,0,0,0,36,29,7,2,57,45,1,0,103,0,6805,8433,1,1,0,0,0,540,540,399,2700,da529bc975d96352da8192e81a868173c0d9ebdafa0f0f3559cb625eae0d0a60,1,0,0,0,0,0,0,1,0,0,0,0,0,0,36,29,0,0,0,0,0,0,22960,22230,36,29,0,0,0,0,0,0
302,WEAVCEPIL,0,4,9,8,2,0,ongoing,9600,1200.000,23054,3544,23054,3544,2745,-212,0,0,0,0,83,22,37,59,126,32,7,0,165,0,3086,9253,10,0,0,0,0,540,540,399,2700,b26983148bd50aa6a7358908a53951955156d3eb3db390b7f504c95818aa0a61,10,0,0,0,0,0,0,0,0,0,0,0,0,0,83,22,0,0,0,0,283,231,23054,10919,84,39,0,0,0,0,283,231
302,WEAVCEPIL,0,4,9,8,2,1,win,6382,797.750,0,25594,0,25594,-168,14658,0,0,0,0,0,84,1,29,0,130,10,0,140,0,0,0,0,0,0,0,0,540,540,399,2700,7f8740cdce252b72d1c0fda603b2e565be160e5b513e20bfc08872f1baf780ac,0,0,0,0,0,0,0,0,0,0,0,0,0,0,0,84,0,0,0,0,41,135,6364,26897,34,86,0,0,0,0,41,135
303,ALPASJOB,0,4,9,8,2,0,ongoing,9600,1200.000,9743,30127,9743,30127,1882,7422,0,0,0,0,23,37,2,16,34,53,10,0,97,0,4251,7169,2,1,0,0,0,540,540,399,2700,b23b6883d86bcb8276bba822dcfcc3be24d967e7154e056f2a6ee840712fda11,2,0,0,0,0,0,0,1,0,0,0,0,0,0,23,37,0,0,0,0,48,61,9743,30127,28,39,0,0,0,0,48,61
303,ALPASJOB,0,4,9,8,2,1,ongoing,9600,1200.000,1074,15238,1074,15238,-213,8336,0,0,0,0,12,39,2,29,18,64,1,0,83,0,4293,4293,1,0,0,0,0,540,540,399,2700,06661731c64360fe5490a453656091ce995407f5b802cd4de02eb3081908f9d8,1,0,0,0,0,0,0,0,0,0,0,0,0,0,12,39,0,0,0,0,51,131,3468,15238,23,43,0,0,0,0,51,131
304,BADSODLIN,0,4,9,8,2,0,loss,6120,765.000,0,14084,0,14084,-97,708,0,0,0,0,0,43,1,8,0,65,8,0,73,0,2218,5937,1,1,0,0,0,540,540,399,2700,bf4486d4b4f13323e4371895dd99af11f67f89a965849af1e12a31a21c3a0fee,1,0,0,0,0,0,0,1,0,0,0,0,0,0,0,43,0,0,0,0,11,74,1623,14084,12,43,0,0,0,0,11,74
304,BADSODLIN,0,4,9,8,2,1,win,4403,550.375,0,12849,0,12849,-250,4560,0,0,0,0,0,38,1,20,0,59,12,0,71,0,1800,1800,1,0,0,0,0,540,540,399,2700,5784fc26e4f9a32bbdc0a103fccb95e56862251e9fa36d5fcac7444ed7e95dbe,1,0,0,0,0,0,0,0,0,0,0,0,0,0,0,38,0,0,0,0,21,41,1649,12887,12,40,0,0,0,0,21,41
305,IMMYPAL,3,16,1,1,3,0,ongoing,9600,1200.000,69017,22329,69017,22329,3451,-145,21,3,24,33,56,11,2399,3326,130,27,42,0,199,0,658,9586,293,0,0,0,0,90,180,399,2700,396ee336c670c2fb078631be603e8c0fb0a7df436e967cef155307c8faa7a76e,49,244,0,0,0,0,0,0,0,0,0,0,0,0,56,13,21,3,0,0,133,400,70401,82213,123,62,24,33,0,0,133,400
305,IMMYPAL,3,16,1,1,3,1,win,4604,575.500,0,34666,0,34666,-250,4338,0,7,4,8,0,22,1371,1500,0,46,17,0,63,0,955,4492,35,0,0,0,0,90,180,399,2700,f3ed64975b1d7c057f7af99e248014638673158f52ec53e2007c52f07898f979,2,33,0,0,0,0,0,0,0,0,0,0,0,0,0,22,0,7,0,0,3,40,6531,34738,24,30,4,8,0,0,3,40
306,HOBOXPERT,3,16,1,1,3,0,win,6974,871.750,87829,0,87829,0,4066,-250,26,0,29,18,22,0,1842,2439,66,0,58,0,124,0,601,6946,171,0,0,0,0,90,180,399,2700,8868938da6b2d461fcee9e307eae1bfe99836cc12a891095a2ae3e7c4d6e80ea,110,61,0,0,0,0,0,0,0,0,0,0,0,0,22,0,26,0,0,0,74,153,89895,23955,57,21,29,18,0,0,74,153
306,HOBOXPERT,3,16,1,1,3,1,win,6541,817.625,0,62610,0,62610,-250,3912,0,11,5,11,0,17,2416,2169,0,44,19,0,63,0,1105,6457,80,0,0,0,0,90,180,399,2700,1470532265afa18180c13463b0f7267e9b87a2fc7b07d7b8eaa25cb3ab441065,2,78,0,0,0,0,0,0,0,0,0,0,0,0,0,17,0,11,0,0,15,117,11814,62688,26,19,5,11,0,0,15,117
307,BUGEAOUT,3,16,1,1,3,0,win,4777,597.125,70976,0,70976,0,6075,-226,12,0,14,2,52,0,1422,1607,98,0,4,0,102,0,682,4666,64,0,0,0,0,90,180,399,2700,1232d6ff23ae645e8262d6efc3c8a8c813b4cec324e6893bb396bacd3d8385b0,63,1,0,0,0,0,0,0,0,0,0,0,0,0,52,0,12,0,0,0,53,18,70998,7308,52,25,14,2,0,0,53,18
307,BUGEAOUT,3,16,1,1,3,1,win,5795,724.375,0,138616,0,138616,-250,93672,0,39,11,39,0,64,1937,1512,0,153,22,0,175,0,859,5650,120,0,0,0,0,90,180,399,2700,281c64c2608b725d6d78f185581b2651eafb4d55c3782837c3466d9b7876c072,19,101,0,0,0,0,0,0,0,0,0,0,0,0,0,64,0,39,0,0,47,36,17792,138734,26,94,11,39,0,0,47,36
308,SHADDIET,3,16,1,1,3,0,ongoing,9600,1200.000,55923,29200,55923,29200,3538,3039,19,3,20,41,110,15,1624,3284,180,28,0,0,208,0,739,9565,375,0,0,0,0,90,180,399,2700,df6e80d238015cdeede1dc2b62086f9db05b2c2d19ee25591c2546f2ded61aae,29,346,0,0,0,0,0,0,0,0,0,0,0,0,110,15,19,3,0,0,111,297,55923,113316,111,39,20,41,0,0,111,297
308,SHADDIET,3,16,1,1,3,1,win,5367,670.875,0,65032,0,65032,-245,2091,0,10,15,10,0,73,1718,1315,0,132,9,0,141,0,1714,5359,63,0,0,0,0,90,180,399,2700,c54c19e4f2ca486c77b5cf9507cfcb642836d804567281168d19a971704b9af3,17,46,0,0,0,0,0,0,0,0,0,0,0,0,0,73,0,10,0,0,15,48,19026,66571,25,74,15,10,0,0,15,48
309,CORQUEBAR,3,16,1,1,3,0,win,6423,802.875,84667,0,84667,0,11533,-207,28,0,29,15,16,0,1726,2438,58,0,110,0,168,0,433,6319,168,0,0,0,0,90,180,399,2700,56dd0e5cdcc96e02002f86d3ebfed65ff3342fee63822100491bd73b06c26b26,136,32,0,0,0,0,0,0,0,0,0,0,0,0,16,0,28,0,0,0,91,74,95343,24045,84,32,29,15,0,0,91,74
309,CORQUEBAR,3,16,1,1,3,1,win,5997,749.625,0,78993,0,78993,-250,9996,0,28,1,28,0,9,2082,1536,0,51,10,0,61,0,754,5905,132,0,0,0,0,90,180,399,2700,48eb944937791bec6e255b5be59cb4d0d921d02ad9bb22723862e541ed471ab2,0,132,0,0,0,0,0,0,0,0,0,0,0,0,0,9,0,28,0,0,1,64,3976,81462,35,20,1,28,0,0,1,64
310,BINUJOB,1,17,0,0,1,0,ongoing,9600,1200.000,108174,8179,108174,8179,255283,129360,49,18,52,28,34,4,0,0,108,30,15,0,153,0,0,0,0,0,0,0,0,45,225,399,2700,5db3b2936b6e91d27c2de8390e24f7fa2edc435f2efa6d1a77f490a6c8b4d746,0,0,0,0,0,0,0,0,0,0,0,0,0,0,34,4,49,18,0,0,245,173,122121,39144,53,16,52,28,0,0,245,173
310,BINUJOB,1,17,0,0,1,1,win,2619,327.375,0,16578,0,16578,-250,9294,0,11,2,11,0,21,0,0,0,41,14,0,55,0,0,0,0,0,0,0,0,45,225,399,2700,669e4e46be9df55cfff284dc0c90ba3636b37d17afb4528fa73f559801280a3a,0,0,0,0,0,0,0,0,0,0,0,0,0,0,0,21,0,11,0,0,6,13,2149,16640,15,34,2,11,0,0,6,13
311,SADDELIN,1,17,0,0,1,0,ongoing,9600,1200.000,113940,20366,113940,20366,275762,9901,49,23,50,25,19,3,0,0,88,37,6,0,131,0,0,0,0,0,0,0,0,45,225,399,2700,810c587c4ceb86cf6bbc0cfd5beff3b140f27ec5afc70447c01a752e74c3028d,0,0,0,0,0,0,0,0,0,0,0,0,0,0,19,3,49,23,0,0,211,82,114409,20366,64,17,50,25,0,0,211,82
311,SADDELIN,1,17,0,0,1,1,ongoing,9600,1200.000,7355,42713,7355,42713,1971,196429,12,24,26,25,5,78,0,0,27,137,17,0,181,0,0,0,0,0,0,0,0,45,225,399,2700,d1d1ebfb9e049e77754b28633a885f97af87b74767c5dbdc78a3a353c711363f,0,0,0,0,0,0,0,0,0,0,0,0,0,0,5,78,12,24,0,0,94,234,33712,42713,24,105,26,25,0,0,94,234
312,LOWDIDON,1,17,0,0,1,0,ongoing,9600,1200.000,195995,12610,195995,12610,127323,447896,68,18,73,53,65,9,0,0,164,37,7,0,208,0,0,0,0,0,0,0,0,45,225,399,2700,45004a13d566e2022d5d22a59308f69159a93fa64460ef38d7123a930d76bc53,0,0,0,0,0,0,0,0,0,0,0,0,0,0,65,9,68,18,0,0,133,261,198818,96107,69,15,73,53,0,0,133,261
312,LOWDIDON,1,17,0,0,1,1,ongoing,9600,1200.000,20479,137405,20479,137405,41172,272840,19,69,41,70,7,8,0,0,35,99,53,0,187,0,0,0,0,0,0,0,0,45,225,399,2700,4f4d368a8f076cdc83df277b6cb8356c8b089e22f54a82758a81b80935e382a4,0,0,0,0,0,0,0,0,0,0,0,0,0,0,8,8,18,69,0,0,120,245,56132,137405,17,68,41,70,0,0,120,245
313,QAZKOPMAR,1,17,0,0,1,0,ongoing,9600,1200.000,133584,7723,133584,7723,164441,185661,61,16,61,28,24,7,0,0,110,31,2,0,143,0,0,0,0,0,0,0,0,45,225,399,2700,9cc9dd35499ccff5dc304802b2623997204ebb69804bce309becc56b22a53707,0,0,0,0,0,0,0,0,0,0,0,0,0,0,24,7,61,16,0,0,146,123,133584,40944,47,14,61,28,0,0,146,123
313,QAZKOPMAR,1,17,0,0,1,1,ongoing,9600,1200.000,8381,71859,8381,71859,106,331905,13,25,23,26,9,58,0,0,31,108,6,0,145,0,0,0,0,0,0,0,0,45,225,399,2700,3525c782c92a2e74087fb304ddc9a91c56871ac6bed0132756b3cf6c089ebb8b,0,0,0,0,0,0,0,0,0,0,0,0,0,0,9,58,13,25,0,0,37,146,19578,77653,17,63,23,26,0,0,37,146
314,VERYINGLUG,1,17,0,0,1,0,ongoing,9600,1200.000,165474,7226,165474,7226,210024,234848,65,12,66,38,68,12,0,0,165,31,5,0,201,0,0,0,0,0,0,0,0,45,225,399,2700,6301d2c80c643ae6022dedb07166253f3f623e9c4919c9a831de64e3ca0a5a1b,0,0,0,0,0,0,0,0,0,0,0,0,0,0,68,13,65,12,0,0,135,146,166352,75979,80,16,67,38,0,0,135,146
314,VERYINGLUG,1,17,0,0,1,1,ongoing,9600,1200.000,31103,166206,31103,166206,261950,104267,16,51,53,57,7,101,0,0,34,174,0,0,208,0,0,0,0,0,0,0,0,45,225,399,2700,5906f1a1bc4e06fc53edcb7b6a9be65457ad95ff10e228490dd9c7c31c4d966b,0,0,0,0,0,0,0,0,0,0,0,0,0,0,8,101,16,51,0,0,206,126,93646,166206,13,112,53,57,0,0,206,126
315,MINIT,2,16,1,12,4,0,ongoing,9600,1200.000,33262,186,33262,186,10208,6,10,0,17,10,74,2,2214,2238,102,2,14,0,118,0,1949,9257,44,3,0,3,0,450,450,399,2700,2ece7c8946a291233719efec726f88a40ff8e6b4354aa4551f110906620cca54,44,0,0,0,0,3,0,3,0,0,0,0,0,0,74,2,10,0,0,0,35,68,33283,17146,86,20,17,10,0,1,35,68
315,MINIT,2,16,1,12,4,1,ongoing,9600,1200.000,45285,51464,45285,51464,2431,4625,10,34,25,38,9,77,2095,2196,27,133,4,0,164,0,2077,9497,65,7,0,1,0,450,450,399,2700,ce8cb48876592fa91bba3407d661ef9148ed7b64444dc85fd4b3ed19fedea2ad,65,0,0,0,0,1,0,7,0,0,0,0,0,0,9,77,10,34,0,0,141,17,57503,51464,14,112,25,38,0,1,141,17
316,HAMCEBAR,2,16,1,12,4,0,win,6851,856.375,17126,0,17126,0,2259,-250,12,0,16,19,34,0,1556,1466,58,0,37,0,95,0,2601,6785,17,1,0,4,0,450,450,399,2700,884eb82780d6d071a9afe78a32e007aa17519176f660bf8ee87cd14c276c4d1a,17,0,0,0,0,4,0,1,0,0,0,0,0,0,34,0,12,0,0,0,40,57,24969,23193,60,17,16,19,0,2,40,57
316,HAMCEBAR,2,16,1,12,4,1,win,7243,905.375,1,68054,0,68054,-250,13234,0,33,15,35,0,38,1841,1729,0,84,8,1,93,0,1985,7073,15,0,0,9,0,450,450,399,2700,1fdffea828abdcc87e6a41a1b92ee946999c53673ecaa7db0dad5bbde7c57f81,15,0,0,0,0,9,0,0,0,0,0,0,0,0,0,38,0,33,0,2,54,81,20990,68132,19,50,15,35,0,3,54,81
317,FUTASER,2,16,1,12,4,0,win,6776,847.000,30737,0,30737,0,5212,-250,15,0,16,18,40,0,1628,1419,64,0,17,0,81,0,1505,6613,24,0,0,3,0,450,450,399,2700,d477bb47dd285d8138d2af48557918a3c0bf62309d24aa0cba1d76920f3ea8be,24,0,0,0,0,3,0,0,0,0,0,0,0,0,40,0,15,0,0,0,55,23,30786,13159,43,21,16,18,0,2,55,23
317,FUTASER,2,16,1,12,4,1,ongoing,9600,1200.000,43389,36124,43389,36124,2374,3587,14,18,32,32,5,98,2303,2272,21,136,8,0,165,0,2225,9585,68,2,0,6,0,450,450,399,2700,6962848caab7b23b30fa10977ac05e0e1741ee2adfa0637d4a11615a43c0cabf,68,0,0,0,0,6,0,2,0,0,0,0,0,0,5,99,14,18,0,0,173,28,65126,39515,11,107,32,32,0,1,173,28
318,SUZSODING,2,16,1,12,4,0,win,8607,1075.875,28569,0,28569,0,885,-229,10,0,11,7,54,0,2003,2274,71,0,20,0,91,0,2857,8553,28,1,0,0,0,450,450,399,2700,518aa7f1feefcf69651469e1195c6a755955de980a403fbbf86364c6233efbf3,28,0,0,0,0,0,0,1,0,0,0,0,0,0,54,0,10,0,0,0,46,20,28625,6940,55,22,11,7,0,0,46,20
318,SUZSODING,2,16,1,12,4,1,win,1600,200.000,0,11824,0,11824,226,6210,0,16,1,16,0,15,146,385,0,33,1,0,34,0,0,0,0,0,0,0,0,450,450,399,2700,a3bd9a5d1ea39ffe2abf22d5a7adec84d411ea391eaa3181f91c5151d03141bc,0,0,0,0,0,0,0,0,0,0,0,0,0,0,0,15,0,16,0,0,0,1,535,11824,8,15,1,16,0,0,0,1
319,DOUYDON,2,16,1,12,4,0,win,9135,1141.875,58903,0,58903,0,9401,-250,15,0,16,8,112,0,1213,2264,148,0,10,0,158,0,1497,8953,81,1,0,0,0,450,450,399,2700,d44e086d9d87b1ef16b88bbcc38dc4e7fcdd666d36a6cb8789877d59e5f5564a,81,0,0,0,0,0,0,1,0,0,0,0,0,0,112,0,15,0,0,0,24,2,59125,5156,122,23,16,8,0,0,24,2
319,DOUYDON,2,16,1,12,4,1,ongoing,9600,1200.000,9045,25900,9045,25900,1454,6051,5,10,12,17,14,93,2357,1701,26,115,7,0,148,0,2121,9529,39,13,0,1,0,450,450,399,2700,832366f798aac439e8533772f4eedb9d9b5df579934d97938ab0d2a876f76e5d,39,0,0,0,0,1,0,13,0,0,0,0,0,0,14,93,5,10,0,0,108,21,25652,26070,20,101,12,17,0,1,108,21
320,SHIOXMAR,0,16,32,32,1,0,win,2797,349.625,9395,0,9395,0,21046,17448,0,0,22,28,0,0,0,0,1,0,62,0,63,2529,2529,2529,0,0,0,0,1,225,225,399,2700,f66ead23789e4a0fded25c9088a9d522857cfefb4a5f3e3186263bc76991c0c6,0,0,0,0,0,0,0,0,0,0,0,1,0,0,0,0,0,0,0,0,9,22,23565,20506,41,5,22,28,0,0,9,22
320,SHIOXMAR,0,16,32,32,1,1,win,3426,428.250,0,8296,0,8296,5319,37516,0,0,25,8,0,0,0,0,0,4,106,0,110,3185,3185,3185,0,0,0,0,1,225,225,399,2700,b00d2ef1d711dc6770c6a65535b3fef8c1b75885da77cc496163c860ce979b54,0,0,0,0,0,0,0,0,0,0,1,0,0,0,0,0,0,0,0,0,13,6,19619,28920,10,67,25,8,0,0,13,6
321,HURTUSLUG,0,16,32,32,1,0,win,5067,633.375,35518,0,35518,0,5089,169185,0,0,41,18,0,0,0,0,2,0,84,0,86,4810,4810,4810,0,0,0,0,1,225,225,399,2700,3dd8c2b81c5b191a7780df7b12b03873a1da6db9a526368a74851cb50f543f79,0,0,0,0,0,0,0,0,0,0,1,0,0,0,0,0,0,0,0,0,28,86,58963,14399,43,10,41,18,0,0,28,86
321,HURTUSLUG,0,16,32,32,1,1,win,3099,387.375,0,19678,0,19678,51996,20257,0,0,22,32,0,0,0,0,0,3,108,0,111,2881,2881,2881,0,0,0,0,1,225,225,399,2700,ab805d85938ee886b6b1a817fcc9679f42b1ff2ba67b2bc8943ab16559743d57,0,0,0,0,0,0,0,0,0,0,0,1,0,0,0,0,0,0,0,0,27,28,14943,29840,11,43,22,32,0,0,27,28
322,JOSDIEHILL,0,16,32,32,1,0,win,3614,451.750,26738,0,26738,0,4414,125262,0,0,33,19,0,0,0,0,1,0,132,0,133,3321,3321,3321,0,0,0,0,1,225,225,399,2700,54bb0ca3d69ddb98a92dda6a703fd46ce3609b12d1b1464d09da0ebdb7549747,0,0,0,0,0,0,0,0,0,0,1,0,0,0,0,0,0,0,0,0,55,101,41402,14128,61,11,33,19,0,0,55,101
322,JOSDIEHILL,0,16,32,32,1,1,win,3041,380.125,0,24188,0,24188,39783,12092,0,0,17,29,0,0,0,0,0,6,116,0,122,2833,2833,2833,0,0,0,0,1,225,225,399,2700,2d3e30c54a902af7d29256f67734b1a67e5e635f4ecc73c451649ba8e07012b4,0,0,0,0,0,0,0,0,0,0,0,1,0,0,0,0,0,0,0,0,9,18,11610,37235,23,63,17,29,0,0,9,18
323,TIMQUEMET,0,16,32,32,1,0,win,3808,476.000,7403,0,7403,0,3198,186370,0,0,23,49,0,0,0,0,2,0,201,0,203,3545,3545,3545,0,0,0,0,1,225,225,399,2700,694f63f6be57beb4cf9e1aef0384f6b8c6bafb135cc50976abe32179852f5120,0,0,0,0,0,0,0,0,0,0,1,0,0,0,0,0,0,0,0,0,53,114,44192,34339,99,22,23,49,0,0,53,114
323,TIMQUEMET,0,16,32,32,1,1,loss,3915,489.375,1941,0,1941,0,54034,-250,0,0,32,16,0,0,0,0,1,0,122,0,123,3401,3401,3401,0,0,0,0,1,225,225,399,2700,2ced1a3fa19b11bc8b9992781607937e1a825f13fb7a8bbdcc4092a691be8be3,0,0,0,0,0,0,0,0,0,0,1,0,0,0,0,0,0,0,0,0,62,18,24000,28527,12,73,32,16,0,0,62,18
324,CALUER,0,16,32,32,1,0,win,4275,534.375,19077,0,19077,0,17874,187712,0,0,32,28,0,0,0,0,6,0,117,0,123,4066,4066,4066,0,0,0,0,1,225,225,399,2700,378a0a7d58ac747a97f6c9fbe215b78cb4fbf84244174913de3edad879d2c506,0,0,0,0,0,0,0,0,0,0,1,0,0,0,0,0,0,0,0,0,83,97,43524,20703,58,10,32,28,0,0,83,97
324,CALUER,0,16,32,32,1,1,win,3299,412.375,0,16782,0,16782,102621,9066,0,0,20,38,0,0,0,0,0,3,64,0,67,3065,3065,3065,0,0,0,0,1,225,225,399,2700,b3e5669ec4bd52abf460fcf4264003be992139cd066093920fc872e27a47de4a,0,0,0,0,0,0,0,0,0,0,0,1,0,0,0,0,0,0,0,0,40,32,14391,27585,11,32,20,38,0,0,40,32
325,SCODEING,2,18,2,2,1,0,ongoing,9600,1200.000,103063,60555,103063,60555,19818,83896,81,32,85,51,33,9,0,0,126,57,9,0,192,0,0,0,0,0,0,0,0,225,225,399,2700,7e3f9fde4f860dea76be47c3170c3d8ea0064bc9509b2cc2be5b39b87270d48f,0,0,2,45,0,0,0,0,0,0,0,0,0,0,33,9,81,32,0,0,141,214,142210,97028,44,15,85,51,0,0,141,214
325,SCODEING,2,18,2,2,1,1,ongoing,9600,1200.000,3759,195264,3759,195264,178498,6631,1,82,49,83,12,63,0,0,15,172,13,0,200,0,0,0,0,0,0,0,0,225,225,399,2700,1afba986ad348606ed07fd9eaa70b3cf9af7d0fe2b385da6d93928d8f2a26403,0,0,0,19,0,0,0,0,0,0,0,0,0,0,12,63,1,82,0,0,134,69,81812,195264,24,66,49,83,0,0,134,69
326,SWADIORD,2,18,2,2,1,0,ongoing,9600,1200.000,78057,38982,78057,38982,1824,263961,65,28,77,45,27,4,0,0,104,45,17,0,166,0,0,0,0,0,0,0,0,225,225,399,2700,544deece7b917b82a18e688a470582e50ccd5dd0b63947d748cb4ed44585a3f7,0,0,1,6,0,0,0,0,0,0,0,0,0,0,27,4,65,28,0,0,155,201,92978,85699,51,10,77,45,0,0,155,201
326,SWADIORD,2,18,2,2,1,1,win,2325,290.625,0,16230,0,16230,-250,2171,0,10,1,14,0,19,0,0,0,37,8,0,45,0,0,0,0,0,0,0,0,225,225,399,2700,10a765840de26e66eaccc81f4d808708d5de39ec3033a0a4d0ca6dcefafd62fd,0,0,0,0,0,0,0,0,0,0,0,0,0,0,0,19,0,10,0,0,0,8,736,16328,11,20,1,14,0,0,0,8
327,KILLWILCON,2,18,2,2,1,0,ongoing,9600,1200.000,98652,64944,98652,64944,4980,213313,60,27,60,46,37,7,0,0,106,50,4,0,160,0,0,0,0,0,0,0,0,225,225,399,2700,e6dbec78e6baadc8aee61fe23dbff29241d32bb44313ce85e0469b0a3c821bb8,0,0,4,0,0,0,0,0,0,0,0,0,0,0,37,7,60,27,0,0,48,147,98878,98895,47,14,60,46,0,0,48,147
327,KILLWILCON,2,18,2,2,1,1,ongoing,9600,1200.000,59147,68958,59147,68958,234525,1098,22,55,56,57,7,58,0,0,47,127,7,0,181,0,0,0,0,0,0,0,0,225,225,399,2700,347f2a316b309c6c116845a5ed37b7dfa02d3b171bf498d9fd3c9bfe4288b495,0,0,0,1,0,0,0,0,0,0,0,0,0,0,7,58,22,55,0,0,157,95,120388,69201,16,73,56,56,0,0,157,95
328,EOAINGILL,2,18,2,2,1,0,ongoing,9600,1200.000,52954,75810,52954,75810,579,206952,45,31,50,52,50,0,0,0,118,49,0,0,167,0,0,0,0,0,0,0,0,225,225,399,2700,128ead29b044e03798a176dbfc3498b7f080a3df8b51276216eb9b314f8cf4c8,0,0,3,0,0,0,0,0,0,0,0,0,0,0,50,0,45,31,0,0,69,146,52954,108741,58,9,50,52,0,0,69,146
328,EOAINGILL,2,18,2,2,1,1,ongoing,9600,1200.000,17876,70367,17876,70367,32705,45277,17,40,35,45,12,70,0,0,38,122,0,0,160,0,0,0,0,0,0,0,0,225,225,399,2700,8da40adde2ce7bb9718bd209786ef3b9668d4d7230c857494633e8e21c93cc16,0,0,17,2,0,0,0,0,0,0,0,0,0,0,12,71,17,40,0,0,124,138,50654,70367,14,71,35,45,0,0,124,138
329,BURIHILL,2,18,2,2,1,0,ongoing,9600,1200.000,114394,44521,114394,44521,4036,321012,68,27,68,63,54,5,0,0,131,50,13,0,194,0,0,0,0,0,0,0,0,225,225,399,2700,eced1a7ea7748fa2a34b04a3f4a0af188f202fa4e35e713829432c51856b2b87,0,0,5,1,0,0,0,0,0,0,0,0,0,0,54,5,68,27,0,0,68,232,114394,132737,68,13,68,63,0,0,68,232
329,BURIHILL,2,18,2,2,1,1,ongoing,9600,1200.000,26783,175752,26783,175752,199928,47437,12,77,56,80,8,63,0,0,30,160,8,0,198,0,0,0,0,0,0,0,0,225,225,399,2700,b2a6b789fc862ab031f4298c761db6a20ce943f219b7ccdf26362f405958da72,0,0,0,3,0,0,0,0,0,0,0,0,0,0,8,63,12,77,0,0,150,92,111301,175752,23,69,56,80,0,0,150,92
330,MORCEMET,0,16,63,63,1,0,win,7441,930.125,31446,0,31446,0,15924,-250,0,0,34,30,0,0,0,0,2,0,95,0,97,7209,609,7209,54,24,0,16,1,225,45,399,2700,20cbe577e3771ca9829be9fe7f2bf8db5b93042192db269d7f1c47042a7945f5,8,46,0,0,8,8,2,22,0,0,1,0,0,0,0,0,0,0,0,0,76,277,59448,33912,108,29,34,30,1,4,76,277
330,MORCEMET,0,16,63,63,1,1,loss,5903,737.875,67904,0,67904,0,1434,-250,39,0,39,20,4,0,0,0,56,0,58,0,114,0,289,5889,17,31,0,13,0,225,45,399,2700,2ca24b34c92cdd36d634c5bc505f50e96e0009d666066f84a527b5b275e1279a,0,17,1,0,13,0,31,0,0,0,0,0,0,0,4,0,39,0,3,0,214,1,67989,18810,24,48,39,20,6,0,214,1
331,NIMASED,0,16,63,63,1,0,win,5312,664.000,33142,0,33142,0,13600,-250,0,0,25,29,0,0,0,0,2,0,108,0,110,5081,1049,5081,22,10,0,8,1,225,45,399,2700,78edfbbd2c587e18ea3ef4134c21efcc6913d68d6e9c9e5bf55ab3ff8e605af5,2,20,0,0,6,2,0,10,0,0,1,0,0,0,0,0,0,0,0,0,93,88,52623,18115,87,18,25,29,1,1,93,88
331,NIMASED,0,16,63,63,1,1,loss,5750,718.750,112204,0,112204,0,3209,442,58,0,58,1,2,0,0,0,80,0,1,0,81,0,305,5733,1,42,0,9,0,225,45,399,2700,190ef4fdfe6c6c3410627b2d9eef5269a1136f9e2627e269ea15e325a8d49f57,0,1,2,0,9,0,42,0,0,0,0,0,0,0,2,0,58,0,3,0,21,0,114134,3118,13,16,58,1,4,0,21,0
332,BILSODHAM,0,16,63,63,1,0,loss,4202,525.250,2,49141,0,49141,-250,1623,0,53,7,55,0,12,0,0,0,77,32,2,111,0,689,4193,16,13,0,6,0,225,45,399,2700,370434bd87d23ba485669b602fc51eb18ca52675fb96a243bbd6561f116f88f3,4,12,0,2,0,6,0,13,0,0,0,0,0,0,0,12,0,53,0,2,0,83,19164,49164,45,23,7,55,0,5,0,83
332,BILSODHAM,0,16,63,63,1,1,ongoing,9600,1200.000,27659,79127,27659,79125,7958,58344,0,45,37,46,0,112,0,0,5,201,0,2,208,0,297,9489,100,35,0,14,0,225,45,399,2700,d82228c54877bd7afc1e61065b2986fca2a73867dfd2dd5b8c82d326b887a930,72,28,1,0,12,2,35,0,0,0,0,0,0,0,0,113,0,45,3,0,615,35,61665,79127,14,134,37,46,7,1,615,35
333,RINGOUTOND,0,16,63,63,1,0,win,4273,534.125,6506,0,6506,0,17911,-81,0,0,27,26,0,0,0,0,2,0,115,0,117,4036,737,4036,9,11,0,6,1,225,45,399,2700,ebcad59fc36e1c6206d983f7b36d19c32effd11070b7a688b80f9588632edd46,9,0,0,0,3,3,0,11,0,0,1,0,0,0,0,0,0,0,0,0,65,94,29220,19556,66,19,27,26,1,3,65,94
333,RINGOUTOND,0,16,63,63,1,1,loss,6137,767.125,71969,1,71969,0,1628,-250,38,0,39,14,4,0,0,0,56,0,45,1,102,0,337,6129,35,30,0,11,0,225,45,399,2700,45d0c2e1ef1201e02bf7c9d0dadbffe3b7d3094a7c8b9288d36a713e02b45c7c,30,5,1,0,11,0,30,0,0,0,0,0,0,0,4,0,38,0,3,0,277,1,71981,14134,14,55,39,14,5,0,277,1
334,WEAVACON,0,16,63,63,1,0,win,2640,330.000,20567,0,20567,0,29113,-250,0,0,49,20,0,0,0,0,1,0,92,0,93,2402,601,2402,11,1,0,1,1,225,45,399,2700,84f307a0ba13327dc38e5c0f5698ba3d02f88b273859d5c088d190008a8d242b,11,0,0,0,1,0,0,1,0,0,1,0,0,0,0,0,0,0,0,0,22,2,29264,9125,13,18,49,20,1,0,22,2
334,WEAVACON,0,16,63,63,1,1,loss,2935,366.875,38066,0,38066,0,3985,-172,45,0,45,0,1,0,0,0,58,0,6,0,64,0,1217,2907,0,11,0,3,0,225,45,399,2700,fcc949885496d07957c0d9e017544e0a1da1e339b317600cb9b48c427805423e,0,0,2,0,3,0,11,0,0,0,0,0,0,0,1,0,45,0,2,0,16,0,38083,3243,7,14,45,0,3,0,16,0
335,ALPUSILL,1,18,62,5,1,0,win,7180,897.500,32207,0,32207,0,13872,-250,0,0,76,30,0,0,0,0,2,0,160,0,162,6961,1417,6961,45,0,0,7,1,225,90,399,2700,e1a7e4a805f69e4c6d853a473796e20ff781e5352ffea4f4d8ad4261a69b9261,0,45,1,0,3,4,0,0,0,0,1,0,0,0,0,0,0,0,0,0,114,208,144251,32607,68,10,76,30,1,2,114,208
335,ALPUSILL,1,18,62,5,1,1,win,5407,675.875,1,143336,0,143336,-250,11358,0,41,28,41,0,115,0,0,0,185,5,1,191,0,1649,5260,41,0,0,4,0,225,90,399,2700,137a9726930f13a75e581bab470adbc4d7b4b76d5bf0c7d1d9f712d21bbf0d5f,0,41,0,0,3,1,0,0,0,0,0,0,0,0,0,115,0,41,0,1,72,16,25722,143645,25,116,28,41,3,1,72,16
336,BADDIETORY,1,18,62,5,1,0,ongoing,9600,1200.000,47715,56248,47715,56248,7411,7521,21,25,27,46,111,4,0,0,169,39,0,0,208,0,633,9323,52,4,0,17,0,225,90,399,2700,32f3f0891e9b50e4725d7a3695b34130a1387ef5a9825d6241d7b763c48c72ae,0,52,8,0,3,14,4,0,0,0,0,0,0,0,111,4,21,25,0,3,9,317,58964,71565,142,12,27,46,1,5,9,317
336,BADDIETORY,1,18,62,5,1,1,win,8551,1068.875,1,149834,0,149834,-250,28256,0,30,31,30,0,144,0,0,0,204,3,1,208,0,1633,8175,84,3,0,7,0,225,90,399,2700,54826d35e85ab3d6f245ce590641bcf0fe15967ed7d5242dd41b74b1c22cf774,0,84,0,0,6,1,3,0,0,0,0,0,0,0,0,145,0,30,0,1,161,18,29974,150194,29,145,31,30,3,1,161,18
337,IMMQUEEND,1,18,62,5,1,0,win,5745,718.125,55731,0,55731,0,9338,-250,0,0,47,32,0,0,0,0,8,0,173,0,181,5544,1841,5544,20,1,0,6,1,225,90,399,2700,e7b66fd3eccd02804f63b61c4d8e85179009f6f55c7c838b736c0478fe253e25,0,20,2,0,5,1,1,0,0,0,1,0,0,0,0,0,0,0,0,0,66,67,98225,43198,84,23,47,32,1,1,66,67
337,IMMQUEEND,1,18,62,5,1,1,win,9077,1134.625,0,106144,0,106144,1,7249,0,41,29,41,0,98,0,0,0,164,7,0,171,0,2049,8953,39,6,0,13,0,225,90,399,2700,77beb73de6cea8e0713c1cf522993cce955eb89bb80dba0be7d3e5f6f82e0894,0,39,0,0,13,0,6,0,0,0,0,0,0,0,0,98,0,41,0,0,317,44,43483,106256,24,99,29,41,4,0,317,44
338,HOBUED,1,18,62,5,1,0,win,7943,992.875,44721,0,44721,0,19699,-250,0,0,74,32,0,0,0,0,5,0,153,0,158,7730,721,7730,38,1,0,11,1,225,90,399,2700,dda05dc2425392488e78d9c7619aa75286e41d913cabbdddc683b626ca410707,0,38,7,0,8,3,1,0,0,0,1,0,0,0,0,0,0,0,0,0,74,100,126657,48668,71,15,74,32,1,1,74,100
338,HOBUED,1,18,62,5,1,1,win,8116,1014.500,0,183985,0,183985,119,6417,0,68,49,68,0,81,0,0,0,183,6,0,189,0,1968,8064,65,6,0,10,0,225,90,399,2700,bcead80b4c9e1ad305550d5a82754e8da8261138c5f4a1cfb21e36930227df5d,0,65,0,0,10,0,6,0,0,0,0,0,0,0,0,81,0,68,0,0,213,20,71088,184173,15,94,49,68,6,0,213,20
339,BUGDEHAM,1,18,62,5,1,0,win,9096,1137.000,35773,0,35773,0,7332,-250,0,0,41,25,0,0,0,0,2,0,179,0,181,8867,929,8867,34,3,0,14,1,225,90,399,2700,6caaf068e7f8a283d3d679a13fdfb69ee81a7c9e2bf3b51283f9dedf11d0b585,0,34,1,0,10,4,3,0,0,0,1,0,0,0,0,0,0,0,0,0,103,149,100043,31761,129,18,41,25,2,2,103,149
339,BUGDEHAM,1,18,62,5,1,1,win,8413,1051.625,1,207894,0,207894,-133,38376,0,47,29,49,0,138,0,0,0,207,0,1,208,0,2715,8025,79,2,0,4,0,225,90,399,2700,053e3fcd2d87c2f35c1517f83f8ed1b139d041169cdc82f362d0a290a886fdda,0,79,0,0,3,1,2,0,0,0,0,0,0,0,0,138,0,47,0,1,113,39,22819,208058,30,139,29,49,2,1,113,39
340,SHADOZOND,2,16,63,6,2,0,loss,4390,548.750,2,64887,0,64887,-250,10719,0,37,3,37,0,9,711,1186,0,60,4,2,66,0,2424,4217,0,0,0,5,0,225,135,399,2700,a5031979f9b649c1c57082cc38275e94a111365dfefe911908519ef093d1137e,0,0,0,0,0,5,0,0,0,0,0,0,0,0,0,9,0,37,0,3,0,41,7266,65081,16,15,3,37,0,3,0,41
340,SHADOZOND,2,16,63,6,2,1,win,8558,1069.750,1,182917,0,182917,-250,82343,0,72,33,72,0,82,3258,3424,0,175,1,1,177,0,2585,8534,0,6,0,15,0,225,135,399,2700,fd2e4a00ddef552b5cda6f5ce2e8a82754af730d3fae68993b5d5a9f5d5f93c6,0,0,0,2,2,13,6,0,0,0,0,0,0,0,0,82,0,72,0,2,105,107,49579,183101,24,86,33,72,2,3,105,107
341,CORWILLOW,2,16,63,6,2,0,ongoing,9600,1200.000,34808,65142,34808,65142,1261,62457,17,31,26,38,74,4,3321,2344,99,46,17,0,162,0,2255,9532,14,0,0,16,0,225,135,399,2700,9783ddb1a034ede6a39fd872009d13d33f4f5de89325575b517ed147f85fa13c,14,0,0,0,0,16,0,0,0,0,0,0,0,0,74,4,17,31,0,3,25,237,35057,69126,89,23,26,38,0,5,25,237
341,CORWILLOW,2,16,63,6,2,1,loss,4514,564.250,83871,2,83871,0,2275,-250,45,0,45,2,5,0,1461,845,59,0,2,2,63,0,2217,4447,4,1,0,2,0,225,135,399,2700,e6e1ed0436c80a37891ab48361d94f94a093e79c51297be1395b8fd30d620a79,4,0,0,0,2,0,1,0,0,0,0,0,0,0,6,0,45,0,1,0,28,0,83923,3610,8,10,45,2,2,0,28,0
342,BININGICK,2,16,63,6,2,0,loss,3396,424.500,1,39216,0,39216,-250,19059,0,30,2,30,0,13,353,889,0,46,5,1,52,0,2395,2395,0,0,0,1,0,225,135,399,2700,62e16be009414bc17d6f78b1f82ce21a2a777058fbeb120c1b99177d0f410e08,0,0,0,0,0,1,0,0,0,0,0,0,0,0,0,13,0,30,0,1,0,17,3635,39262,6,15,2,30,0,1,0,17
342,BININGICK,2,16,63,6,2,1,win,8955,1119.375,2,85744,0,85744,-250,10067,0,39,26,39,0,78,4112,2477,0,137,7,2,146,0,2345,8795,1,0,0,21,0,225,135,399,2700,2d71a38e41d53d3baac0b8f9a43673ae2fbf8ad38ea755593bd6ebce4c433f5d,1,0,0,22,0,21,0,0,0,0,0,0,0,0,0,79,0,39,0,2,17,172,38248,85870,46,84,26,39,0,3,17,172
343,SADITORY,2,16,63,6,2,0,ongoing,9600,1200.000,140565,26424,140565,26424,36021,1646,61,15,65,32,77,14,3362,3674,163,32,5,0,200,0,1721,9559,10,0,0,25,0,225,135,399,2700,cd2c0327c447b9f13c8bd6eeeec1126ddf458ed86e3e3b0d28eb1ded9dd3a9f2,10,0,0,8,13,12,0,0,0,0,0,0,0,0,78,14,61,15,2,0,116,222,141046,55763,82,23,65,32,3,3,116,222
343,SADITORY,2,16,63,6,2,1,loss,3451,431.375,51003,2,51003,0,2172,-250,34,0,34,0,11,0,1036,689,52,0,9,2,63,0,2337,3377,0,1,0,2,0,225,135,399,2700,fd113051ce12b8eb0f02b02c36343315ec30c174fb3c4d3b1447b7a8d3efbfa2,0,0,0,0,2,0,1,0,0,0,0,0,0,0,11,0,34,0,2,0,14,0,51065,1521,15,10,34,0,2,0,14,0
344,LOWCEEND,2,16,63,6,2,0,win,8603,1075.375,142986,2,142986,0,61744,-250,68,0,68,26,49,0,2659,2281,140,0,14,2,156,0,3657,8585,1,0,0,14,0,225,135,399,2700,9ce8a22a48b2f7617ec77d78c9d7e242aea6bbee28f547e71cdcb132cd27ba6c,1,0,0,1,14,0,0,0,0,0,0,0,0,0,49,0,68,0,3,0,109,7,143064,26769,65,21,68,26,3,0,109,7
344,LOWCEEND,2,16,63,6,2,1,ongoing,9600,1200.000,68584,32042,68584,32042,5933,8795,31,17,43,21,6,86,3097,2695,49,116,3,0,168,0,2609,9313,4,1,0,19,0,225,135,399,2700,388847c49fac4ad94c8ccc3e2f4fa7b0299634e901f8c9ad2431ff7e6ab68e5b,4,0,1,15,13,6,1,0,0,0,0,0,0,0,6,86,31,17,5,0,180,26,83654,32042,20,87,43,21,6,2,180,26
345,QAZASME,3,18,62,12,4,0,ongoing,9600,1200.000,20168,64741,20168,64741,4044,4874,5,7,12,29,95,10,2176,2402,158,28,15,0,201,0,1185,9465,0,60,0,12,0,225,180,399,2700,3125fcef59615e9a38cb09d39afb1f31597436f17687d5b8109174be8cdc9552,0,0,6,0,3,9,1,59,0,0,0,0,0,0,95,10,5,7,0,2,70,504,23430,83618,96,31,12,29,1,5,70,504
345,QAZASME,3,18,62,12,4,1,ongoing,9600,1200.000,75394,19409,75394,19409,8868,5619,5,9,27,9,26,50,2389,1939,52,95,5,0,152,0,1049,9401,0,57,0,6,0,225,180,399,2700,f4fd5ceef0e7351c0497e31bac55b9aacd4e43ca1c41df9859f5578a7b9085f5,0,0,1,0,5,1,54,3,0,0,0,0,0,0,26,50,5,9,2,0,258,77,90267,19445,30,56,27,9,4,1,258,77
346,VERYHIPOLD,3,18,62,12,4,0,loss,6146,768.250,0,78840,0,78840,-250,6684,0,17,2,29,0,14,715,1477,0,37,55,0,92,0,1009,6037,0,31,0,12,0,225,180,399,2700,495d66e9b2a322033fcdfc55391d07658a1b6d8dbed5e6f1c8b81c9856b6eea8,0,0,0,0,0,12,1,30,0,0,0,0,0,0,0,14,0,17,0,1,6,215,18629,94068,46,21,2,29,0,6,6,215
346,VERYHIPOLD,3,18,62,12,4,1,win,6542,817.750,2,65845,0,65845,1988,48687,0,16,12,16,0,91,1610,1357,0,154,16,2,172,0,1281,6046,0,15,0,7,0,225,180,399,2700,bb812db694d5dd752a94d1f996057bcb19cf26c078a7cecc5f97cefecb462d84,0,0,0,0,1,6,6,9,0,0,0,0,0,0,0,91,0,16,0,1,61,72,27567,66112,37,91,12,16,1,1,61,72
347,MINOUTBOY,3,18,62,12,4,0,ongoing,9600,1200.000,9816,138400,9816,138400,23,5505,0,41,5,41,19,7,1242,2132,38,67,46,0,151,0,1025,9569,0,64,0,28,0,225,180,399,2700,411a2f46e85ea9ddae77778ee84605bfcbfdeba16c748dae07304b53678b81e7,0,0,4,0,0,28,2,62,0,0,0,0,0,0,19,7,0,41,0,5,5,446,25893,161867,69,30,5,41,0,6,5,446
347,MINOUTBOY,3,18,62,12,4,1,loss,6989,873.625,108099,1,108099,0,1839,-250,24,0,35,5,11,0,1716,1378,49,0,56,1,106,0,1385,6977,0,33,0,14,0,225,180,399,2700,f9f645782e641f3ee82bd3a36f2de136224fed006fffd2802c39c6d624917f65,0,0,0,0,13,1,32,1,0,0,0,0,0,0,11,0,24,0,3,0,259,32,108214,14885,38,41,35,5,6,1,259,32
348,HAMALOW,3,18,62,12,4,0,ongoing,9600,1200.000,23078,123990,23077,123990,645,7695,0,31,11,34,32,2,1765,2327,47,46,2,1,96,0,1185,9569,0,51,0,22,0,225,180,399,2700,c3a60ca3f082ea66ad3e2a01587251dd9a75bfd21f52d7b5a4501420d159d1a8,0,0,10,0,3,19,3,48,0,0,0,0,0,0,32,3,0,30,0,4,28,252,28456,134614,45,37,11,34,1,4,28,252
348,HAMALOW,3,18,62,12,4,1,loss,6081,760.125,163311,0,163311,0,5447,-250,47,0,47,5,4,0,1400,945,61,0,41,0,102,0,929,6057,0,47,0,13,0,225,180,399,2700,d24ac00c187417423384db1a341e68c894f4e7077cc9b4b44802a497050a8ff7,0,0,0,0,11,2,47,0,0,0,0,0,0,0,4,0,47,0,4,0,111,10,163325,13978,14,46,47,5,5,1,111,10
349,FUTUSICK,3,18,62,12,4,0,ongoing,9600,1200.000,87411,43588,87411,43588,58141,3820,22,6,22,25,70,8,2336,2409,140,22,22,0,184,0,1305,9505,0,44,0,6,0,225,180,399,2700,b45ad3f720ddcb5a9fe9860957a0d4faf32f45307621bc914d9e25b6017de828,0,0,34,0,1,5,5,39,0,0,0,0,0,0,70,8,22,6,1,2,100,420,90180,65410,82,35,22,25,1,3,100,420
349,FUTUSICK,3,18,62,12,4,1,ongoing,9600,1200.000,132607,14497,132607,14495,10836,-129,15,2,27,4,19,54,2335,1418,53,89,1,2,145,0,1297,9473,0,55,0,22,0,225,180,399,2700,7d4b11cfe636712d4bdee9f5426cd888da40217c793a3f565fd79d65522b6472,0,0,0,0,21,1,54,1,0,0,0,0,0,0,19,54,15,2,5,0,546,39,132607,21240,30,59,27,4,7,1,546,39
350,SUZDIEHOLE,0,18,62,20,3,0,ongoing,9600,1200.000,27484,7423,27484,7423,57467,-118,23,0,23,20,8,16,3135,3283,40,26,22,0,88,0,1807,8092,0,2,3,6,0,225,225,399,2700,4f086e9c12fbc1c1df8b098b55400b9112f739bf41a8f88926121a795a3fec9a,0,0,11,0,2,4,2,0,0,3,0,0,0,0,8,16,23,0,1,0,70,128,29286,22343,26,34,23,20,1,2,70,128
350,SUZDIEHOLE,0,18,62,20,3,1,win,4911,613.875,1,44542,0,44542,1887,110163,0,32,16,32,0,63,1536,1604,0,127,14,1,142,0,1747,4552,0,5,0,6,0,225,225,399,2700,61b175e9e972f29a08a25f8205cbf4415c5736790f8e91186a4abbf301e650e7,0,0,1,0,2,4,5,0,0,0,0,0,0,0,0,63,0,32,0,1,94,51,17724,45070,24,77,16,32,2,1,94,51
351,DOUQUELAS,0,18,62,20,3,0,win,5334,666.750,16341,0,16341,0,20034,10196,0,0,21,19,0,0,1572,1744,3,0,46,0,49,5107,1361,5107,0,1,1,6,1,225,225,399,2700,d6249f2b5dc1f75f2e315e1d52a9fd52ea305642b1eded153d244739cbe0ee4b,0,0,7,0,3,3,1,0,0,1,1,0,0,0,0,0,0,0,0,0,57,15,33015,18969,54,32,21,19,1,1,57,15
351,DOUQUELAS,0,18,62,20,3,1,ongoing,9600,1200.000,58450,3317,58450,3317,8556,13,26,0,26,10,9,9,3242,2154,41,12,81,0,134,0,1483,9484,0,34,0,14,0,225,225,399,2700,1deabb06e31c0a4c578058cc4e9d78c33ef349aefd9c05e6142bd174f4f6ceb3,0,0,0,0,12,2,34,0,0,0,0,0,0,0,9,9,26,0,3,0,405,94,58450,17754,36,66,26,10,4,1,405,94
352,SHIUME,0,18,62,20,3,0,win,7747,968.375,50570,0,50570,0,10392,-250,0,0,30,21,0,0,2384,2577,8,0,101,0,109,7513,1099,7513,0,1,2,5,1,225,225,399,2700,e87849fe8f3e6b6af07c7b26bb81aab2e51863582b6a386a4ae54db2199680b2,0,0,17,0,3,2,1,0,0,2,1,0,0,0,0,0,0,0,0,0,83,61,54034,18684,60,30,30,21,1,2,83,61
352,SHIUME,0,18,62,20,3,1,ongoing,9600,1200.000,1101,109115,1101,109115,5682,293594,0,44,28,44,0,60,2284,2334,1,138,32,0,171,0,1603,9423,0,23,0,14,0,225,225,399,2700,e82c16ddf53a679eb515db62f828479c6ebece799c15e96d1479e697fd5685f2,0,0,4,0,3,11,23,0,0,0,0,0,0,0,0,60,0,44,1,0,238,47,46239,112666,28,110,28,44,3,1,238,47
353,HURTPEOLD,0,18,62,20,3,0,ongoing,9600,1200.000,1,16560,1,16560,-220,512,0,0,21,20,0,0,2011,3306,1,30,32,0,63,0,1612,9514,0,2,4,7,0,225,225,399,2700,b5617c0eab37406b1f1be8774aa5baa01967e545d9407a887844196d91746f4b,0,0,9,0,1,6,2,0,0,4,0,0,0,0,0,0,0,0,0,3,7,118,18831,30708,25,38,21,20,1,3,7,118
353,HURTPEOLD,0,18,62,20,3,1,win,8396,1049.500,0,53009,0,53009,1019,87523,0,19,24,25,0,90,2372,2481,0,153,7,0,160,0,1537,7967,0,22,0,15,0,225,225,399,2700,9a0d7987e779d303a56cf097856ec78cc5f02e39ac25383059738b011797e28a,0,0,1,0,8,7,22,0,0,0,0,0,0,0,0,90,0,19,0,1,327,71,32306,53234,32,96,24,25,5,1,327,71
354,JOSOZBOY,0,18,62,20,3,0,win,2905,363.125,16340,0,16340,0,10690,-250,3,0,5,19,34,0,938,892,56,0,51,0,107,0,1864,2161,0,0,1,1,0,225,225,399,2700,965f124e5afa07a67cf6ef9e7522e7ef8983f069c1b6092da19faa622b976a34,0,0,2,0,1,0,0,0,0,1,0,0,0,0,34,0,3,0,1,0,16,7,16973,13434,52,20,5,19,1,0,16,7
354,JOSOZBOY,0,18,62,20,3,1,win,7227,903.375,0,68011,0,68011,1885,149617,0,23,26,26,0,92,2056,2107,0,153,8,0,161,0,1441,6244,0,14,0,12,0,225,225,399,2700,e238d52f8ccf1c622fe64bb9e034621ed39c34126eabdc30feebf564a9466c09,0,0,1,0,3,9,14,0,0,0,0,0,0,0,0,92,0,23,0,0,192,44,29477,68061,23,94,26,26,3,2,192,44
355,TIMWILDOR,1,18,63,4,2,0,win,6762,845.250,29303,0,29303,0,24370,6624,0,0,31,34,0,0,2153,2104,1,0,184,0,185,6513,1163,6513,12,0,0,22,1,225,270,399,2700,80d3a296b7d4d757b5077855f357e73b9320b0051b820eb24bade8e09879dc2c,12,0,0,0,9,13,0,0,0,0,1,0,0,0,0,0,0,0,0,0,51,146,104184,59188,117,30,31,34,1,3,51,146
355,TIMWILDOR,1,18,63,4,2,1,ongoing,9600,1200.000,15844,133604,15844,133604,2575,109553,3,30,36,43,19,111,3112,4187,31,176,1,0,208,0,1609,9537,8,7,0,34,0,225,270,399,2700,f0109827a07eacde49a43cc0a0ecec6ccf9521df3077bd75ef0cca441125bb33,8,0,1,0,16,18,7,0,0,0,0,0,0,0,19,111,3,30,0,1,276,94,62739,135858,19,126,36,43,5,2,276,94
356,CALINGPAL,1,18,63,4,2,0,win,7684,960.500,23942,0,23942,0,13325,106495,0,0,44,28,0,0,2120,2770,2,0,117,0,119,7441,1521,7441,8,1,0,13,1,225,270,399,2700,14f94c1d7cdd1176a2e3e0b9c53a9b1a599df83bd6b3ae8b7d99b936b3ca3c23,8,0,0,0,8,5,1,0,0,0,1,0,0,0,0,0,0,0,0,0,118,221,120963,39428,90,29,44,28,2,2,118,221
356,CALINGPAL,1,18,63,4,2,1,loss,8756,1094.500,121894,3,121894,0,2643,-250,47,0,47,7,1,0,3598,2422,55,0,68,3,126,0,2161,8689,0,14,0,17,0,225,270,399,2700,95d5a0cb317757ee31078bc0fc6ea7ae29f8fb8871104ed1740d4e3c1b04f12d,0,0,0,0,16,1,14,0,0,0,0,0,0,0,1,0,47,0,2,0,383,22,121972,15586,13,88,47,7,5,1,383,22
357,SCOIHOLE,1,18,63,4,2,0,win,6896,862.000,36724,0,36724,0,24927,183,0,0,50,34,0,0,2862,2552,3,0,182,0,185,6665,1129,6665,11,0,0,24,1,225,270,399,2700,c4226f1baa6fd555d761682f4f4f0b3b36b85f2cbcba7987b77f047b67fccfc5,11,0,0,0,9,15,0,0,0,0,1,0,0,0,0,0,0,0,0,0,59,200,142943,52888,108,27,50,34,1,4,59,200
357,SCOIHOLE,1,18,63,4,2,1,ongoing,9600,1200.000,32922,181731,32922,181731,1759,155378,15,56,37,66,4,80,3254,3783,29,163,6,0,198,0,2281,9516,0,19,0,13,0,225,270,399,2700,d6378629e3f80b9e5a191c97db49548596ee66d52d72a48e7c987217940637e6,0,0,2,0,7,6,19,0,0,0,0,0,0,0,4,80,15,56,1,1,309,116,81446,184598,13,95,37,66,4,2,309,116
358,SWACELAS,1,18,63,4,2,0,win,5936,742.000,30408,0,30408,0,13576,36740,0,0,66,28,0,0,2314,2313,2,0,109,0,111,5707,1377,5707,8,0,0,11,1,225,270,399,2700,693998c6fd55a3a32416a1d58da3b306740c4c7429e836b0687f5b2e25b5f606,8,0,0,0,5,6,0,0,0,0,1,0,0,0,0,0,0,0,0,0,75,138,106232,36196,83,30,66,28,1,2,75,138
358,SWACELAS,1,18,63,4,2,1,ongoing,9600,1200.000,57858,239004,57858,239004,8724,265155,11,23,29,26,3,148,4121,3735,15,193,0,0,208,0,2073,9459,10,4,0,13,0,225,270,399,2700,a49591d8786218807a168678ecf374526035ef387b12b32b5cb82bd8842fec87,10,0,0,0,2,11,4,0,0,0,0,0,0,0,4,148,11,23,0,1,99,58,57858,239004,25,157,29,26,2,3,99,58
359,KILLMPAL,1,18,63,4,2,0,win,8629,1078.625,73668,0,73668,0,10571,56100,0,0,28,35,0,0,3263,3435,18,0,190,0,208,8465,1995,8465,28,0,0,16,1,225,270,399,2700,ecedec3e4be476c0944e867163088769cb5c16b170199223aa9ca7987750752a,28,0,0,0,2,14,0,0,0,0,1,0,0,0,0,0,0,0,0,0,64,419,115243,62540,151,36,28,34,1,6,64,419
359,KILLMPAL,1,18,63,4,2,1,win,7731,966.375,1,90761,0,90761,-250,100129,0,47,30,47,0,95,2712,3463,0,168,26,1,195,0,1705,6953,4,4,0,14,0,225,270,399,2700,d6efab4968f9251a55c61585b9b781227e9497ab5505888fbb9528dc94bcc302,4,0,2,0,6,8,4,0,0,0,0,0,0,0,0,95,0,47,0,1,136,63,40250,90919,28,110,30,47,4,1,136,63
360,EOAHIPPIL,2,16,45,18,1,0,ongoing,9600,1200.000,13568,35645,13568,35645,2419,-128,23,4,23,65,9,10,0,0,36,31,51,0,118,0,4481,9322,8,0,2,0,0,180,315,399,2700,6b20b558de2ebc2ee251babf0e8f42c156e8ca3e8bbe08ac36abf6cfecc2ce3d,8,0,0,0,0,0,0,0,0,2,0,0,0,0,9,12,23,4,0,0,56,63,18015,95230,43,26,23,65,0,0,56,63
360,EOAHIPPIL,2,16,45,18,1,1,ongoing,9600,1200.000,72521,47327,72521,47327,214,24105,13,29,50,30,11,117,0,0,37,163,7,0,207,0,1153,9269,19,9,0,5,0,180,315,399,2700,49c8c45c9d718202818d786a27025a27f12ca12f44128d1d9fa045ccae589efb,19,0,0,2,5,0,9,0,0,0,0,0,0,0,11,117,13,29,2,0,174,65,102128,47327,29,121,50,30,3,0,174,65
361,BUROUTJOB,2,16,45,18,1,0,ongoing,9600,1200.000,64786,16656,64786,16656,958,659,45,21,50,48,20,13,0,0,75,51,51,0,177,0,2986,9585,16,0,2,2,0,180,315,399,2700,37c32677f10e627cf5b8a6345b1c59288cf39adf85b45735cd30b733108020c3,16,0,0,0,2,0,0,0,0,2,0,0,0,0,20,13,45,21,2,0,68,74,65153,55704,80,27,50,48,2,0,68,74
361,BUROUTJOB,2,16,45,18,1,1,ongoing,9600,1200.000,153262,24458,153262,24458,7541,1468,40,38,78,38,5,70,0,0,78,125,4,0,207,0,2041,9436,12,12,0,14,0,180,315,399,2700,251f525a89b24795b29d7974c8485471678d06cf80c57c95433f4caf68a8904d,12,0,0,1,14,0,12,0,0,0,0,0,0,0,5,70,40,38,4,0,240,20,241686,24458,18,78,78,38,7,0,240,20
362,MORADOR,2,16,45,18,1,0,ongoing,9600,1200.000,158681,19545,158681,19545,19689,2652,96,16,97,43,17,6,0,0,123,31,14,0,168,0,2449,9520,5,0,1,9,0,180,315,399,2700,005fd048dcd2ceaa2af8f1c2334deb600d6c6db11319a01d8bb270089a6d4a99,5,0,0,9,9,0,0,0,0,1,0,0,0,0,17,6,96,16,2,0,109,93,158681,54994,57,25,97,43,3,0,109,93
362,MORADOR,2,16,45,18,1,1,loss,5313,664.125,71298,2,71298,0,7080,-250,45,0,45,2,6,0,0,0,65,0,20,2,87,0,3021,5118,0,1,0,6,0,180,315,399,2700,b42ec612dd80ad4ff57e0ea163f5b07e0087f6f083160775c7c45c3b137d7754,0,0,0,0,6,0,1,0,0,0,0,0,0,0,6,0,45,0,2,0,76,0,71316,5765,12,43,45,2,4,0,76,0
363,NIMUSPAL,2,16,45,18,1,0,loss,4842,605.250,0,103954,0,103954,-87,1896,0,0,3,62,0,0,0,0,0,74,11,0,85,0,4833,4833,0,0,1,0,0,180,315,399,2700,40ddfcce4ac6d8a75c60e0e18f0af6ef3e285f0cd05b2829663d6a2516d55f7f,0,0,0,1,0,0,0,0,0,1,0,0,0,0,0,0,0,0,0,0,1,9,5780,113701,9,11,3,62,0,0,1,9
363,NIMUSPAL,2,16,45,18,1,1,win,7812,976.500,0,35472,0,35472,-46,4606,0,41,31,43,0,28,0,0,0,82,17,0,99,0,4179,4921,0,1,0,2,0,180,315,399,2700,77ae75b6b21a80a558ddfeae0b9097052fb9f9b42cc44aef8fbde0580fe9f04f,0,0,0,5,2,0,1,0,0,0,0,0,0,0,0,28,0,41,0,0,54,33,31560,50358,13,49,31,43,2,0,54,33
364,BILDIEPERT,2,16,45,18,1,0,loss,7929,991.125,0,54061,0,54061,-116,706,0,13,36,45,0,31,0,0,0,57,29,0,86,0,2329,7130,3,0,2,0,0,180,315,399,2700,45016d88bba9bf6f7ded3611086ce38b66569783c5d7ec0547e5d264605dba3d,3,0,0,0,0,0,0,0,0,2,0,0,0,0,0,31,0,13,0,0,16,28,44487,80699,13,33,37,45,0,0,16,28
364,BILDIEPERT,2,16,45,18,1,1,ongoing,9600,1200.000,20217,67395,20217,67395,-159,4401,0,43,35,43,14,85,0,0,18,152,6,0,176,0,2113,8168,9,4,0,8,0,180,315,399,2700,df24d4f3bd535e5b36f1d60c86c0511c7276c6e5471f01a3fc6f72d31f3d3fb0,9,0,0,13,8,0,4,0,0,0,0,0,0,0,14,85,0,43,1,0,220,70,58323,67395,22,87,35,43,4,0,220,70
365,RINGLOPOUT,3,16,45,34,1,0,loss,2779,347.375,0,13357,0,13357,-250,4580,0,0,2,33,0,0,0,0,0,1,70,0,71,2265,2265,2265,0,0,0,0,1,180,360,399,2700,5971cc50864adae266874b172134c81a23cd502b7e6fc64281d57bedb32c2dc5,0,0,0,0,0,0,0,0,0,0,0,1,0,0,0,0,0,0,0,0,1,7,10536,27488,25,15,2,33,0,0,1,7
365,RINGLOPOUT,3,16,45,34,1,1,win,4844,605.500,0,30268,0,30268,-250,19142,0,0,17,33,0,0,0,0,0,1,139,0,140,4473,1513,4473,18,9,0,8,1,180,360,399,2700,16f2f63ab945b0c8692bf2fde7160f68224dd9e013d93f20838ab905415674cd,18,0,0,18,8,0,9,0,0,0,0,1,0,0,0,0,0,0,0,0,79,12,17860,73521,19,71,17,33,4,0,79,12
366,WEAVTAL,3,16,45,34,1,0,loss,1938,242.250,0,16491,0,16491,-250,5193,0,0,1,19,0,0,0,0,0,1,70,0,71,1665,1665,1665,0,0,0,0,1,180,360,399,2700,9e04b74f54cbdf942af01ad8e2ffa982a6800c614f5ba8f6110b2bad6f91401b,0,0,0,0,0,0,0,0,0,0,0,1,0,0,0,0,0,0,0,0,9,31,10382,21303,45,7,1,19,0,0,9,31
366,WEAVTAL,3,16,45,34,1,1,win,6219,777.375,0,38454,0,38454,1388,1780,0,0,17,27,0,0,0,0,0,56,77,0,133,6122,1289,6122,19,9,0,4,1,180,360,399,2700,a2291af7509e78b81db08679747f9bca140e7bb959bb3ae53165fb1e2354b2fe,19,0,0,11,4,0,9,0,0,0,0,1,0,0,0,0,0,0,0,0,96,121,14462,44690,21,72,17,27,1,0,96,121
367,ALPPEPIL,3,16,45,34,1,0,loss,2375,296.875,0,6488,0,6488,-250,5552,0,0,11,17,0,0,0,0,0,1,60,0,61,2065,1297,2065,6,0,0,0,1,180,360,399,2700,ba53899be695c987addd07023e2a9c047f92edf9dc9fd06e7b7d3a436efd629b,6,0,0,2,0,0,0,0,0,0,0,1,0,0,0,0,0,0,0,0,13,36,17282,21886,32,11,11,18,0,0,13,36
367,ALPPEPIL,3,16,45,34,1,1,win,4805,600.625,0,47428,0,47428,563,4309,0,0,22,23,0,0,0,0,0,4,155,0,159,4577,841,4577,15,14,0,5,1,180,360,399,2700,9bf7ef6d8debafa7d874f0d33aec53b7f9889e60b65c083e0afb746ee526b40d,15,0,0,6,5,0,14,0,0,0,0,1,0,0,0,0,0,0,0,0,151,41,20827,72062,11,104,22,23,4,0,151,41
368,BADOZJOB,3,16,45,34,1,0,win,4095,511.875,28366,0,28366,0,37786,222868,0,0,37,35,0,0,0,0,1,0,160,0,161,3865,1081,3865,5,0,0,4,1,180,360,399,2700,3bb59b1724b45a93519aa39c7c2e34e2d49be7081a1bee122125aace382f1c36,5,0,0,0,4,0,0,0,0,0,1,0,0,0,0,0,0,0,0,0,117,108,63289,33923,98,17,37,35,1,0,117,108
368,BADOZJOB,3,16,45,34,1,1,win,6769,846.125,0,38313,0,38313,6832,4365,0,0,15,22,0,0,0,0,0,4,152,0,156,6553,985,6553,0,17,0,12,1,180,360,399,2700,19956c88bc91819243021c7080c8d01a49ba4b75d8fdcad1baeb12634f2b0e6b,0,0,0,4,12,0,17,0,0,0,0,1,0,0,0,0,0,0,0,0,210,12,22203,114829,13,135,15,22,3,0,210,12
369,IMMWILLIN,3,16,45,34,1,0,loss,2198,274.750,0,7536,0,7536,-250,4203,0,0,13,20,0,0,0,0,0,1,29,0,30,1809,1281,1809,7,0,0,0,1,180,360,399,2700,ad67e57a83dde1caeb491b0ffebb1bb066f1c1e799875ac675dbc840a3ac721a,7,0,0,0,0,0,0,0,0,0,0,1,0,0,0,0,0,0,0,0,0,1,19109,24788,47,7,13,20,0,0,0,1
369,IMMWILLIN,3,16,45,34,1,1,win,9427,1178.375,0,30957,0,30957,349,10220,0,0,30,34,0,0,0,0,0,1,98,0,99,9193,1033,9193,72,34,0,17,1,180,360,399,2700,3be2cd1e7b8ec5a89041291474aa2a6c2910e1be89706d324809c735713afa38,72,0,0,11,17,0,34,0,0,0,0,1,0,0,0,0,0,0,0,0,460,55,39022,123714,19,138,30,34,5,0,460,55
370,HOBINGDON,2,16,45,52,1,0,win,8740,1092.500,136831,1,136831,0,59310,-250,66,0,66,32,82,0,0,0,165,0,7,1,173,0,2367,8511,5,0,0,21,0,180,405,399,2700,627731fa3e8b36d79b31a580c59e1560bc18bde481c24252b8715710b169642d,5,0,0,0,8,13,0,0,0,0,0,0,0,0,82,0,66,0,1,0,44,136,136967,52534,82,10,66,32,3,4,44,136
370,HOBINGDON,2,16,45,52,1,1,ongoing,9600,1200.000,18728,28376,18728,28376,37,4941,0,0,27,63,0,0,0,0,1,2,152,0,155,8857,2808,8857,0,5,0,9,1,180,405,399,2700,02df8b568e6f411309da810424bdb4a1e1b43841bf8b9024719d8d459a6ebf4c,0,0,0,0,2,7,5,0,0,0,0,1,0,0,0,0,0,0,0,0,71,85,33859,176072,10,95,27,63,1,3,71,85
371,BUGIPERT,2,16,45,52,1,0,loss,2866,358.250,1,24205,0,24205,-250,9273,0,28,1,28,0,4,0,0,0,46,4,1,51,0,2415,2415,0,0,0,1,0,180,405,399,2700,664670855a3adfbf4eff8038e03aec3c57d7b7e04064b093479cd6f073be20dc,0,0,0,0,0,1,0,0,0,0,0,0,0,0,0,4,0,28,0,1,0,12,2036,24249,9,6,1,28,0,1,0,12
371,BUGIPERT,2,16,45,52,1,1,ongoing,9600,1200.000,37668,72646,37668,72646,35,39615,5,33,18,36,7,59,0,0,17,105,2,0,124,0,1921,9444,6,2,0,7,0,180,405,399,2700,0d4f530ce22f80b5d1b16870cb979aebc63cce37b52cdcbac2a990ce0db44675,6,0,0,0,3,4,2,0,0,0,0,0,0,0,7,59,5,33,1,2,56,67,38954,72646,13,61,18,36,2,3,56,67
372,SHADMEOUT,2,16,45,52,1,0,win,7138,892.250,64024,0,64024,0,7699,-250,0,0,73,16,0,0,0,0,4,0,119,0,123,6921,1881,6921,1,0,0,12,1,180,405,399,2700,4f161eb662502d2ba69a42781fe249a0b486f4c6910afa98e1e839ff68aa2b22,1,0,0,0,12,0,0,0,0,0,1,0,0,0,0,0,0,0,0,0,111,3,176764,10370,53,25,73,16,3,0,111,3
372,SHADMEOUT,2,16,45,52,1,1,loss,7311,913.875,103193,2,103193,0,4484,-250,48,0,48,12,5,0,0,0,69,0,43,2,114,0,2153,7217,6,5,0,9,0,180,405,399,2700,0c0d75c505f62f4db70d29fc538b1529b50fd45c59ca664c323a086bc0253dab,6,0,0,0,9,0,5,0,0,0,0,0,0,0,5,0,48,0,3,0,171,3,103347,11920,11,51,48,12,4,0,171,3
373,CORMPT,2,16,45,52,1,0,ongoing,9600,1200.000,80953,8910,80953,8910,4695,8862,44,14,46,26,38,7,0,0,100,31,0,0,131,0,2121,9219,1,0,0,19,0,180,405,399,2700,9ae6035c75615c0f6ec77562ac5f6982e775d1d2423576e803cc6306484de092,1,0,0,0,0,19,0,0,0,0,0,0,0,0,38,7,44,14,0,1,13,196,81209,32115,49,13,46,26,0,5,13,196
373,CORMPT,2,16,45,52,1,1,ongoing,9600,1200.000,49511,25448,49511,25445,995,27629,12,8,36,17,6,117,0,0,34,151,1,3,189,0,3908,9599,0,3,0,15,0,180,405,399,2700,2147e22cb92c57b1b68d45b340704453cc8f36b22dfa41b9442a993cf4d515de,0,0,0,0,15,0,3,0,0,0,0,0,0,0,6,117,12,8,5,0,232,9,74068,25580,8,131,36,17,5,0,232,9
374,BINHIPBAR,2,16,45,52,1,0,win,6825,853.125,166120,3,166120,0,54991,-250,83,0,83,25,37,0,0,0,136,0,6,3,145,0,2889,6413,0,0,0,12,0,180,405,399,2700,96bace43eb46c67d7043e60a8fa2d5359f1ff965345e7fe29f1fa918b159ab41,0,0,0,0,9,3,0,0,0,0,0,0,0,0,37,0,83,0,3,0,82,24,166130,21946,51,15,83,25,3,1,82,24
374,BINHIPBAR,2,16,45,52,1,1,ongoing,9600,1200.000,8726,111028,8726,111028,3751,14006,7,65,47,65,2,76,0,0,24,157,1,0,182,0,2985,9567,0,5,0,14,0,180,405,399,2700,555be479ccb41e3447d5c96ea1c841d565c44924ab7a4c149b51f36b756a9825,0,0,0,0,6,8,5,0,0,0,0,0,0,0,2,76,7,65,1,1,145,82,86741,111028,12,91,47,65,3,2,145,82
375,SADOUTER,1,16,45,63,1,0,ongoing,9600,1200.000,70537,29637,70537,29637,17366,4245,47,13,53,30,94,4,0,0,168,26,4,0,198,0,1491,9452,12,11,0,13,0,135,450,399,2700,03c4c70583ba8381c2eae7059eba17bb9680e2718f2255212affbdf93e2fcf02,12,0,0,0,1,12,0,11,0,0,0,0,0,0,94,4,47,13,0,1,47,319,70537,49443,97,17,54,30,1,4,47,319
375,SADOUTER,1,16,45,63,1,1,win,7746,968.250,0,44797,0,44797,-250,19813,0,0,22,51,0,0,0,0,0,5,195,0,200,7529,2114,7529,0,4,0,15,1,135,450,399,2700,9d40d2541cf8fc161423f88c7d019d3b1ced923bf315ff848136f6f134a30b98,0,0,0,0,4,11,4,0,0,0,0,1,0,0,0,0,0,0,0,0,109,61,25262,120362,10,107,22,51,2,1,109,61
376,LOWALIN,1,16,45,63,1,0,win,6120,765.000,32000,0,32000,0,16116,-250,0,0,40,25,0,0,0,0,1,0,70,0,71,5897,1049,5897,10,2,0,8,1,135,450,399,2700,0bd8fb0548c579b8da4f8d84ac63a52acc5d83e9f228d751a4ca22504d0b3037,5,5,0,0,3,5,0,2,0,0,1,0,0,0,0,0,0,0,0,0,60,117,93987,25550,116,12,40,25,1,3,60,117
376,LOWALIN,1,16,45,63,1,1,win,7621,952.625,0,31240,0,31240,-250,13528,0,0,18,23,0,0,0,0,0,1,88,0,89,7369,3169,7369,2,0,0,11,1,135,450,399,2700,dc2f1f607ce5059c8f931d3f8d8be20f34c20bd0b1036fdca7eb9d9be310820c,2,0,0,0,4,7,0,0,0,0,0,1,0,0,0,0,0,0,0,0,75,57,14340,57777,17,118,18,23,3,1,75,57
377,QAZUSDON,1,16,45,63,1,0,win,5712,714.000,77534,1,77534,0,69404,-250,53,0,53,22,61,0,0,0,141,0,0,1,142,0,1081,4793,8,3,0,6,0,135,450,399,2700,32cbc4a0de39f4976aa47aa02d36fe5f62d3ce20aa3e68fdacf344f8f02c7e90,1,7,0,1,1,5,0,3,0,0,0,0,0,0,61,0,53,0,1,0,106,184,77534,20841,74,10,53,22,1,3,106,184
377,QAZUSDON,1,16,45,63,1,1,win,4686,585.750,0,22902,0,22902,-250,4553,0,0,14,30,0,0,0,0,0,1,53,0,54,4353,1481,4353,2,0,0,2,1,135,450,399,2700,6118c8e47c0187d676d084a8ee60ffee7872ab4b2d95e5390c1e9e9628374396,2,0,0,0,1,1,0,0,0,0,0,1,0,0,0,0,0,0,0,0,20,23,12485,94778,10,82,14,30,1,1,20,23
378,VERYINMAR,1,16,45,63,1,0,win,5950,743.750,35226,0,35226,0,11578,-250,0,0,28,17,0,0,0,0,5,0,144,0,149,5749,865,5749,3,1,0,7,1,135,450,399,2700,d8b9acc49a9b3b83327f46fb352b9d8a3a24540fccb38c65650b11dffd721b53,1,2,0,1,2,5,0,1,0,0,1,0,0,0,0,0,0,0,0,0,36,89,55091,14548,103,8,28,17,1,3,36,89
378,VERYINMAR,1,16,45,63,1,1,win,4364,545.500,0,37313,0,37313,-250,4757,0,0,14,41,0,0,0,0,0,2,139,0,141,4129,481,4129,4,0,0,3,1,135,450,399,2700,174a38e3b5a7a0a984da9634fa8c964f98fffced8bdf371523a4385bb35994f5,1,3,0,0,1,2,0,0,0,0,0,1,0,0,0,0,0,0,0,0,12,15,11292,104018,14,69,14,41,1,1,12,15
379,MINLOPLUG,1,16,45,63,1,0,win,9067,1133.375,122516,0,122516,0,76025,-250,51,0,51,32,81,0,0,0,173,0,3,0,176,0,1089,8345,21,9,0,6,0,135,450,399,2700,424974c50e1143191c1334b2ac5745b874dbda28c268a8a4a624741b3139b621,11,10,0,1,3,3,0,9,0,0,0,0,0,0,81,0,51,0,1,0,109,260,122650,47109,83,12,51,32,1,2,109,260
379,MINLOPLUG,1,16,45,63,1,1,win,6401,800.125,0,38335,0,38335,184,1743,0,0,18,31,0,0,0,0,0,4,136,0,140,6193,2225,6193,0,1,0,9,1,135,450,399,2700,e3d7c30fe43206695ef4a1925ca337d1e1c2b4b6f098139f46deb5580b2cc98a,0,0,0,0,4,5,1,0,0,0,0,1,0,0,0,0,0,0,0,0,88,44,15946,68905,13,87,18,31,2,1,88,44
380,HAMTT,3,16,63,63,1,0,loss,8716,1089.500,0,119914,0,119914,-250,2472,0,40,15,45,0,2,0,0,0,67,63,0,130,0,921,8709,124,57,0,32,0,135,225,399,2700,75f31769d7195c1d16ce6b5a11115fe6b519d3070521c09c8d1b1f77677b647b,8,116,0,5,0,32,0,57,0,0,0,0,0,0,0,2,0,40,0,4,16,678,16497,175156,64,15,15,45,0,8,16,678
380,HAMTT,3,16,63,63,1,1,loss,4448,556.000,102387,1,102387,0,8838,-250,37,0,37,4,6,0,0,0,58,0,40,1,99,0,1041,4393,26,25,0,12,0,135,225,399,2700,913fdf30f1cd977d7b580831049eebe9b84e9ec45748dabdb43389c97db622a4,26,0,0,0,12,0,25,0,0,0,0,0,0,0,6,0,37,0,3,0,137,1,102387,9072,12,44,37,4,5,0,137,1
381,FUTPEBAR,3,16,63,63,1,0,loss,7870,983.750,0,62008,0,62008,-250,3732,0,26,11,34,0,8,0,0,0,48,69,0,117,0,201,7831,53,48,0,20,0,135,225,399,2700,1217a0e83ac8bb1606de74930bc2aefabcf02d7e7293a809c5c30c09745cae54,5,48,0,5,0,20,0,48,0,0,0,0,0,0,0,8,0,26,0,1,28,631,14944,103457,75,15,11,34,0,7,28,631
381,FUTPEBAR,3,16,63,63,1,1,win,3797,474.625,0,19119,0,19119,-250,22427,0,0,23,21,0,0,0,0,0,2,99,0,101,3561,225,3561,9,9,0,8,1,135,225,399,2700,5abd4b7c57a24f25cacad75210f3b9320839080afed13534054682fd05e557e4,0,9,0,1,3,5,9,0,0,0,0,1,0,0,0,0,0,0,0,0,58,47,21674,50597,35,68,23,21,3,1,58,47
382,SUZOZER,3,16,63,63,1,0,win,9116,1139.500,30640,0,30640,0,18410,-250,0,0,24,30,0,0,0,0,1,0,158,0,159,8841,385,8841,75,51,0,15,1,135,225,399,2700,d6fc179f898129f436aed15df80dcdba60abb08ddd0c12b63b17fd4dc5d8d8bd,24,51,0,0,1,14,0,51,0,0,1,0,0,0,0,0,0,0,0,0,124,704,111613,51667,122,27,24,30,1,7,124,704
382,SUZOZER,3,16,63,63,1,1,ongoing,9600,1200.000,40422,63379,40422,63379,6558,9807,3,27,38,27,0,93,0,0,12,190,6,0,208,0,1201,9483,40,68,0,25,0,135,225,399,2700,f57d640fdc6ceae50e2b90ca25c1317a6a63cb553e487bb466302c4bdaec047c,0,40,0,9,24,1,68,0,0,0,0,0,0,0,0,93,3,27,2,1,749,53,86322,63379,20,98,38,27,8,1,749,53
383,DOUWILING,3,16,63,63,1,0,loss,2722,340.250,0,48469,0,48469,-250,6634,0,28,2,28,0,4,0,0,0,46,33,0,79,0,321,2673,13,13,0,3,0,135,225,399,2700,f40582ebe8cdfe4e40dc2cb15ef8fc8748ddbea46bd86728a531db20089b3710,0,13,0,0,0,3,0,13,0,0,0,0,0,0,0,4,0,28,0,1,0,49,4624,48499,29,7,2,28,0,2,0,49
383,DOUWILING,3,16,63,63,1,1,win,4596,574.500,0,22374,0,22374,-250,25587,0,0,27,26,0,0,0,0,0,4,86,0,90,4377,1113,4377,38,10,0,9,1,135,225,399,2700,f34088c58fbf069c9147279e07378b4621eeec4ddfc3deee15dced722f420419,22,16,0,8,7,2,10,0,0,0,0,1,0,0,0,0,0,0,0,0,58,39,27450,50358,16,64,27,26,3,1,58,39
384,SHIINGORD,3,16,63,63,1,0,loss,4862,607.750,0,117807,0,117807,69,7681,0,38,7,39,0,0,0,0,0,55,22,0,77,0,697,4809,0,35,0,15,0,135,225,399,2700,449d10e5130abe0c054f5d23976eb7b549e8de68fe8d30ff957707ca387a7d3c,0,0,0,3,0,15,0,35,0,0,0,0,0,0,0,0,0,38,0,4,0,139,5847,117887,35,8,7,39,0,5,0,139
384,SHIINGORD,3,16,63,63,1,1,loss,5717,714.625,64330,0,64330,0,1371,-250,29,0,29,9,5,0,0,0,47,0,31,0,78,0,529,5705,29,29,0,15,0,135,225,399,2700,6eb077e7f99b4a226df8384e647c54b415b1aec74e18ed2f276730f056f3f743,29,0,0,0,15,0,29,0,0,0,0,0,0,0,5,0,29,0,1,0,357,8,77946,10656,13,64,29,9,6,0,357,8
385,HURTOMAR,1,16,63,63,1,0,loss,4339,542.375,0,127224,0,127224,-204,1374,0,64,7,64,0,3,0,0,0,83,24,0,107,0,1241,4321,10,5,0,6,0,135,180,399,2700,1ae62366d2342ca05ef5d36b6ebe71362471e4b6e5c6500e84bc5acb7695bf6d,0,10,0,0,0,6,0,5,0,0,0,0,0,0,0,3,0,64,0,2,0,88,7562,127264,42,11,7,64,0,3,0,88
385,HURTOMAR,1,16,63,63,1,1,win,5217,652.125,0,27080,0,27080,-250,7099,0,0,27,34,0,0,0,0,0,1,32,0,33,4953,945,4953,2,1,0,2,1,135,180,399,2700,43bf1a4d5d5883ac0249101f3ccc7d3b501c40079c0085b33edc6da063b94c41,1,1,0,0,0,2,1,0,0,0,0,1,0,0,0,0,0,0,0,0,32,41,31125,102065,19,94,27,34,0,1,32,41
386,JOSMELUG,1,16,63,63,1,0,ongoing,9600,1200.000,1600,118271,1600,118271,-201,2446,0,46,27,54,14,11,0,0,19,73,78,0,170,0,1489,9569,27,19,0,19,0,135,180,399,2700,6cefbda54452ed0dbc089cc504f08493fd213de1724f959df7f1c4484daa808d,7,20,0,1,0,19,0,19,0,0,0,0,0,0,14,11,0,46,0,3,9,551,31847,119380,107,18,27,54,0,8,9,551
386,JOSMELUG,1,16,63,63,1,1,win,7323,915.375,1,108408,0,108408,-250,59079,0,69,34,69,0,93,0,0,0,195,12,1,208,0,1681,6358,27,6,0,7,0,135,180,399,2700,4d7582575f0842b704af9dba14e8eb9bf43d03cbc9c9c454d60363dbbdd011b0,6,21,1,0,4,3,6,0,0,0,0,0,0,0,0,93,0,69,0,1,164,72,43759,108568,19,118,34,69,3,2,164,72
387,TIMMPHILL,1,16,63,63,1,0,win,5585,698.125,13800,0,13800,0,14336,-250,0,0,29,33,0,0,0,0,3,0,131,0,134,5368,353,5368,5,3,0,4,1,135,180,399,2700,e85df50a0cb1ba8fa9115734c572048d2f8a4d52886a3b73c56622f125f23f63,2,3,0,2,3,1,1,2,0,0,1,0,0,0,0,0,0,0,0,0,93,92,46823,33950,89,16,29,33,1,1,93,92
387,TIMMPHILL,1,16,63,63,1,1,ongoing,9600,1200.000,142,110298,142,110298,-77,1535,0,0,36,55,0,0,0,0,1,79,113,0,193,9513,1281,9513,17,13,0,13,1,135,180,399,2700,dfee2be0ae739c98e802f4b7c576150219928dabdd4f89d7c42bce34d72add99,0,17,5,0,7,6,13,0,0,0,0,1,0,0,0,0,0,0,0,0,296,133,41616,131375,23,100,36,55,3,2,296,133
388,CALHIPMET,1,16,63,63,1,0,win,8233,1029.125,31720,0,31720,0,28739,-250,0,0,54,36,0,0,0,0,1,0,137,0,138,7977,1521,7977,20,9,0,14,1,135,180,399,2700,1e7f703863cbe525e7f498070fc234d69aa2677276702e52678c8cbd49fcbc28,10,10,0,1,9,5,0,9,0,0,1,0,0,0,0,0,0,0,0,0,136,263,135447,42039,93,17,54,36,2,3,136,263
388,CALHIPMET,1,16,63,63,1,1,win,6865,858.125,0,102214,0,102214,-82,60100,0,52,27,53,0,71,0,0,0,152,26,0,178,0,1673,6583,18,4,0,4,0,135,180,399,2700,f56bff97e66c1f5a04552be131980785b13be933d65277b9ec46acb1fdf803f4,10,8,0,0,1,3,4,0,0,0,0,0,0,0,0,71,0,52,0,1,102,104,23739,102264,34,107,27,53,1,1,102,104
389,SCOOUTED,1,16,63,63,1,0,ongoing,9600,1200.000,114005,37053,114005,37053,46314,3461,56,12,61,37,62,11,0,0,155,36,1,0,192,0,1477,9066,24,12,0,16,0,135,180,399,2700,76fb44302b7ce0bf78a25b803d223a5f5884f56b839ebc66d048964f0a0f933b,24,0,0,1,3,13,0,12,0,0,0,0,0,0,62,11,56,12,1,1,128,336,114005,86543,72,23,61,37,1,4,128,336
389,SCOOUTED,1,16,63,63,1,1,win,6405,800.625,0,31810,0,31810,-250,19698,0,0,28,47,0,0,0,0,0,1,76,0,77,6169,2377,6169,5,2,0,6,1,135,180,399,2700,4205ab35b0613b68c7cecd74162bd10a5eca3801805ee4b901648bfc79dee00b,2,3,0,0,2,4,2,0,0,0,0,1,0,0,0,0,0,0,0,0,65,72,26572,138386,30,68,28,47,1,1,65,72
390,SWAAING,1,16,63,63,1,0,ongoing,9600,1200.000,270,148215,270,148215,-233,8444,0,54,5,54,6,4,0,0,6,78,6,0,90,0,2789,9451,0,7,0,26,0,135,135,399,2700,df5d6df3c042abd76c5f4850b63355028da7fd1744e5d7bb2a5488ed31328812,0,0,0,1,0,26,0,7,0,0,0,0,0,0,6,4,0,54,0,3,2,99,5932,148215,18,11,5,54,0,4,2,99
390,SWAAING,1,16,63,63,1,1,loss,5051,631.375,107327,0,107327,0,1386,-240,48,0,48,5,4,0,0,0,69,0,23,0,92,0,497,5033,8,4,0,7,0,135,135,399,2700,152e00fd0e69ced2a16681b9b12c7e8ba0cd3f2328c0012f212891f2e850bde8,7,1,0,0,7,0,4,0,0,0,0,0,0,0,4,0,48,0,3,0,85,0,107375,5547,9,31,48,5,4,0,85,0
391,KILLGBORD,1,16,63,63,1,0,loss,4964,620.500,0,98567,0,98567,-250,952,0,36,3,37,0,12,0,0,0,67,55,0,122,0,1635,4953,0,6,0,8,0,135,135,399,2700,ff07729e5d50fef687291b6fd7a6ba426a0bc0f340667a22f21d5a53d421e009,0,0,0,4,0,8,0,6,0,0,0,0,0,0,0,12,0,36,0,1,2,130,11631,100742,62,14,3,37,0,4,2,130
391,KILLGBORD,1,16,63,63,1,1,win,6177,772.125,0,95873,0,95873,-250,1260,0,0,29,39,0,0,0,0,0,84,104,0,188,6097,1881,6097,11,1,0,7,1,135,135,399,2700,5c95630f3f5a9cf73e5389df32b10809bc927e385febad6df6d167b5336f368b,2,9,1,0,2,5,1,0,0,0,0,1,0,0,0,0,0,0,0,0,61,43,27722,109491,23,110,29,39,2,3,61,43
392,EOAINCON,1,16,63,63,1,0,win,7491,936.375,41941,0,41941,0,13430,-250,0,0,46,31,0,0,0,0,6,0,197,0,203,7281,833,7281,23,5,0,8,1,135,135,399,2700,1e55281705b88d27f9454ea530f51e9dde32d6108c01a83bbfeb686a5e668e6d,11,12,0,2,6,2,0,5,0,0,1,0,0,0,0,0,0,0,0,0,202,201,98609,38429,110,20,46,31,3,1,202,201
392,EOAINCON,1,16,63,63,1,1,ongoing,9600,1200.000,18058,76888,18058,76888,7756,28966,12,44,39,47,9,62,0,0,34,125,29,0,188,0,2001,9169,11,16,0,12,0,135,135,399,2700,e75d40488ee00419fe61b78eace3294252420cca677c32c3110334035c2e5e92,0,11,0,0,12,0,16,0,0,0,0,0,0,0,9,62,12,44,0,0,383,82,79069,76888,26,84,39,47,6,0,383,82
393,BURLOPILL,1,16,63,63,1,0,loss,3803,475.375,1,70432,0,70432,-250,3357,0,46,6,46,0,24,0,0,0,93,1,1,95,0,1193,3722,7,2,0,5,0,135,135,399,2700,a751321d44e77750aab19e3e2f491169b5b8ba8ac4087c9b679425e26a805f23,1,6,0,0,0,5,0,2,0,0,0,0,0,0,0,24,0,46,0,2,0,41,7859,70534,19,26,6,46,0,3,0,41
393,BURLOPILL,1,16,63,63,1,1,win,7687,960.875,0,125128,0,125128,4310,79280,0,53,44,58,0,106,0,0,0,197,11,0,208,0,2100,7410,19,6,0,8,0,135,135,399,2700,206fa405905760ae9e75076002c357ee3b962e70c7ee26124af15ef50f367163,0,19,1,0,7,1,6,0,0,0,0,0,0,0,0,107,0,53,0,1,235,28,60228,128158,23,126,44,58,3,1,235,28
394,MORTHILL,1,16,63,63,1,0,ongoing,9600,1200.000,22808,59112,22805,59112,5,5968,14,22,24,35,73,10,0,0,107,50,10,3,170,0,1129,9491,23,9,0,25,0,135,135,399,2700,0d82f91530e63884f8d6eedad7a883311495bc4f51fafaec57a7401e5517d794,3,20,0,0,0,25,0,9,0,0,0,0,0,0,73,10,14,22,0,5,29,459,29445,94226,78,19,24,35,0,5,29,459
394,MORTHILL,1,16,63,63,1,1,win,4517,564.625,0,31980,0,31980,-250,13117,0,0,17,42,0,0,0,0,0,1,140,0,141,4281,1170,4281,3,0,0,2,1,135,135,399,2700,14f9e4832ff4792304bbba1debff66bb2131fe4127f830c877b988489f3cda66,2,1,0,0,0,2,0,0,0,0,0,1,0,0,0,0,0,0,0,0,28,48,12218,122528,26,61,17,42,0,1,28,48
395,NIMPEMET,0,16,41,63,1,0,loss,6242,780.250,0,111388,0,111388,-228,2879,0,60,20,60,0,4,0,0,0,78,22,0,100,0,825,6238,69,30,0,12,0,90,135,399,2700,bfb205d64d4b57b692519bb64a0bf50ba82e980771466044697e2baf581ba453,12,57,0,1,0,12,0,30,0,0,0,0,0,0,0,4,0,60,0,3,1,139,16220,111412,36,19,20,60,0,5,1,139
395,NIMPEMET,0,16,41,63,1,1,win,8147,1018.375,0,29978,0,29978,-250,16829,0,0,24,22,0,0,0,0,0,1,60,0,61,7871,681,7871,8,36,0,7,1,90,135,399,2700,f38fb281bda07c2c9a695620ca959e5c6533f1697c5075aab40bb2edf89ed182,0,8,0,0,0,7,36,0,0,0,0,1,0,0,0,0,0,0,0,0,173,89,23016,70315,19,103,24,22,0,1,173,89
396,BILOZED,0,16,41,63,1,0,win,7504,938.000,31259,0,31259,0,9958,-250,0,0,36,28,0,0,0,0,1,0,86,0,87,7281,465,7281,48,30,0,3,1,90,135,399,2700,793c5c47674621ecc0b84b33b35f4c742b84051dbff70eb9c10ed48b3c2bf179,20,28,0,1,0,3,2,28,0,0,1,0,0,0,0,0,0,0,0,0,105,306,52304,20164,94,29,36,28,0,3,105,306
396,BILOZED,0,16,41,63,1,1,win,4466,558.250,0,34576,0,34576,-250,10585,0,0,21,27,0,0,0,0,0,2,152,0,154,4225,1233,4225,13,5,0,3,1,90,135,399,2700,d99491bb0c0a3f25a272bef8eecf38e2e1b05436d337ca1d46f84a9544442779,11,2,0,0,0,3,5,0,0,0,0,1,0,0,0,0,0,0,0,0,73,81,16086,51729,25,76,21,27,0,1,73,81
397,RINGIKEHAM,0,16,41,63,1,0,loss,3776,472.000,1,44919,0,44919,-250,5429,0,39,3,39,0,7,0,0,0,63,13,1,77,0,1537,3741,0,13,0,5,0,90,135,399,2700,ef4a775040160ddfeb425569b5f34513d459893ce3f2fe0eeb5d6da685d63fef,0,0,0,1,0,5,0,13,0,0,0,0,0,0,0,7,0,39,0,2,0,49,6757,44919,19,13,3,39,0,4,0,49
397,RINGIKEHAM,0,16,41,63,1,1,win,6610,826.250,0,1847,0,1847,2654,3769,0,0,34,31,0,0,0,0,0,1,189,0,190,6345,1633,6345,46,20,0,2,1,90,135,399,2700,bc069f73879030b1c6d5223eb80cfb9402e1343841f11fc49925232d6cf88d6b,21,25,0,0,0,2,20,0,0,0,0,1,0,0,0,0,0,0,0,0,133,59,35044,74936,20,105,34,31,0,1,133,59
398,WEAVOGOOND,0,16,41,63,1,0,loss,2506,313.250,0,25953,0,25953,-250,2596,0,38,3,38,0,2,0,0,0,57,3,0,60,0,1201,2491,1,7,0,3,0,90,135,399,2700,ee4c9c1e1f3636f6be59ad8e51f77ae3c720d4cd8f6f1b6ae545b6327ee942a3,1,0,0,1,0,3,0,7,0,0,0,0,0,0,0,2,0,38,0,2,0,18,2904,26006,16,10,3,38,0,2,0,18
398,WEAVOGOOND,0,16,41,63,1,1,win,4168,521.000,0,28790,0,28790,-250,24344,0,0,22,28,0,0,0,0,0,2,163,0,165,3930,337,3930,11,10,0,5,1,90,135,399,2700,542b28d11fbcd334c47d9e35218988304f7c518c8450258563080b9cbc03b3c1,0,11,0,0,0,5,10,0,0,0,0,1,0,0,0,0,0,0,0,0,45,47,19807,43760,18,92,22,28,0,1,45,47
399,ALPOCON,0,16,41,63,1,0,loss,3201,400.125,0,36551,0,36551,-250,5210,0,35,1,35,0,30,0,0,0,97,5,0,102,0,1617,3199,0,8,0,3,0,90,135,399,2700,07a1b9911dbeb3548f65f552bbeb23c3855ae57684207b890fd2b575bdccb30d,0,0,0,1,0,3,0,8,0,0,0,0,0,0,0,30,0,35,0,3,0,24,1418,36565,10,33,1,35,0,3,0,24
399,ALPOCON,0,16,41,63,1,1,win,4646,580.750,0,33140,0,33140,-250,22306,0,0,23,23,0,0,0,0,0,4,126,0,130,4409,281,4409,21,7,0,3,1,90,135,399,2700,361bb44012c57735e43f809842fe816505a17c03ef5fe96040578395b6633f9c,14,7,0,0,0,3,7,0,0,0,0,1,0,0,0,0,0,0,0,0,62,50,19725,57996,19,116,23,23,0,1,62,50
400,BADMEILL,0,16,25,63,1,0,loss,9144,1143.000,0,113095,0,113095,-8,8177,0,57,18,57,0,7,0,0,0,86,40,0,126,0,593,9082,107,47,0,24,0,90,135,399,2700,b78dc6d420b330b1754ef93950b53bbe7e072164b1d77e7308bacbfa894a5df8,17,90,0,2,0,24,0,47,0,0,0,0,0,0,0,7,0,57,0,3,4,484,20191,113095,61,26,19,57,0,7,4,484
400,BADMEILL,0,16,25,63,1,1,win,7168,896.000,0,28523,0,28523,-250,13264,0,0,34,26,0,0,0,0,0,1,125,0,126,6881,1485,6881,10,31,0,2,1,90,135,399,2700,5bf199d37125c86883dd6169d6c3ff7b6922889438a82ddd3e0d3a998d1399a5,0,10,0,0,0,2,31,0,0,0,0,1,0,0,0,0,0,0,0,0,185,132,29761,84980,23,133,34,26,0,1,185,132
401,IMMMPTORY,0,16,25,63,1,0,loss,5219,652.375,0,119089,0,119089,-233,1557,0,63,8,63,0,7,0,0,0,96,50,0,146,0,393,5217,60,30,0,13,0,90,135,399,2700,fc395707d19e2f143cf4dbf0204562202fcc148c6fd6260083a49f5f1b8ceb32,0,60,0,1,0,13,0,30,0,0,0,0,0,0,0,7,0,63,0,5,2,205,12798,119099,51,16,8,63,0,6,2,205
401,IMMMPTORY,0,16,25,63,1,1,win,3272,409.000,0,31059,0,31059,-250,16421,0,0,14,31,0,0,0,0,0,4,124,0,128,3033,393,3033,10,0,0,1,1,90,135,399,2700,29beba007e5c63bcc047db941dbcec60d7be2db33198ce26129040c44267e0d0,2,8,0,0,0,1,0,0,0,0,0,1,0,0,0,0,0,0,0,0,11,37,7236,36041,21,58,14,31,0,1,11,37
402,HOBHIPEND,0,16,25,63,1,0,ongoing,9600,1200.000,42480,2226,42480,2226,2359,-184,12,0,15,23,19,5,0,0,52,15,64,0,131,0,619,9574,129,10,0,7,0,90,135,399,2700,98f68a077adeaf89ac77a41c4e5eb964f2f0526b7d7606222fb1b8acfbe154d3,108,21,0,5,0,7,0,10,0,0,0,0,0,0,19,5,12,0,0,0,159,254,49152,22171,83,31,15,23,0,4,159,254
402,HOBHIPEND,0,16,25,63,1,1,win,8520,1065.000,0,31744,0,31744,-250,13850,0,0,26,25,0,0,0,0,0,2,139,0,141,8283,233,8283,53,28,0,4,1,90,135,399,2700,fb246c4b0e7bc0640ae2a0f99ee5af57c4b683932e981d0d957eb3f6a001c739,29,24,0,0,0,4,28,0,0,0,0,1,0,0,0,0,0,0,0,0,125,65,42505,59676,16,86,26,25,0,1,125,65
403,BUGOUTME,0,16,25,63,1,0,ongoing,9600,1200.000,25822,75583,25820,75583,2161,6200,12,19,15,37,114,6,0,0,167,39,0,2,208,0,521,9521,95,41,0,19,0,90,135,399,2700,78d061e852099492f755d01923b7edc4a7da7a5dd2eac3a27bcdcacdcc2b80de,11,84,0,0,0,19,0,41,0,0,0,0,0,0,114,6,12,19,0,5,21,647,27882,76931,123,16,15,37,0,6,21,647
403,BUGOUTME,0,16,25,63,1,1,win,6574,821.750,0,35291,0,35291,-250,14545,0,0,25,35,0,0,0,0,0,2,149,0,151,6331,1289,6331,26,20,0,3,1,90,135,399,2700,ae2ba10946d5807735ef0067bec78eb62f4d2a4b2f3e3817100a94c022794cc8,21,5,0,0,0,3,20,0,0,0,0,1,0,0,0,0,0,0,0,0,132,94,23998,65227,21,123,25,35,0,1,132,94
404,SHADEHAM,0,16,25,63,1,0,ongoing,9600,1200.000,96085,4093,96085,4093,1016,-180,23,0,41,31,55,15,0,0,109,27,70,0,206,0,297,9594,161,23,0,12,0,90,135,399,2700,1ae4a0dc9d48b09fcbb472d5e57f5c34337aaeb157090da81d5d684b893fb6a4,137,24,0,1,0,12,0,23,0,0,0,0,0,0,55,15,23,0,0,0,83,390,96085,32262,99,30,41,31,0,5,83,390
404,SHADEHAM,0,16,25,63,1,1,ongoing,9600,1200.000,524,33973,524,33973,1316,21875,0,0,29,33,0,0,0,0,2,2,152,0,156,6233,1153,6233,10,27,0,1,1,90,135,399,2700,e021a3cbe235c41c39082834e432a3cc9c8f24cf37f51bbb4dd770c9b582ef4e,0,10,0,0,0,1,27,0,0,0,0,1,0,0,0,0,0,0,0,0,184,76,23752,58538,15,94,29,33,0,1,184,76
405,CORGBOND,1,16,27,63,1,0,win,8254,1031.750,49183,0,49183,0,3561,-250,17,0,21,28,68,0,0,0,111,0,83,0,194,0,1441,8114,40,4,0,6,0,90,180,399,2700,58277314f5b08c378e02dacb338b3dfcaf101b78f68046b511db55805f4b124f,40,0,0,1,0,6,0,4,0,0,0,0,0,0,68,0,17,0,0,0,115,186,49392,31340,122,20,21,28,0,4,115,186
405,CORGBOND,1,16,27,63,1,1,win,3828,478.500,0,35992,0,35992,-250,4821,0,0,14,48,0,0,0,0,0,3,174,0,177,3617,1385,3617,1,1,0,1,1,90,180,399,2700,5db0fa4b1719a1143195eb331fa77cf987a04c9a029a0f1b1c47932f468311da,0,1,0,0,0,1,1,0,0,0,0,1,0,0,0,0,0,0,0,0,32,28,15673,104410,20,100,14,48,0,1,32,28
406,BININLOW,1,16,27,63,1,0,win,6644,830.500,63525,0,63525,0,2260,-250,19,0,21,16,26,0,0,0,62,0,15,0,77,0,1865,6561,39,0,0,0,0,90,180,399,2700,a56faa3ee5de56d87eb2cc001615e1ec9002458b6f8633e61243587982dfc830,39,0,0,0,0,0,0,0,0,0,0,0,0,0,26,0,19,0,0,0,77,8,67856,10041,28,23,21,16,0,0,77,8
406,BININLOW,1,16,27,63,1,1,win,7574,946.750,0,70168,0,70168,-250,8667,0,0,17,35,0,0,0,0,0,9,159,0,168,7377,2001,7377,7,5,0,2,1,90,180,399,2700,ba790f07461380b6faeee6621615ed8e88c383888ee57bbb7e7248dd7d7b0cbd,0,7,0,0,0,2,5,0,0,0,0,1,0,0,0,0,0,0,0,0,64,69,14280,90388,16,87,17,35,0,1,64,69
407,SADLOPICK,1,16,27,63,1,0,ongoing,9600,1200.000,10432,56085,10431,56085,79,6610,5,22,13,28,67,7,0,0,84,46,3,1,134,0,1451,9470,4,9,0,17,0,90,180,399,2700,caad153b735e6ed24bcf39bb08612efd9df00e3a861e7fc2a6ce5156c9f2f600,4,0,0,0,0,17,0,9,0,0,0,0,0,0,67,7,5,22,0,3,9,321,22862,58363,77,12,13,28,0,4,9,321
407,SADLOPICK,1,16,27,63,1,1,win,4974,621.750,0,32797,0,32797,-250,4398,0,0,14,22,0,0,0,0,0,2,103,0,105,4737,1241,4737,6,1,0,2,1,90,180,399,2700,faaae1be278e4e7e6305a5d7d40631ab6d3d8b7cb229f3e3ebc09620cd0981be,4,2,0,0,0,2,1,0,0,0,0,1,0,0,0,0,0,0,0,0,18,45,12696,60744,14,83,14,22,0,1,18,45
408,LOWTTORY,1,16,27,63,1,0,ongoing,9600,1200.000,70392,28551,70392,28551,24325,615,30,0,33,22,2,0,0,0,42,1,32,0,75,0,1177,7715,49,1,0,1,0,90,180,399,2700,1d55a10b6fd39e0e118f63ad2a080e07919a196c9aa7fbc8fef8f2af70f3abb5,45,4,0,3,0,1,0,1,0,0,0,0,0,0,2,0,30,0,0,1,133,35,92849,38939,16,20,33,22,0,1,133,35
408,LOWTTORY,1,16,27,63,1,1,win,3407,425.875,1,106171,0,106171,-250,58207,0,70,12,71,0,13,0,0,0,94,1,1,96,0,1162,2355,1,0,0,1,0,90,180,399,2700,ec862bfcab12dc61a3654ef77fed1f5190c04bb503dfbad19c1ab3fb80482dee,0,1,0,0,0,1,0,0,0,0,0,0,0,0,0,13,0,70,0,1,4,41,4621,106335,17,13,12,71,0,1,4,41
409,QAZPEEND,1,16,27,63,1,0,win,5884,735.500,71146,0,71146,0,2038,-250,28,0,29,17,32,0,0,0,76,0,29,0,105,0,577,5858,42,0,0,0,0,90,180,399,2700,e85280af14cea1be497332addfdb34df7461f864683119c7f35bc679c93140e2,40,2,0,0,0,0,0,0,0,0,0,0,0,0,32,0,28,0,0,0,74,3,74586,12930,50,28,29,17,0,0,74,3
409,QAZPEEND,1,16,27,63,1,1,win,6747,843.375,0,108484,0,108484,-250,57763,0,57,32,57,0,75,0,0,0,160,8,0,168,0,1521,6606,17,5,0,2,0,90,180,399,2700,d66ee49c36673bc62229fcf4004c2531c27bf1dece74f1ba0affd3f232d5669c,5,12,0,0,0,2,4,1,0,0,0,0,0,0,0,75,0,57,0,1,67,57,21703,108554,16,83,32,57,0,1,67,57
410,VERYEAME,1,16,34,63,1,0,win,7764,970.500,21668,0,21668,0,4472,-250,0,0,61,40,0,0,0,0,1,0,30,0,31,7529,1441,7529,8,3,0,12,1,45,135,399,2700,8256774547000b2d76164307a73200faf7c987154144dbd23a642d93f17a77c6,0,8,6,0,0,12,0,3,0,0,1,0,0,0,0,0,0,0,0,0,41,229,101797,44243,121,19,61,40,0,5,41,229
410,VERYEAME,1,16,34,63,1,1,win,7860,982.500,0,33260,0,33260,50296,13100,0,0,33,39,0,0,0,0,0,4,186,0,190,7625,1961,7625,2,5,0,3,1,45,135,399,2700,a8b23599c9aafa9964458ef3213b6404fbd815c209898087e81d8f85c9e79c0e,0,2,3,0,0,3,0,5,0,0,0,1,0,0,0,0,0,0,0,0,76,92,26867,89056,16,121,33,39,0,1,76,92
411,MINIKEOLD,1,16,34,63,1,0,win,7488,936.000,52901,0,52901,0,10167,-250,0,0,45,27,0,0,0,0,3,0,130,0,133,7265,649,7265,5,2,0,8,1,45,135,399,2700,f90a0f16f809a6bf265e58b91e1cb5ed176bc3b2fe188066ec6029c2f44e5d09,0,5,2,1,0,8,0,2,0,0,1,0,0,0,0,0,0,0,0,0,26,127,86988,36561,93,9,45,27,0,3,26,127
411,MINIKEOLD,1,16,34,63,1,1,win,6241,780.125,0,61552,0,61552,30756,2413,0,0,25,39,0,0,0,0,0,27,166,0,193,6105,2513,6105,2,0,0,2,1,45,135,399,2700,8c17c7e2dd5a594b9cd07dff75a99fb7d69848f908e508412c1a33653a2a17d6,0,2,2,0,0,2,0,0,0,0,0,1,0,0,0,0,0,0,0,0,60,48,22868,108160,9,101,25,39,0,1,60,48
412,HAMOGOBOY,1,16,34,63,1,0,ongoing,9600,1200.000,26286,7824,26286,7824,4301,176,0,0,49,33,0,0,0,0,2,1,194,0,197,8600,1113,8600,9,8,0,8,1,45,135,399,2700,508cddbd4373e18e00b22883b40f96e6bd5892ffe6021b0a9df6ae31c3597e55,0,9,6,0,0,8,0,8,0,0,1,0,0,0,0,0,0,0,0,0,117,300,107125,47553,129,12,49,33,0,4,117,300
412,HAMOGOBOY,1,16,34,63,1,1,win,4520,565.000,0,34765,0,34765,7731,13533,0,0,17,24,0,0,0,0,0,2,130,0,132,4296,3232,4296,0,0,0,1,1,45,135,399,2700,4e9da9e050caed03433f47f850dc806acb1d924fa755c35f95630745df677255,0,0,2,0,0,1,0,0,0,0,0,1,0,0,0,0,0,0,0,0,36,48,14234,66159,10,74,17,24,0,1,36,48
413,FUTOLOW,1,16,34,63,1,0,loss,3961,495.125,1,86854,0,86854,-250,7808,0,49,4,49,0,1,0,0,0,65,8,1,74,0,1377,3802,0,5,0,3,0,45,135,399,2700,cac7a61fcf908581d9d14a888321a75f72c78dbf86cf9ef34fb2f0af0a096a14,0,0,0,0,0,3,0,5,0,0,0,0,0,0,0,1,0,49,0,1,2,47,3571,86898,16,15,4,49,0,2,2,47
413,FUTOLOW,1,16,34,63,1,1,win,4402,550.250,0,31980,0,31980,-250,25653,0,0,26,27,0,0,0,0,0,1,143,0,144,4178,969,4178,2,0,0,2,1,45,135,399,2700,780ed659440d01b6e68c7c74c97b7628fe29a9f7044e87df400ce7d482c021d4,0,2,1,0,0,2,0,0,0,0,0,1,0,0,0,0,0,0,0,0,14,34,17373,72691,10,63,26,27,0,1,14,34
414,SUZMEICK,1,16,34,63,1,0,ongoing,9600,1200.000,40737,10265,40737,10265,19976,3337,22,15,26,29,91,4,0,0,147,28,0,0,175,0,2281,9265,0,10,0,15,0,45,135,399,2700,47d75902064ea1647a14883992f0381ad83a3a60bc2d42958a6083fa4a26e4b7,0,0,4,0,0,15,0,10,0,0,0,0,0,0,91,4,22,15,0,2,28,448,40993,44052,105,13,26,29,0,5,28,448
414,SUZMEICK,1,16,34,63,1,1,win,6431,803.875,0,71943,0,71943,43,1454,0,0,27,37,0,0,0,0,0,40,156,0,196,6321,2609,6321,4,0,0,5,1,45,135,399,2700,c1821be9c7e0e836a54db7d602e464b5c69c14f715465a2a5008f1693c06e691,0,4,14,0,0,5,0,0,0,0,0,1,0,0,0,0,0,0,0,0,60,67,21392,99083,14,125,28,37,0,1,60,67
415,DOUMPHOLE,2,16,50,63,1,0,ongoing,9600,1200.000,20953,123268,20953,123268,2524,9536,31,34,32,51,65,5,0,0,103,61,7,0,171,0,2017,9233,0,8,0,20,0,45,135,399,2700,5d43ab487692e93ca537fb887ee93db6dc31693f7ad5da5e4269944af7d2bd2a,0,0,1,3,0,20,0,8,0,0,0,0,0,0,65,5,30,34,0,4,27,350,23774,138845,80,14,32,51,0,6,27,350
415,DOUMPHOLE,2,16,50,63,1,1,win,6273,784.125,1,171710,0,171710,-250,66633,0,58,26,58,0,70,0,0,0,145,17,1,163,0,3085,6149,0,0,0,10,0,45,135,399,2700,938da3b463e4218eb4e3a6392aabeb0f85ab6863cbb409f25b6c331c802fe81d,0,0,1,0,0,10,0,0,0,0,0,0,0,0,0,70,0,58,0,2,16,82,22231,171721,22,71,26,58,0,3,16,82
416,SHIHIPLAS,2,16,50,63,1,0,win,3359,419.875,34466,0,34466,0,5755,-250,28,0,29,0,3,0,0,0,36,0,2,0,38,0,913,913,1,0,0,0,0,45,135,399,2700,df7a3de9da23832487d5dac1e5f31b564318ef016b7853fa1601a0fbdb1ee184,0,1,0,0,0,0,0,0,0,0,0,0,0,0,3,0,28,0,0,0,9,0,34566,1069,10,9,29,0,0,0,9,0
416,SHIHIPLAS,2,16,50,63,1,1,ongoing,9600,1200.000,54695,26899,54695,26899,5639,1915,46,26,46,40,1,24,0,0,64,55,4,0,123,0,3490,9441,10,0,2,0,0,45,135,399,2700,90f05d38eb0d268d49493d108e49564ac18d0ec62e4af1792a47e7c6286ab2d6,0,10,3,0,0,0,0,0,2,0,0,0,0,0,1,24,46,26,0,0,91,32,58214,27072,25,64,46,40,0,0,91,32
417,HURTQAZAL,2,16,50,63,1,0,ongoing,9600,1200.000,25094,114762,25092,114762,-57,4422,6,53,17,54,42,12,0,0,52,85,16,2,155,0,1345,9547,7,3,0,10,0,45,135,399,2700,c785adbc8729d5b4856788547c2a33d36b8f1899d6fb1a5ad805c51ca1f6a360,0,7,4,0,0,10,0,3,0,0,0,0,0,0,42,12,6,53,0,6,8,131,33090,114762,58,19,17,54,0,6,8,131
417,HURTQAZAL,2,16,50,63,1,1,loss,8919,1114.875,20067,0,20067,0,710,-114,6,0,31,48,12,0,0,0,25,0,115,0,140,0,3409,8647,9,0,2,0,0,45,135,399,2700,ce5b377fab9edbf3d8a584471f13d20b40e9f96cb1b7135e56694a68c1ed2d4f,0,9,1,0,0,0,0,0,2,0,0,0,0,0,12,0,6,0,0,0,70,37,39026,56911,25,64,31,48,0,0,70,37
418,JOSEOLD,2,16,50,63,1,0,win,8776,1097.000,74504,0,74504,0,7151,-250,0,0,77,34,0,0,0,0,3,0,179,0,182,8535,243,8535,6,3,0,1,1,45,135,399,2700,64547a111c19dbb9cc9cab06fa737d5a37e279a7c51e2046d3567e54c281a92a,0,6,1,1,0,1,0,3,0,0,1,0,0,0,0,0,0,0,0,0,156,135,215014,38323,65,15,77,34,0,1,156,135
418,JOSEOLD,2,16,50,63,1,1,ongoing,9600,1200.000,38724,9415,38724,9415,-17,112,11,10,54,38,15,1,0,0,35,18,62,0,115,0,5808,8769,2,0,2,0,0,45,135,399,2700,e373080ae8a9577807ac422b94d5a91a375b51084cccc52823d8d9b0c58b83df,0,2,0,0,0,0,0,0,2,0,0,0,0,0,15,1,11,10,0,0,65,39,84428,32398,20,29,54,38,0,0,65,39
419,TIMGBBOY,2,16,50,63,1,0,ongoing,9600,1200.000,29193,106551,29193,106551,3362,5752,28,46,32,65,62,12,0,0,98,70,31,0,199,0,1849,9449,26,12,0,6,0,45,135,399,2700,84c9ee0b1b5c35c0afba955e81e947fcc085da94cd94938dfe83768b2f463dde,0,26,2,0,0,6,0,12,0,0,0,0,0,0,62,12,28,46,0,1,20,184,29193,163903,77,17,32,65,0,4,20,184
419,TIMGBBOY,2,16,50,63,1,1,ongoing,9600,1200.000,25231,14802,25231,14802,11584,2724,26,6,30,24,11,78,0,0,49,97,13,0,159,0,3961,9529,39,0,1,0,0,45,135,399,2700,b2b705aa916efa79dc232c9f0dd35c1cf15d0355b5bec5c5a031c5649b894218,0,39,0,0,0,0,0,0,1,0,0,0,0,0,11,78,26,6,0,0,79,31,35439,22908,25,81,30,24,0,0,79,31
420,CALINDOR,2,16,18,63,1,0,loss,3055,381.875,2,17495,0,17495,-250,7352,0,20,1,20,0,4,0,0,0,32,5,2,39,0,1377,2672,1,0,0,1,0,45,135,399,2700,1c868021dc1282e9015840aacce019bef2c02f3b43e3d98dd0c79989feba6b4d,0,1,0,0,0,1,0,0,0,0,0,0,0,0,0,4,0,20,0,1,0,11,1415,17622,8,7,1,20,0,1,0,11
420,CALINDOR,2,16,18,63,1,1,win,8205,1025.625,2,70618,0,70618,-250,44986,0,35,15,35,0,75,0,0,0,126,5,2,133,0,5578,8094,0,0,0,7,0,45,135,399,2700,ae4c82ecf521e20d1f5a9cfa1dc882cc6d35f6a84974f2421c7cc22ffc6a0b2f,0,0,7,0,0,7,0,0,0,0,0,0,0,0,0,75,0,35,0,2,19,51,12138,70783,13,78,15,35,0,3,19,51
421,SCOLOPPAL,2,16,18,63,1,0,ongoing,9600,1200.000,45301,4546,45301,4546,76273,-22,20,7,21,17,61,11,0,0,98,21,1,0,120,0,801,5802,2,1,0,0,0,45,135,399,2700,8ee1630360b3e4877ed3a6a30f8586960459feb522c6557e490b87f87f2b37a1,0,2,13,1,0,0,0,1,0,0,0,0,0,0,61,11,20,7,0,0,72,15,45301,13154,69,18,21,17,0,0,72,15
421,SCOLOPPAL,2,16,18,63,1,1,ongoing,9600,1200.000,21317,38381,21317,38381,18060,1496,13,42,40,45,0,46,0,0,26,100,0,0,126,0,3713,8755,13,0,1,0,0,45,135,399,2700,220cf69488fcf88fbb0f7e270f3be49aa3c1d98ab3bc09b0e6ec0d21daffadba,0,13,0,0,0,0,0,0,1,0,0,0,0,0,0,46,13,42,0,0,44,36,48493,38381,17,61,40,45,0,0,44,36
422,SWATHOLE,2,16,18,63,1,0,ongoing,9600,1200.000,29010,46902,29010,46902,2674,3523,30,15,30,38,69,6,0,0,111,34,10,0,155,0,1449,8513,7,6,0,7,0,45,135,399,2700,1744a0509153072b316a18025d6881744c38ce17989deac074f2c752a448148d,0,7,4,5,0,7,0,6,0,0,0,0,0,0,69,6,30,15,0,2,18,162,29010,67508,83,13,30,38,0,2,18,162
422,SWATHOLE,2,16,18,63,1,1,ongoing,9600,1200.000,1446,71110,1445,71110,524,63580,0,46,24,46,8,94,0,0,11,161,1,1,174,0,4979,9487,0,0,0,12,0,45,135,399,2700,3fc4df097e88e3c54b683455386b6da2f41ae80ed261938f85ef14b73521872e,0,0,10,0,0,12,0,0,0,0,0,0,0,0,8,94,0,46,0,2,43,69,23800,71110,17,101,24,46,0,2,43,69
423,KILLOXLAS,2,16,18,63,1,0,win,7424,928.000,64769,0,64769,0,14125,-250,36,0,36,13,5,0,0,0,52,0,18,0,70,0,4955,4955,0,0,0,1,0,45,135,399,2700,601fa5e08b430e4d091937ad35ae4643f3eb1552e183a4b17631edd6a70856e0,0,0,3,1,0,1,0,0,0,0,0,0,0,0,5,0,36,0,0,0,61,17,64769,11340,21,13,36,13,0,1,61,17
423,KILLOXLAS,2,16,18,63,1,1,ongoing,9600,1200.000,318,131282,317,131282,15,15493,0,64,19,66,1,55,0,0,4,133,2,1,140,0,5651,9551,1,0,0,7,0,45,135,399,2700,1c6d56c95abdc52f2b747dc8e3516b18735a9b8a56bbedf03e7fd783b6e984c2,0,1,0,0,0,7,0,0,0,0,0,0,0,0,2,55,0,64,0,3,31,67,12597,131282,14,55,19,66,0,3,31,67
424,EOAEAAL,2,16,18,63,1,0,ongoing,9600,1200.000,66766,45630,66766,45630,74831,627,33,22,38,31,65,1,0,0,117,37,9,0,163,0,1833,6969,8,3,0,5,0,45,135,399,2700,dbbaec1d329bbc457ba7e3ddb290a98e4f0f5e2917b13c2fd8f6b5aa8e614dda,0,8,0,6,0,5,0,3,0,0,0,0,0,0,65,1,33,22,0,1,160,140,66766,47052,79,8,38,31,0,3,160,140
424,EOAEAAL,2,16,18,63,1,1,ongoing,9600,1200.000,39242,48445,39242,48445,18538,2026,12,44,37,44,5,46,0,0,28,103,0,0,131,0,5966,9426,7,0,1,0,0,45,135,399,2700,a9a1008743e5eb31212b63bc1e484fcf5a78a3223c3cc92064a32304e63686dc,0,7,0,0,0,0,0,0,1,0,0,0,0,0,5,46,12,44,0,0,22,13,58023,48445,17,48,37,44,0,0,22,13
425,BURIKEPIL,3,16,52,63,1,0,ongoing,9600,1200.000,19252,100918,19252,100918,6573,8617,12,23,16,32,66,2,0,0,110,35,1,0,146,0,201,9529,118,58,0,25,0,45,135,399,2700,15b48fd0817a0fa6de2b9d31a19d4bcba1801c67673105458047a2bf1add1777,0,118,0,2,0,25,0,58,0,0,0,0,0,0,66,2,12,23,0,3,45,769,19436,104592,83,16,16,32,0,8,45,769
425,BURIKEPIL,3,16,52,63,1,1,win,2553,319.125,0,21010,0,21010,18182,4182,0,0,24,28,0,0,0,0,0,1,98,0,99,2281,153,2281,10,0,0,1,1,45,135,399,2700,a0be7cdf336bce6b9adbae56fd04743394bc3dc92959000448da7a05ec297cb6,0,10,0,0,0,1,0,0,0,0,0,1,0,0,0,0,0,0,0,0,1,14,12730,38101,19,34,24,28,0,1,1,14
426,MOROGOJOB,3,16,52,63,1,0,loss,2746,343.250,0,46845,0,46845,-250,2745,0,33,2,33,0,28,0,0,0,90,3,0,93,0,337,2729,16,8,0,4,0,45,135,399,2700,3466d0637aea2da27e91f615a52f5f8b972c07f6715ac6b6222b6117913b4242,0,16,0,0,0,4,0,8,0,0,0,0,0,0,0,28,0,33,0,2,0,27,1807,46897,16,30,2,33,0,3,0,27
426,MOROGOJOB,3,16,52,63,1,1,loss,7410,926.250,13677,0,13677,0,-1,-178,0,0,24,42,19,0,0,0,27,0,75,0,102,0,1793,7129,38,0,5,7,0,45,135,399,2700,7e778ab9307db53a5c5921fa13c7eea11790d6c958c96011f4f4d508f529797a,0,38,0,9,7,0,0,0,5,0,0,0,0,0,19,0,0,0,1,0,74,17,27023,52764,26,26,24,42,3,0,74,17
427,NIMODOR,3,16,52,63,1,0,loss,8006,1000.750,0,192179,0,192179,-89,4021,0,70,13,70,0,7,0,0,0,97,39,0,136,0,689,7993,126,64,0,31,0,45,135,399,2700,2f6d1894fbeac861906a79c199115445f2412efbe1d63b04420f2fca703299a6,0,126,0,0,1,30,0,64,0,0,0,0,0,0,0,7,0,70,0,3,19,452,20110,192271,71,18,13,70,1,6,19,452
427,NIMODOR,3,16,52,63,1,1,loss,7119,889.875,14957,0,14957,0,982,-233,0,0,30,29,8,0,0,0,23,0,34,0,57,0,1337,7033,18,0,5,10,0,45,135,399,2700,571d6f8387b58df89a4eea5e66203fe2e428233d88f7acaa3422bcdf8699b07d,0,18,0,2,10,0,0,0,5,0,0,0,0,0,8,0,0,0,3,0,135,5,24885,22339,28,43,30,29,3,0,135,5
428,BILMEPAL,3,16,52,63,1,0,loss,1593,199.125,0,28315,0,28315,65,7273,0,28,0,28,0,0,0,0,0,37,1,0,38,0,337,1540,4,6,0,1,0,45,135,399,2700,eb0a1c6bc2d8f05e766fb43a82b31dc49589b78ca87bca8460772ebdc769d718,0,4,0,1,0,1,0,6,0,0,0,0,0,0,0,0,0,28,0,1,0,1,511,28329,4,4,0,28,0,1,0,1
428,BILMEPAL,3,16,52,63,1,1,win,4599,574.875,1,30705,0,30705,-250,12341,0,12,23,26,0,34,0,0,0,63,50,1,114,0,1944,4132,19,0,2,4,0,45,135,399,2700,10244cec419927dbd409aa8775d1158960a6b0fbfde52761acbce4a0ba38d13b,0,19,0,0,2,2,0,0,2,0,0,0,0,0,0,34,0,12,0,1,67,25,17768,46175,19,66,23,26,2,1,67,25
429,RINGDIPERT,3,16,52,63,1,0,loss,4693,586.625,0,120730,0,120730,-250,2102,0,47,11,48,0,7,0,0,0,75,41,0,116,0,785,4681,33,34,0,11,0,45,135,399,2700,3454fd189e8622d7c0578b4375d5dd68993e90d2b3412e7b33bd6e73d453bcd7,0,33,0,1,0,11,0,34,0,0,0,0,0,0,0,7,0,47,0,4,3,186,10642,120832,49,12,11,48,0,5,3,186
429,RINGDIPERT,3,16,52,63,1,1,loss,5842,730.250,4025,0,4025,0,191,-188,0,0,23,17,8,0,0,0,16,0,74,0,90,0,1297,5719,10,0,3,6,0,45,135,399,2700,c1e2c99500da7854c5fda1e6fc81fc271cd0b6f29068b05f09023fdcadc6f31b,0,10,0,0,6,0,0,0,3,0,0,0,0,0,8,0,0,0,1,0,40,4,28729,22091,34,23,23,17,3,0,40,4
430,WEAVKOPOUT,2,16,63,63,1,0,win,5864,733.000,63733,1,63733,0,23974,-250,36,0,36,14,38,0,0,0,86,0,1,1,88,0,1801,5623,1,0,0,9,0,45,135,399,2700,15d8cff0cdac872e7d7b53a35ae3b52361d023f119d1fa96950b3b371b7cf8f0,0,1,1,0,8,1,0,0,0,0,0,0,0,0,38,0,36,0,2,0,74,6,63733,12728,39,17,36,14,3,1,74,6
430,WEAVKOPOUT,2,16,63,63,1,1,loss,7066,883.250,90039,1,90039,0,7940,-250,41,0,41,3,6,0,0,0,64,0,16,1,81,0,3274,6831,0,3,0,5,0,45,135,399,2700,a8272cb3e663bf5ad46614320138dbc1a51c287918bae0be600f37596e057de8,0,0,1,0,5,0,3,0,0,0,0,0,0,0,6,0,41,0,1,0,58,0,90091,5669,14,17,41,3,3,0,58,0
431,ALPQAZT,2,16,63,63,1,0,win,8548,1068.500,204722,1,204722,0,30247,-250,106,0,107,37,31,0,0,0,157,0,18,1,176,0,2903,8392,1,1,0,16,0,45,135,399,2700,fe6fb33e1f39b4c867120b3d1f90a40fefb1470b97c9ab87f764f4ab170d9c4b,1,0,1,1,10,6,0,1,0,0,0,0,0,0,31,0,106,0,2,0,127,124,204866,53325,61,17,107,37,3,2,127,124
431,ALPQAZT,2,16,63,63,1,1,win,9515,1189.375,1,98515,0,98515,-250,36626,0,54,24,54,0,69,0,0,0,140,12,1,153,0,2318,9495,17,2,0,8,0,45,135,399,2700,d173bb687eb1102d802fe3d272fe4c6f3cacfe816f6f1f40802451ffda394504,6,11,0,0,1,7,2,0,0,0,0,0,0,0,0,69,0,54,0,2,32,54,44406,98569,15,74,24,54,1,3,32,54
432,BADEPIL,2,16,63,63,1,0,ongoing,9600,1200.000,70580,6269,70580,6268,13595,-82,48,8,48,26,49,9,0,0,107,23,0,1,131,0,1411,9379,2,0,0,8,0,45,135,399,2700,ca43f1fba405713815133c86d05024c2661a68c3762437b745779e8a9c8de2db,0,2,1,0,3,5,0,0,0,0,0,0,0,0,49,8,48,8,2,0,39,70,70580,21983,54,13,48,26,2,2,39,70
432,BADEPIL,2,16,63,63,1,1,win,9230,1153.750,2,47905,0,47905,-250,41222,0,23,19,24,0,91,0,0,0,129,14,2,145,0,827,9121,7,2,0,8,0,45,135,399,2700,654b4c6ea1eb3f6a6221b1ac939cf2ca1fbafc4e3c93b53ceac2eafafab9b619,6,1,1,0,4,4,2,0,0,0,0,0,0,0,0,91,0,23,0,2,102,40,12517,48049,13,93,19,24,2,2,102,40
433,IMMGBJOB,2,16,63,63,1,0,loss,2891,361.375,0,17428,0,17428,-250,6705,0,26,0,26,0,8,0,0,0,48,6,0,54,0,1737,1737,1,0,0,0,0,45,135,399,2700,8d55b0a584d7859291e71f23f6b1804dafa75a8aa469af0550566cf19a6f8bde,0,1,0,0,0,0,0,0,0,0,0,0,0,0,0,8,0,26,0,0,0,3,445,17506,2,10,0,26,0,0,0,3
433,IMMGBJOB,2,16,63,63,1,1,win,5049,631.125,2,51812,0,51812,-250,8797,0,40,4,40,0,30,0,0,0,87,0,2,89,0,905,4954,1,0,0,2,0,45,135,399,2700,d8bac85015e6d3b55534167c520103c9b4ad11db6a9b672ab49fcd4742acc2cd,0,1,0,0,0,2,0,0,0,0,0,0,0,0,0,31,0,40,0,2,0,7,976,51830,3,31,4,40,0,2,0,7
434,HOBINLIN,2,16,63,63,1,0,loss,3805,475.625,1,51133,0,51133,-250,1599,0,37,5,37,0,1,0,0,0,52,6,1,59,0,1401,3745,2,0,0,3,0,45,135,399,2700,bfd49cb54d8f0ae2dd4a752e630c633138aa49a6a55476c78bf5bd208bb4c41b,0,2,0,1,0,3,0,0,0,0,0,0,0,0,0,1,0,37,0,3,0,22,2416,51311,6,9,5,37,0,3,0,22
434,HOBINLIN,2,16,63,63,1,1,win,3347,418.375,1,70940,0,70940,-250,20311,0,42,9,42,0,33,0,0,0,84,12,1,97,0,1983,3129,0,0,0,4,0,45,135,399,2700,9b9d5563127ae1e86f5e1f136dc15649701fc79e7b591b3fe87e0f5eba4d5a4e,0,0,0,0,0,4,0,0,0,0,0,0,0,0,0,33,0,42,0,2,2,42,3504,70978,16,34,9,42,0,3,2,42
435,BUGLOPDON,0,16,63,63,1,0,ongoing,9600,1200.000,39116,2867,39116,2867,19802,-248,0,0,32,20,0,0,0,0,2,2,99,0,103,9361,601,9361,68,24,0,19,1,45,135,399,2700,e9b6ea4cbc12b99d4927db647e21d06e58d3ca804efd422ab902554e8d096d5a,20,48,0,3,9,10,1,23,0,0,1,0,0,0,0,0,0,0,0,0,54,376,51243,21904,97,13,32,20,1,5,54,376
435,BUGLOPDON,0,16,63,63,1,1,win,5316,664.500,0,34521,0,34521,2076,8480,0,0,20,21,0,0,0,0,0,2,147,0,149,5058,321,5058,15,7,0,8,1,45,135,399,2700,35ecd47c5498f9fb0649a30d75acbfbb6fc27fbdfbe5774714d3f3c8b06e53c1,8,7,0,0,3,5,7,0,0,0,0,1,0,0,0,0,0,0,0,0,60,43,13724,50404,11,82,20,21,2,1,60,43
436,SHADYPERT,0,16,63,63,1,0,loss,3815,476.875,1,29475,0,29475,-250,9277,0,29,3,29,0,0,0,0,0,42,43,1,86,0,353,3697,10,9,0,5,0,45,135,399,2700,9d7a7317d360fd2bffb7163f50f61ceb6e83f9bbc0637f65a104e13f97bd21bf,0,10,0,2,0,5,0,9,0,0,0,0,0,0,0,0,0,29,0,2,0,92,10382,29529,52,4,3,29,0,4,0,92
436,SHADYPERT,0,16,63,63,1,1,win,3067,383.375,0,24480,0,24480,-101,4397,0,0,15,36,0,0,0,0,0,1,94,0,95,2753,321,2753,11,0,0,1,1,45,135,399,2700,1d27fd62ac495d456dcb5b00cc323164712c3ad35eb44857fd54b3c25b19fb3c,0,11,0,0,0,1,0,0,0,0,0,1,0,0,0,0,0,0,0,0,1,12,6682,32420,18,26,15,36,0,1,1,12
437,COROXOUT,0,16,63,63,1,0,win,7747,968.375,31252,0,31252,0,22974,-250,0,0,43,30,0,0,0,0,2,0,181,0,183,7510,633,7510,29,18,0,25,1,45,135,399,2700,a2d55de54ceefc087665967775c5ca2150bf444e4c8f52d5dbdff761d48c24ba,11,18,0,5,14,11,0,18,0,0,1,0,0,0,0,0,0,0,0,0,57,152,53774,18541,92,10,43,30,1,4,57,152
437,COROXOUT,0,16,63,63,1,1,win,5473,684.125,0,36109,0,36109,-250,21889,0,0,24,46,0,0,0,0,0,2,48,0,50,5241,249,5241,30,9,0,16,1,45,135,399,2700,e35336f4008989b264b18b282b0bab920ca0d4e6d034f544753d585e9ecdab40,20,10,2,0,7,9,9,0,0,0,0,1,0,0,0,0,0,0,0,0,133,48,19385,47120,10,104,24,46,3,1,133,48
438,BINEAT,0,16,63,63,1,0,win,5384,673.000,31909,0,31909,0,14077,-250,0,0,29,11,0,0,0,0,1,0,100,0,101,5138,505,5138,17,7,0,7,1,45,135,399,2700,6b452ce1f7ff0744f9f9dad14ba106ff7e4204255bdbbaa6e09602a133d71bc7,9,8,0,0,4,3,0,7,0,0,1,0,0,0,0,0,0,0,0,0,55,91,48490,11172,72,17,29,11,1,3,55,91
438,BINEAT,0,16,63,63,1,1,win,5760,720.000,0,30553,0,30553,-250,7747,0,0,18,46,0,0,0,0,0,1,158,0,159,5497,1385,5497,20,8,0,8,1,45,135,399,2700,0af8538fc25d0a898bbfb66e926f560114e59f4991ecf0f8de33d8b63975f435,18,2,3,0,6,2,8,0,0,0,0,1,0,0,0,0,0,0,0,0,138,21,14349,48689,11,73,18,46,3,1,138,21
439,SADIKEBAR,0,16,63,63,1,0,loss,9053,1131.625,0,113482,0,113482,774,33682,0,41,6,41,0,3,0,0,0,57,28,0,85,0,1234,8800,0,45,0,24,0,45,135,399,2700,3add90adc944bd0b3f9a0681fed54958bf0e923ebc9e021e3918d57365192022,0,0,0,1,0,24,0,45,0,0,0,0,0,0,0,3,0,41,0,4,5,201,8063,113496,45,8,6,41,0,6,5,201
439,SADIKEBAR,0,16,63,63,1,1,win,4958,619.750,0,31778,0,31778,-250,16106,0,0,20,19,0,0,0,0,0,1,108,0,109,4722,1625,4722,5,3,0,9,1,45,135,399,2700,320dc5b74c3c35d1dd8c06fd2688a48181217d70d31a2e301dfd0b34ed5d378f,4,1,2,0,3,6,3,0,0,0,0,1,0,0,0,0,0,0,0,0,24,28,13588,43253,21,73,20,19,2,1,24,28
440,LOWOGOER,0,16,63,63,1,0,win,8087,1010.875,30535,0,30535,0,14926,-250,0,0,43,37,0,0,0,0,1,0,90,0,91,7833,289,7833,83,25,0,19,1,45,135,399,2700,e15d459727da73d3049c497715187a7c8dd856d16902831f29b05a778f063d04,31,52,0,4,4,15,0,25,0,0,1,0,0,0,0,0,0,0,0,0,77,443,73151,35125,132,17,43,37,1,6,77,443
440,LOWOGOER,0,16,63,63,1,1,win,3432,429.000,0,29231,0,29231,-250,24556,0,0,24,21,0,0,0,0,0,2,165,0,167,3161,297,3161,11,2,0,5,1,45,135,399,2700,05e44c2d990ba2ec1f8287fe47f6a8e4d8ed1fa52be064e9a8b05ee423c143bc,1,10,1,0,3,2,2,0,0,0,0,1,0,0,0,0,0,0,0,0,24,18,16977,50254,27,93,24,21,3,1,24,18
441,QAZOLIN,0,16,63,63,1,0,loss,3428,428.500,0,39504,0,39504,-250,1677,0,36,5,36,0,7,0,0,0,56,18,0,74,0,393,3417,19,8,0,6,0,45,135,399,2700,702661cdce5ddd1ff3e435dc8d36b942673bb448fcafd2c2ea6c45e5aaf7945c,3,16,0,1,0,6,0,8,0,0,0,0,0,0,0,7,0,36,0,4,1,65,5070,39553,24,17,5,36,0,4,1,65
441,QAZOLIN,0,16,63,63,1,1,win,6040,755.000,0,47159,0,47159,1144,5098,0,0,20,28,0,0,0,0,0,6,194,0,200,5825,1001,5825,13,9,0,15,1,45,135,399,2700,cf6c93357b6215b9f921d64ed5a0c98b0995ea6eb78b56b4e307b775ef2b5cb7,10,3,2,0,5,10,9,0,0,0,0,1,0,0,0,0,0,0,0,0,111,29,17164,81284,14,133,20,28,3,1,111,29
442,VERYDEDON,0,16,63,63,1,0,win,8277,1034.625,1688,0,1688,0,3989,-250,0,0,33,31,0,0,0,0,1,0,193,0,194,8017,441,8017,79,28,0,18,1,45,135,399,2700,b96b68ba0867c666350561e2274bfe7c935963ee2dd3342ce2d5120c5263c7ec,21,58,0,3,5,13,0,28,0,0,1,0,0,0,0,0,0,0,0,0,32,380,76994,34222,118,18,33,31,1,4,32,380
442,VERYDEDON,0,16,63,63,1,1,ongoing,9600,1200.000,22569,35201,22569,35201,2848,2037,13,31,30,32,8,70,0,0,35,140,13,0,188,0,1633,9594,39,48,0,18,0,45,135,399,2700,b11ffdafbb817708e69b09d558929ac4fe1e92dfbf25a133f11e1f667f28fccc,0,39,1,0,17,1,48,0,0,0,0,0,0,0,9,70,13,31,2,1,562,61,37963,35201,24,79,30,32,7,1,562,61
443,MINDIMAR,0,16,63,63,1,0,win,7390,923.750,36301,0,36301,0,3827,3220,0,0,40,28,0,0,0,0,3,0,94,0,97,7121,433,7121,63,15,0,7,1,45,135,399,2700,badd613b4f34c560de7e8dff2a9f5eb3e732387d0bd42221d8235d21552c2ac7,31,32,0,1,2,5,0,15,0,0,1,0,0,0,0,0,0,0,0,0,23,238,61005,37678,77,15,40,28,1,3,23,238
443,MINDIMAR,0,16,63,63,1,1,win,5656,707.000,0,38563,0,38563,-250,7583,0,0,20,29,0,0,0,0,0,2,111,0,113,5393,1513,5393,18,7,0,7,1,45,135,399,2700,642e55b9e19e9b151c1f10055173241d2cd8eb1ccc3f81195aee75b5cc0f9410,14,4,1,0,2,5,6,1,0,0,0,1,0,0,0,0,0,0,0,0,59,75,14044,53530,19,67,20,29,1,1,59,75
444,HAMKOPLUG,0,16,63,63,1,0,win,8185,1023.125,16326,0,16326,0,4278,986,0,0,30,27,0,0,0,0,1,0,59,0,60,7886,737,7886,58,27,0,19,1,45,135,399,2700,fe0d65d022606cbe3fbadcb26e9ddb440af7644d8c3188b13f4e32e918ff6d10,31,27,0,4,5,14,0,27,0,0,1,0,0,0,0,0,0,0,0,0,13,341,63164,28283,106,20,30,27,1,6,13,341
444,HAMKOPLUG,0,16,63,63,1,1,loss,6420,802.500,76783,0,76783,0,8589,-250,48,0,48,4,10,0,0,0,75,0,15,0,90,0,1497,6353,22,17,0,9,0,45,135,399,2700,df45b7caea4500631742affbff2d514673c91fdb15d7b0a2678c62d568eac791,18,4,10,0,9,0,17,0,0,0,0,0,0,0,10,0,48,0,2,0,131,0,76813,22465,20,38,48,4,4,0,131,0
445,FUTQAZHILL,3,16,63,5,10,0,win,4506,563.250,31402,0,31402,0,7814,-250,0,0,15,2,0,0,431,459,1,0,93,0,94,4281,491,4281,9,0,0,2,1,45,585,399,2700,9bfbddbf48cc7cfeb7774bf1e0bbe78c597d2112a7c7af422b7c3f52bb62ccec,5,4,0,0,1,1,0,0,0,0,1,0,0,0,0,0,0,0,0,0,42,40,45418,10592,50,30,15,2,1,1,42,40
445,FUTQAZHILL,3,16,63,5,10,1,win,3247,405.875,0,34682,0,34682,-168,6200,0,0,2,0,0,97,361,292,0,138,13,0,151,0,481,3181,9,0,0,0,0,45,585,399,2700,b68ca1ffa19a4bbcc27972e36716f835042eca69e723ac349381a57a0f30bd61,1,8,0,0,0,0,0,0,0,0,0,0,0,0,0,97,0,0,0,0,30,49,6253,34874,21,98,2,0,0,0,30,49
446,SUZEBAR,3,16,63,5,10,0,ongoing,9600,1200.000,89197,7095,89197,7095,6143,835,4,0,12,6,128,5,955,1391,198,10,0,0,208,0,441,9391,85,1,0,6,0,45,585,399,2700,e66dbd29b3d0996fe8300be17ddc626f8a6c75e03e309029039b5dd5c6eef121,58,27,1,0,3,3,1,0,0,0,0,0,0,0,128,4,4,0,0,0,260,218,89197,21976,143,65,12,6,1,1,260,218
446,SUZEBAR,3,16,63,5,10,1,win,8960,1120.000,0,88316,0,88316,1155,5091,0,5,1,6,0,121,1182,455,0,208,0,0,208,0,441,8851,61,0,0,1,0,45,585,399,2700,5ad3408c6ef27dd1cc81ebf853378a18d99be2be341c5646c70bb1ef46a4411f,1,60,0,0,0,1,0,0,0,0,0,0,0,0,0,122,0,6,0,1,68,105,19728,91262,39,130,1,6,0,1,68,105
447,DOUGBER,3,16,63,5,10,0,win,6345,793.125,18115,0,18115,0,5225,2378,0,0,11,3,0,0,630,933,4,0,190,0,194,6121,501,6121,29,0,0,3,1,45,585,399,2700,3666550db999e08b130951f4877416f5aa24fc4b72d5c39116c022439cdd35fb,16,13,0,0,3,0,0,0,0,0,1,0,0,0,0,0,0,0,0,0,36,12,70475,38871,69,93,11,3,1,0,36,12
447,DOUGBER,3,16,63,5,10,1,win,6042,755.250,0,99688,0,99688,3621,13238,0,13,1,13,0,85,738,512,0,147,9,0,156,0,361,5891,87,0,0,1,0,45,585,399,2700,b3c2a3bc29289d7320e1b6f753f48e1be9ec0b68bffa2bad40d911897c06b6e9,0,87,0,0,0,1,0,0,0,0,0,0,0,0,0,85,0,13,0,1,57,19,6295,99716,27,85,1,13,0,1,57,19
448,SHIINING,3,16,63,5,10,0,win,5255,656.875,6679,0,6679,0,2788,14546,0,0,12,5,0,0,539,757,1,0,103,0,104,4961,421,4961,21,0,0,1,1,45,585,399,2700,501e3f3dac2f5b8c0e3946761ed0084546bd9408da12c946af52aa614f6a5de4,14,7,0,0,1,0,0,0,0,0,1,0,0,0,0,0,0,0,0,0,42,23,27182,20815,29,62,12,5,1,0,42,23
448,SHIINING,3,16,63,5,10,1,win,7620,952.500,0,71439,0,71439,1825,31127,0,3,2,3,0,128,998,463,0,202,6,0,208,0,471,7331,30,0,0,2,0,45,585,399,2700,a657f3855612f455edc7622e9f2c8705e928c010fbd6ea05dfbb37616e208dbd,0,30,1,0,1,1,0,0,0,0,0,0,0,0,0,128,0,3,0,1,114,88,19823,71639,48,133,2,3,1,1,114,88
449,HURTSODORD,3,16,63,5,10,0,win,7386,923.250,47827,0,47827,0,64559,890,9,0,9,3,105,0,709,808,174,0,10,0,184,0,581,6521,31,0,0,3,0,45,585,399,2700,9c4fb1ee1905de74f5cdc23d91fc15baee9c0b07c5cc6157d9cd9e1866ad5a7e,5,26,0,0,1,2,0,0,0,0,0,0,0,0,105,0,9,0,1,0,84,199,47919,13854,108,38,9,3,1,2,84,199
449,HURTSODORD,3,16,63,5,10,1,win,5065,633.125,0,85239,0,85239,517,17720,0,5,1,5,0,138,573,487,0,207,1,0,208,0,331,4591,30,0,0,2,0,45,585,399,2700,9e57bada32b1d7a13daeea24bd1e701543c48efd76d58c7026b744658ef1eaf7,1,29,0,0,1,1,0,0,0,0,0,0,0,0,0,138,0,5,0,1,68,29,9609,85277,27,140,1,5,1,1,68,29
450,JOSYMAR,1,18,61,36,1,0,loss,4029,503.625,1,64852,0,64852,-250,56366,0,43,3,43,0,9,0,0,0,67,19,1,87,0,1372,4008,0,0,0,5,0,90,675,399,2700,95073d9fe08d8a1dbc2b862b2ab2fd3c81d4ffa7103264685fc90d45cebd85d9,0,0,0,0,0,5,0,0,0,0,0,0,0,0,0,9,0,43,0,2,0,81,4297,65003,24,20,3,43,0,3,0,81
450,JOSYMAR,1,18,61,36,1,1,ongoing,9600,1200.000,35207,52599,35207,52599,7635,48582,25,26,34,32,2,78,0,0,41,131,19,0,191,0,2313,9513,10,6,0,21,0,90,675,399,2700,1d474f47ad7c0153a384b7faff089ba02099d83d44a31f98d51b20d3874dd6bf,10,0,0,0,13,8,6,0,0,0,0,0,0,0,2,78,25,26,0,1,247,46,57164,52599,9,101,34,32,4,1,247,46
451,TIMOXLUG,1,18,61,36,1,0,ongoing,9600,1200.000,2175,197387,2175,197387,2039,13792,1,75,11,75,0,4,0,0,1,106,0,0,107,0,1289,9523,3,0,0,44,0,90,675,399,2700,6f05fc61ebfbc609f73ce6b4cd7500b0c6a88b8e9eab2ab13e8ee9e9bd57372f,3,0,0,0,0,44,0,0,0,0,0,0,0,0,0,4,1,75,0,2,1,58,7455,199754,14,15,11,75,0,5,1,58
451,TIMOXLUG,1,18,61,36,1,1,win,4081,510.125,0,26302,0,26302,-250,19426,0,0,26,37,0,0,0,0,0,1,140,0,141,3745,1785,3745,2,0,0,3,1,90,675,399,2700,82a78ac93121f1c7b914aa7d8e282166f6075370dae07955e879375a84ec2cac,2,0,0,0,0,3,0,0,0,0,0,1,0,0,0,0,0,0,0,0,1,27,22402,80341,11,55,26,37,0,1,1,27
452,CALEAHILL,1,18,61,36,1,0,loss,5293,661.625,0,18724,0,18724,-250,4567,0,0,16,45,0,0,0,0,0,1,101,0,102,5049,1364,5049,1,0,0,11,1,90,675,399,2700,db7ae560a8a41bf8a5ad3118e9544d3c3d1bd2edab8e8895b5c90617fa7e75a7,1,0,0,0,0,11,0,0,0,0,0,1,0,0,0,0,0,0,0,0,1,167,21972,90268,77,12,16,45,0,5,1,167
452,CALEAHILL,1,18,61,36,1,1,ongoing,9600,1200.000,26050,33702,26050,33701,3573,15453,7,20,35,21,14,101,0,0,37,151,16,1,205,0,2197,9519,6,8,0,22,0,90,675,399,2700,471820cf2fc56f635f270bae95d065ad3e69ca93e66d82804ee13aa1d54fa069,6,0,0,0,15,7,8,0,0,0,0,0,0,0,14,101,7,20,2,0,372,69,62532,34033,21,115,35,21,5,1,372,69
453,SCOIKEMET,1,18,61,36,1,0,loss,2247,280.875,1,27946,0,27946,-250,24227,0,24,5,25,0,4,0,0,0,38,7,1,46,0,1363,2098,0,0,0,2,0,90,675,399,2700,62cf06ea5a5bcd641586cef8ffc0ea06f1008f7156b5d9dfe403e0806211e702,0,0,0,0,0,2,0,0,0,0,0,0,0,0,0,4,0,24,0,1,3,23,2337,28102,6,11,5,25,0,2,3,23
453,SCOIKEMET,1,18,61,36,1,1,win,1364,170.500,0,11565,0,11565,499,5268,0,7,1,7,0,49,0,0,0,60,3,0,63,0,0,0,0,0,0,0,0,90,675,399,2700,e3f23127f38f2fae78555dd94ff23e55c47261edeede384fcee5db8a9ae771aa,0,0,0,0,0,0,0,0,0,0,0,0,0,0,0,49,0,7,0,0,1,0,433,11589,3,49,1,7,0,0,1,0
454,SWAOGOED,1,18,61,36,1,0,win,7566,945.750,28299,0,28299,0,16398,88293,0,0,83,39,0,0,0,0,1,0,50,0,51,7313,1399,7313,11,0,0,14,1,90,675,399,2700,b43cb781f0be916b9c221a84ea0395ce8d0c50a5a408a3c8ee3638829bdcf0de,11,0,0,0,6,8,0,0,0,0,1,0,0,0,0,0,0,0,0,0,81,161,204024,61731,63,12,83,39,1,4,81,161
454,SWAOGOED,1,18,61,36,1,1,win,8833,1104.125,0,164099,0,164099,-250,3264,0,0,34,64,0,0,0,0,0,163,11,0,174,8825,2049,8825,0,11,0,11,1,90,675,399,2700,7d6723677f8c74e9af733203ca0135b43aab5a5811e00ef3b43a669c8118aa0f,0,0,0,0,4,7,11,0,0,0,0,1,0,0,0,0,0,0,0,0,240,126,41368,165725,14,79,34,64,3,1,240,126
455,KILLUING,0,16,59,34,1,0,loss,1959,244.875,0,19478,0,19478,-250,13659,0,0,4,35,0,0,0,0,0,1,68,0,69,1721,1721,1721,0,0,0,0,1,135,630,399,2700,7116326aece29792c52576e42b971f16d621280639cd3813f66bc262fc1680ed,0,0,0,1,0,0,0,0,0,0,0,1,0,0,0,0,0,0,0,0,0,4,6716,25673,25,12,4,35,0,0,0,4
455,KILLUING,0,16,59,34,1,1,win,3028,378.500,0,14137,0,14137,7590,4395,0,0,35,26,0,0,0,0,0,2,197,0,199,2785,1609,2785,0,6,0,0,1,135,630,399,2700,84369548ac1fb66676330272b8692cbdacb7db5d7fe02d1dc18a0b9cca64b61a,0,0,2,1,0,0,6,0,0,0,0,1,0,0,0,0,0,0,0,0,11,7,19912,48550,12,101,35,26,0,0,11,7
456,EOADEORD,0,16,59,34,1,0,loss,2156,269.500,0,16086,0,16086,-250,4230,0,0,12,34,0,0,0,0,0,1,42,0,43,1913,1089,1913,5,0,0,0,1,135,630,399,2700,04515f38e4074c2937d56d829034505572a93f76ec6c46fdeedac426df7fb2cf,5,0,0,2,0,0,0,0,0,0,0,1,0,0,0,0,0,0,0,0,0,1,10514,26508,22,15,12,34,0,0,0,1
456,EOADEORD,0,16,59,34,1,1,win,4279,534.875,0,13829,0,13829,5496,3023,0,0,30,22,0,0,0,0,0,1,174,0,175,4027,857,4027,26,12,0,0,1,135,630,399,2700,4f836cef30a709e0368b082de1fba48d0f597b3083c669e99903f055590cd4b4,26,0,1,0,0,0,12,0,0,0,0,1,0,0,0,0,0,0,0,0,111,32,24992,57267,18,105,30,22,0,0,111,32
457,BURDICON,0,16,59,34,1,0,loss,1947,243.375,0,20080,0,20080,-250,10173,0,0,1,47,0,0,0,0,0,1,120,0,121,1705,1705,1705,0,0,0,0,1,135,630,399,2700,39fcf86dc98cb35ad6f5deff926caad6a4085eeae950dc344d5e300a058f79d1,0,0,0,1,0,0,0,0,0,0,0,1,0,0,0,0,0,0,0,0,0,3,8625,26790,46,13,1,47,0,0,0,3
457,BURDICON,0,16,59,34,1,1,win,2634,329.250,0,40659,0,40659,-250,13360,0,0,7,28,0,0,0,0,0,4,80,0,84,2369,2369,2369,0,0,0,0,1,135,630,399,2700,5ad68fbadfc9cb75d39f82b3b10c13b8f7b0c8fa862a14781f1ce3f6867a1d41,0,0,0,1,0,0,0,0,0,0,0,1,0,0,0,0,0,0,0,0,18,35,4543,44678,17,69,7,28,0,0,18,35
458,MORKOPILL,0,16,59,34,1,0,loss,2283,285.375,0,17162,0,17162,-250,10386,0,0,5,34,0,0,0,0,0,1,61,0,62,2009,1985,2009,1,0,0,0,1,135,630,399,2700,7bf753044820426de98f6531eb20f26f55ec2b830c13f59ce3415c4173bfd846,1,0,0,1,0,0,0,0,0,0,0,1,0,0,0,0,0,0,0,0,0,3,10017,26733,32,17,5,34,0,0,0,3
458,MORKOPILL,0,16,59,34,1,1,win,4528,566.000,0,452,0,452,7643,-239,0,0,38,16,0,0,0,0,0,1,24,0,25,4211,1529,4211,16,15,0,0,1,135,630,399,2700,52e0de798c1cf893c84070b1e42b7bafea0749879d6be7d792272415e3a9263b,16,0,0,2,0,0,15,0,0,0,0,1,0,0,0,0,0,0,0,0,31,12,46360,67244,20,108,38,16,0,0,31,12
459,NIMQAZTORY,0,16,59,34,1,0,loss,2361,295.125,0,14351,0,14351,-250,9835,0,0,7,32,0,0,0,0,0,1,80,0,81,1924,1924,1924,0,0,0,0,1,135,630,399,2700,fe9b2d9f09b2a12e1470934fcff8ecbfcb99694cf7beb678d2b112c739e009ba,0,0,0,1,0,0,0,0,0,0,0,1,0,0,0,0,0,0,0,0,12,38,8478,21867,28,16,7,32,0,0,12,38
459,NIMQAZTORY,0,16,59,34,1,1,win,5221,652.625,0,9206,0,9206,5588,3138,0,0,25,17,0,0,0,0,0,1,99,0,100,4945,1825,4945,0,12,0,0,1,135,630,399,2700,2e1568440ba17735b82585b3eeae8b5adef12b4be3cc267e36d5e5a6b23bc7b4,0,0,0,0,0,0,12,0,0,0,0,1,0,0,0,0,0,0,0,0,110,142,18293,28364,27,54,26,17,0,0,110,142
460,BILEMET,3,18,61,18,1,0,win,5233,654.125,12118,0,12118,0,5014,35609,0,0,42,33,0,0,0,0,1,0,88,0,89,4961,1033,4961,22,0,3,1,1,45,495,399,2700,b915ab49ddcab9cb1c4c4424a05794b21597107b440c073372c20a061c209ffd,22,0,0,1,1,0,0,0,0,3,1,0,0,0,0,0,0,0,0,0,17,9,54706,37349,40,36,42,33,1,0,17,9
460,BILEMET,3,18,61,18,1,1,ongoing,9600,1200.000,13031,90635,13031,90635,6761,65111,17,36,35,36,4,55,0,0,30,141,37,0,208,0,1625,9209,49,48,0,16,0,45,495,399,2700,3a9214d4fbc2e1aeee098608c0ecc8a1453e438a3bdf3e1716353fb749eb6cdf,49,0,0,20,16,0,48,0,0,0,0,0,0,0,4,55,17,36,0,0,570,103,90194,99646,33,125,35,36,6,0,570,103
461,RINGCEED,3,18,61,18,1,0,loss,2265,283.125,0,14218,0,14218,1849,4457,0,10,10,26,0,25,0,0,0,51,18,0,69,0,713,1193,5,0,1,0,0,45,495,399,2700,4290d7c549b33efee50431d5fc6b6c39206b4cb80dea049d475baa87b239ce77,5,0,0,1,0,0,0,0,0,1,0,0,0,0,0,25,0,10,0,0,0,0,4941,17837,4,30,10,26,0,0,0,0
461,RINGCEED,3,18,61,18,1,1,ongoing,9600,1200.000,10268,65694,10268,65694,1397,38598,4,27,36,27,18,31,0,0,32,75,84,0,191,0,1345,8369,0,36,0,5,0,45,495,399,2700,b206e638f1a2b51a67336ed4f32bac6f65529533b0352da0255bc7beaf897a7c,0,0,0,41,5,0,36,0,0,0,0,0,0,0,19,31,4,27,1,0,320,205,35809,65694,29,90,36,27,3,0,320,205
462,WEAVASHAM,3,18,61,18,1,0,loss,1314,164.250,0,9010,0,9010,-223,361,0,2,1,32,0,21,0,0,0,43,29,0,72,0,1089,1089,0,0,1,0,0,45,495,399,2700,612c3deff8071594bccfea678cbacad7839e42ac3068b80750cd930175eb0092,0,0,0,1,0,0,0,0,0,1,0,0,0,0,0,21,0,2,0,0,0,1,694,20629,4,24,1,32,0,0,0,1
462,WEAVASHAM,3,18,61,18,1,1,win,7905,988.125,0,67254,0,67254,-250,55212,0,22,12,22,0,58,0,0,0,115,20,0,135,0,1057,2253,4,1,0,0,0,45,495,399,2700,0ef692fa9e3b379a84ae271f3dc825e1a02c0e99da053cc9ee365cf2807997ce,4,0,0,58,0,0,1,0,0,0,0,0,0,0,0,58,0,22,0,0,110,151,7682,87291,27,62,12,22,0,0,110,151
463,ALPSODOND,3,18,61,18,1,0,win,4699,587.375,4476,0,4476,0,4662,27945,0,0,44,25,0,0,0,0,1,0,84,0,85,4417,1137,4417,38,0,2,1,1,45,495,399,2700,5e2007afbd78e3449d5287f5376e7b0bc6d37f8f477f1425c6a9d3b2adbf2cdd,38,0,0,2,1,0,0,0,0,2,1,0,0,0,0,0,0,0,0,0,19,16,47299,29833,7,33,44,25,1,0,19,16
463,ALPSODOND,3,18,61,18,1,1,loss,9111,1138.875,179524,0,179524,0,3469,-250,43,0,51,8,11,0,0,0,80,0,48,0,128,0,1081,9089,77,78,0,18,0,45,495,399,2700,42c04f9e6cd3377d287d3286ba1ee69d869e21d1ffd032878f544e11600433a9,77,0,0,2,18,0,78,0,0,0,0,0,0,0,11,0,43,0,4,0,341,15,192851,26285,11,60,51,8,6,0,341,15
464,BADYCON,3,18,61,18,1,0,loss,3279,409.875,0,19346,0,19346,2636,9877,0,19,10,30,0,14,0,0,0,54,26,0,80,0,713,2473,5,0,2,0,0,45,495,399,2700,761185e1d4fd5cb5aa625a42068af257be1fa1045b40cfa2c68680845d93a397,5,0,0,2,0,0,0,0,0,2,0,0,0,0,0,15,0,19,0,0,0,0,6203,30269,5,31,10,30,0,0,0,0
464,BADYCON,3,18,61,18,1,1,loss,7103,887.875,141669,0,141669,0,5510,89,65,0,65,8,5,0,0,0,87,0,50,0,137,0,1193,7087,0,85,0,14,0,45,495,399,2700,1dc82f842de5ecff3a4e23e66079929aaae92bec9038e5b1d2b9bde7b8665559,0,0,0,2,14,0,85,0,0,0,0,0,0,0,6,0,64,0,1,0,126,19,165799,19813,15,42,65,8,5,0,126,19
465,IMMOXILL,1,10,0,63,1,0,ongoing,9600,1200.000,10835,9871,10834,9871,217770,7309,1,0,12,0,44,35,0,0,61,43,46,1,151,0,3753,9273,0,3,0,1,0,45,450,399,2700,3a1a5543d801f9f5418ae73173d92e84c18852227019ce47c10ea2ebd58b10bb,0,0,0,6,0,1,0,3,0,0,0,0,0,0,44,35,1,0,0,1,74,57,38446,9871,84,39,12,0,0,1,74,57
465,IMMOXILL,1,10,0,63,1,1,ongoing,9600,1200.000,12246,23813,12246,23813,48186,67055,5,7,8,7,22,72,0,0,38,101,22,0,161,0,1785,9367,0,1,2,6,0,45,450,399,2700,f302b4183f483125459cde35117a1d56ac9c12e50c599295ad563477d22cbc69,0,0,0,0,0,6,0,1,0,2,0,0,0,0,22,72,5,7,0,1,81,67,12246,28795,26,95,8,7,0,1,81,67
466,HOBEATORY,1,10,0,63,1,0,ongoing,9600,1200.000,61268,5140,61268,5140,159137,3170,16,6,16,8,71,21,0,0,106,36,5,0,147,0,1329,3730,6,2,0,1,0,45,450,399,2700,73fb713bd30b45a07562a4222f35e75e65f6d6d25202806a26414a5ddaef10a1,0,6,0,4,0,1,0,2,0,0,0,0,0,0,71,21,16,6,0,0,166,151,61871,9972,76,36,16,8,0,1,166,151
466,HOBEATORY,1,10,0,63,1,1,win,7430,928.750,0,20304,0,20304,28514,7619,0,0,18,8,0,0,0,0,0,1,170,0,171,7201,1857,7201,23,3,0,1,1,45,450,399,2700,0f9eebb992c81ac55995a5f2de22e47d5a9a8831df33cd06470df31eee99b58d,0,23,0,0,0,1,0,3,0,0,0,1,0,0,0,0,0,0,0,0,166,90,13243,42230,28,126,18,8,0,1,166,90
467,BUGIKEEND,1,10,0,63,1,0,loss,8254,1031.750,1,76574,0,76574,-250,1059,0,21,6,27,0,70,0,0,0,125,40,1,166,0,1265,8241,28,13,0,20,0,45,450,399,2700,ecb079e8f185c1869290fc086746d2fff5490a34aa606e824fa133fcd0b6f011,0,28,0,1,0,20,0,13,0,0,0,0,0,0,0,70,0,21,0,4,6,306,16549,79392,74,71,6,27,0,7,6,306
467,BUGIKEEND,1,10,0,63,1,1,win,4781,597.625,0,34733,0,34733,-250,8142,0,0,7,10,0,0,0,0,0,4,90,0,94,4566,893,4566,3,0,0,2,1,45,450,399,2700,ccd88870d14204c34cd856b72905a6febea521470d742eef5bf9134a4ca76713,0,3,0,0,0,2,0,0,0,0,0,1,0,0,0,0,0,0,0,0,11,47,8058,48994,23,72,7,10,0,1,11,47
468,SHADQUEME,1,10,0,63,1,0,ongoing,9600,1200.000,3943,113579,3943,113579,3322,1239,2,39,4,39,27,21,0,0,37,89,20,0,146,0,801,9585,11,11,0,19,0,45,450,399,2700,47ee9549fbe570692e96b2d1dff0349e93138c0cb67d42f7e742605f28ab589b,0,11,0,0,0,19,0,11,0,0,0,0,0,0,28,22,2,38,0,2,18,277,13795,114272,78,30,4,39,0,5,18,277
468,SHADQUEME,1,10,0,63,1,1,ongoing,9600,1200.000,32826,48250,32826,48250,81178,51332,5,5,11,5,51,122,0,0,60,148,0,0,208,0,1665,8634,71,1,0,1,0,45,450,399,2700,374e073d713085fd036559806413e8ccd80ead387b6984ceeee6a2763f80e6c0,0,71,0,0,0,1,0,1,0,0,0,0,0,0,51,122,5,5,0,1,96,48,32826,48250,62,122,11,5,0,1,96,48
469,CORUHAM,1,10,0,63,1,0,ongoing,9600,1200.000,23761,12862,23760,12862,119583,4810,5,2,9,2,102,47,0,0,131,63,3,1,198,0,761,9251,6,5,0,3,0,45,450,399,2700,cfbcefb55e3a396bc8d48de502605a4c60f96ab97b5cee6de65af4d0b05c52ea,0,6,0,4,0,3,0,5,0,0,0,0,0,0,102,47,5,2,0,1,42,70,31497,12862,106,52,9,2,0,1,42,70
469,CORUHAM,1,10,0,63,1,1,win,8217,1027.125,0,50967,0,50967,-234,1500,0,0,10,11,0,0,0,0,0,4,66,0,70,8001,1300,8001,3,0,2,5,1,45,450,399,2700,2d223ab75370471b5f572a2d14006664c3ed4ecebcba52b4b5b0885994cf4244,0,3,0,0,0,5,0,0,0,2,0,1,0,0,0,0,0,0,0,0,6,75,11130,60703,26,70,10,11,0,1,6,75
470,BINDEOND,1,1,45,63,1,0,win,4312,539.000,85989,0,85989,0,74373,290,51,0,52,17,78,0,0,0,161,0,0,0,161,0,1113,3474,3,0,0,4,0,1350,1350,399,2700,fb7519f2ea683e7680dbd2c70258a7ef3b5f2c707a4ac7c53a2177f7b9071a68,3,0,0,0,2,2,0,0,0,0,0,0,0,0,78,0,51,0,1,0,62,16,85989,11863,79,18,52,17,1,1,62,16
470,BINDEOND,1,1,45,63,1,1,win,4463,557.875,0,42463,0,42463,1086,7501,0,0,20,15,0,0,0,0,0,3,53,0,56,4233,893,4233,2,0,0,2,1,1350,1350,399,2700,97f2651ae7730be2fd943397744cfcba331956a334fa1ffd0f4d25cfa0065ad5,1,1,0,0,0,2,0,0,0,0,0,1,0,0,0,0,0,0,0,0,3,28,12004,66352,20,84,20,15,0,1,3,28
471,SADDILOW,1,1,45,63,1,0,win,3448,431.000,69973,0,69973,0,80487,2104,28,0,28,15,111,0,0,0,179,0,7,0,186,0,849,2779,3,0,0,2,0,1350,1350,399,2700,29c8f82ddadd58ee0b765541f9cfd04fdee3b600540682418210c2a78cfa9517,1,2,0,0,2,0,0,0,0,0,0,0,0,0,111,0,28,0,1,0,36,10,69973,9784,113,20,28,15,1,0,36,10
471,SADDILOW,1,1,45,63,1,1,win,2322,290.250,0,35273,0,35273,4657,1312,0,11,19,18,0,84,0,0,0,122,65,0,187,0,857,2321,1,0,1,1,0,1350,1350,399,2700,0b959a090040973653967ac3d362e0f746485ae269abaed13c6e632bed5cb5aa,0,1,0,0,1,0,0,0,0,1,0,0,0,0,0,84,0,11,0,0,1,0,12767,40611,15,112,19,18,1,0,1,0
472,LOWKOPICK,1,1,45,63,1,0,win,2248,281.000,25374,0,25374,0,22248,-67,13,0,14,3,55,0,0,0,83,0,3,0,86,0,1257,1257,1,0,0,0,0,1350,1350,399,2700,dc5a8387fcd403a64983c05ac6244629fb3d8de81af7b02265c7763aa386a604,1,0,0,0,0,0,0,0,0,0,0,0,0,0,55,0,13,0,0,0,3,2,25374,1350,56,6,14,3,0,0,3,2
472,LOWKOPICK,1,1,45,63,1,1,win,4856,607.000,0,47501,0,47501,-157,25016,0,19,16,19,0,69,0,0,0,109,1,0,110,0,2937,3966,3,0,0,2,0,1350,1350,399,2700,8177c991a05a01fb1afea38b35fdce66c510b78eef7578ceed76e7d9f63ee82b,2,1,0,0,1,1,0,0,0,0,0,0,0,0,0,69,0,19,0,1,21,45,13015,47501,18,70,16,19,1,1,21,45
473,QAZQAZHOLE,1,1,45,63,1,0,win,3212,401.500,94379,0,94379,0,79609,-89,48,0,48,16,94,0,0,0,172,0,15,0,187,0,2172,2377,2,0,0,1,0,1350,1350,399,2700,7d2921d403e1874684c02b3db9d3b9c63ec9a91c2a8dd5fcf1bd76243c23af03,0,2,0,0,1,0,0,0,0,0,0,0,0,0,94,0,48,0,1,0,15,7,94539,9017,101,21,48,16,1,0,15,7
473,QAZQAZHOLE,1,1,45,63,1,1,win,3799,474.875,0,66283,0,66283,432,52124,0,21,17,21,0,134,0,0,0,183,13,0,196,0,2560,3136,2,0,0,1,0,1350,1350,399,2700,c399768dd13e6fe62c6bac4d13dfffbd8450dac6b614f4a1cff9394b03f74295,2,0,0,0,0,1,0,0,0,0,0,0,0,0,0,134,0,21,0,1,13,15,13664,66550,17,135,17,21,0,1,13,15
474,VERYIEND,1,1,45,63,1,0,win,4008,501.000,34816,0,34816,0,16497,-250,0,0,12,16,0,0,0,0,3,0,86,0,89,3801,721,3801,2,1,0,3,1,1350,1350,399,2700,1f4998b9045ca3978394a7c08020480a4cd3d37be9894fe0d2e5387b93bb8c5c,1,1,0,0,1,2,0,1,0,0,1,0,0,0,0,0,0,0,0,0,24,12,52128,12376,98,17,12,16,1,1,24,12
474,VERYIEND,1,1,45,63,1,1,win,2338,292.250,0,23184,0,23184,1488,1056,0,6,18,9,0,65,0,0,0,95,53,0,148,0,906,2337,1,0,1,0,0,1350,1350,399,2700,0c547a2cf0ef0ec6276dc9d88014b374f2b67137e9e7761137cdc77930a60194,0,1,0,0,0,0,0,0,0,1,0,0,0,0,0,66,0,6,0,0,0,0,9008,30441,24,87,18,9,0,0,0,0
475,MINCEME,1,1,8,63,1,0,win,4185,523.125,67372,0,67372,0,6663,-250,19,0,20,10,55,0,0,0,94,0,31,0,125,0,1665,3874,0,6,0,0,0,1350,1350,399,2700,8507fb5518a5ec9ce8e7e18e588de0d8c79e8f82a4d8117376dfd305fb96ccd9,0,0,0,0,0,0,6,0,0,0,0,0,0,0,55,0,19,0,0,0,30,16,67382,5114,64,24,20,10,0,0,30,16
475,MINCEME,1,1,8,63,1,1,win,2394,299.250,0,15075,0,15075,1893,1025,0,3,16,10,0,51,0,0,0,69,97,0,166,0,820,2393,1,0,1,0,0,1350,1350,399,2700,aba53bf027f265e29cedca5c2c0ba7ba1963261dfc701eb1ced80c85da073724,0,1,0,0,0,0,0,0,0,1,0,0,0,0,0,51,0,3,0,0,3,7,7205,27779,19,92,16,10,0,0,3,7
476,HAMASOLD,1,1,8,63,1,0,win,6126,765.750,99977,0,99977,0,27160,1437,32,0,37,29,69,0,0,0,130,0,14,0,144,0,953,5482,2,12,0,3,0,1350,1350,399,2700,56c2576658ef132a7f5d53bd0b1e2b8947280872f26ed7fab8502a85ebfe8fe2,0,2,0,1,0,3,11,1,0,0,0,0,0,0,69,0,32,0,0,0,35,18,102635,34993,71,17,37,29,0,1,35,18
476,HAMASOLD,1,1,8,63,1,1,win,4837,604.625,0,66219,0,66219,4879,36327,0,49,25,50,0,83,0,0,0,153,39,0,192,0,969,4142,2,4,0,5,0,1350,1350,399,2700,b1fd1ca12409235b8598594de00db09488476c8e2c956b30b7a412ee28dadaa1,0,2,0,0,0,5,4,0,0,0,0,0,0,0,0,83,0,49,0,1,39,63,25058,66421,28,101,25,50,0,1,39,63
477,FUTSODBOY,1,1,8,63,1,0,win,4832,604.000,77009,0,77009,0,15886,580,30,0,30,35,62,0,0,0,123,0,20,0,143,0,1273,4411,1,10,0,2,0,1350,1350,399,2700,cf17eca57e009fb36f7dd779d12618f56d75e6dcf9f189c4124cb831d22729ef,0,1,0,1,0,2,10,0,0,0,0,0,0,0,62,0,30,0,0,0,53,26,77009,29167,67,22,30,35,0,1,53,26
477,FUTSODBOY,1,1,8,63,1,1,win,3859,482.375,0,34369,0,34369,-250,4581,0,0,10,9,0,0,0,0,0,6,145,0,151,3601,3249,3601,0,0,0,1,1,1350,1350,399,2700,b1e5509353db37968d640c271955957509a76b02a9454af98f57704989dbe393,0,0,0,0,0,1,0,0,0,0,0,1,0,0,0,0,0,0,0,0,4,13,4319,49436,18,100,10,9,0,1,4,13
478,SUZYLOW,1,1,8,63,1,0,win,3214,401.750,57090,0,57090,0,12419,23,30,0,30,21,58,0,0,0,113,0,24,0,137,0,1724,2940,1,4,0,0,0,1350,1350,399,2700,814986e4e13acedeaa9235ca03c2bbf7c69b97a119a3276683f67b1f2695dd4c,0,1,0,0,0,0,4,0,0,0,0,0,0,0,58,0,30,0,0,0,48,24,57343,11985,68,20,31,21,0,0,48,24
478,SUZYLOW,1,1,8,63,1,1,win,2708,338.500,0,30878,0,30878,-151,3620,0,18,5,19,0,46,0,0,0,78,2,0,80,0,2523,2523,0,0,0,1,0,1350,1350,399,2700,4aed741e99fbc6b7971624b08b6498018cb021da71c95d936f736042a3831769,0,0,0,0,0,1,0,0,0,0,0,0,0,0,0,46,0,18,0,1,0,8,2393,30915,23,46,5,19,0,1,0,8
479,DOUOXICK,1,1,8,63,1,0,win,1995,249.375,21837,0,21837,0,10537,-197,13,0,13,5,62,0,0,0,94,0,7,0,101,0,1650,1650,0,1,0,0,0,1350,1350,399,2700,7156670d99781c454746d0df55dbd213667363afcdb5b4c19cb5d15912493d29,0,0,0,0,0,0,1,0,0,0,0,0,0,0,62,0,13,0,0,0,16,3,21921,1849,63,9,13,5,0,0,16,3
479,DOUOXICK,1,1,8,63,1,1,win,2436,304.500,0,19473,0,19473,-183,8848,0,15,2,15,0,32,0,0,0,62,5,0,67,0,0,0,0,0,0,0,0,1350,1350,399,2700,1a08d7d80cce70481608e4fc9cec4297833bf19419b58a78dce187911009983c,0,0,0,0,0,0,0,0,0,0,0,0,0,0,0,32,0,15,0,0,3,16,2163,19523,20,47,2,15,0,0,3,16
480,SHIEAHOLE,1,8,4,6,1,0,ongoing,9600,1200.000,87892,1418,87892,1418,234402,22445,19,1,19,4,110,9,0,0,166,14,1,0,181,0,3357,7976,0,0,0,5,0,225,225,399,2700,f5466322bf8d21627edf34f2d908218239349ea7ddcf85b9abcad49ec1081a94,0,0,0,0,5,0,0,0,0,0,0,0,0,0,110,9,19,1,1,0,138,48,87892,3324,110,18,19,4,1,0,138,48
480,SHIEAHOLE,1,8,4,6,1,1,ongoing,9600,1200.000,4896,15641,4896,15641,39002,1650,1,0,4,0,28,99,0,0,36,122,7,0,165,0,4609,4609,0,0,0,1,0,225,225,399,2700,0946e6acaa886ab76f52ca00824f6eef5a61c615a1f18d9c65f87ed46c42b05e,0,0,0,35,0,1,0,0,0,0,0,0,0,0,28,99,1,0,0,0,33,28,7308,15641,35,99,4,0,0,1,33,28
481,HURTDIELAS,1,8,4,6,1,0,ongoing,9600,1200.000,6814,16378,6814,16378,107731,120279,0,12,1,12,52,44,0,0,63,79,15,0,157,0,2095,9091,0,0,0,10,0,225,225,399,2700,440f813c022d37779c2f5057dbaf527ddcbd5ff5178c1b785d7b631c75b5cab3,0,0,0,0,0,10,0,0,0,0,0,0,0,0,52,44,0,12,0,1,14,273,16572,16481,92,47,1,12,0,2,14,273
481,HURTDIELAS,1,8,4,6,1,1,ongoing,9600,1200.000,1488,84015,1487,84015,5417,4898,0,12,2,12,15,69,0,0,19,105,5,1,130,0,4843,9132,0,0,0,2,0,225,225,399,2700,a5b02b2c462b7123cc3b7a118a704fed13c56d2405f8ea76c89e84d92a55f367,0,0,0,41,0,2,0,0,0,0,0,0,0,0,15,69,0,12,0,1,0,30,2539,85816,18,71,2,12,0,1,0,30
482,JOSQUEAL,1,8,4,6,1,0,ongoing,9600,1200.000,27386,2688,27386,2687,135006,47427,5,2,7,6,95,15,0,0,132,19,2,1,154,0,2736,8943,0,0,0,12,0,225,225,399,2700,534d3fec745110a3ad6148106d6dec3924a75f7dac2b13a0e3f0655fe9b0293d,0,0,0,0,5,7,0,0,0,0,0,0,0,0,95,15,5,2,1,0,73,144,27386,12271,96,37,7,6,1,3,73,144
482,JOSQUEAL,1,8,4,6,1,1,win,5869,733.625,2,67054,0,67054,1299,15284,0,12,2,12,0,67,0,0,0,106,9,2,117,0,3615,4380,0,0,0,2,0,225,225,399,2700,100664dc9a209a36462fac8da8eb7e18304f7b579a060212ca108fec600b9de9,0,0,0,24,0,2,0,0,0,0,0,0,0,0,0,67,0,12,0,1,0,39,2763,67891,18,68,2,12,0,1,0,39
483,TIMUOLD,1,8,4,6,1,0,win,6107,763.375,52891,0,52891,0,156963,-250,13,0,13,10,79,0,0,0,118,0,7,0,125,0,4808,5530,0,0,0,2,0,225,225,399,2700,f6773a5e1029ca7ac343b4358a677227580e057f2303ea1f3b4690f16d9b6736,0,0,0,0,2,0,0,0,0,0,0,0,0,0,79,0,13,0,1,0,131,86,52967,5685,80,17,13,10,1,0,131,86
483,TIMUOLD,1,8,4,6,1,1,win,4060,507.500,1,29352,0,29352,-250,54550,0,6,1,6,0,73,0,0,0,99,12,1,112,0,3802,3802,0,0,0,1,0,225,225,399,2700,a94d16d21466c96207318b0f221e313e96e14a36c87ab7b5efe316accca5caaa,0,0,0,4,0,1,0,0,0,0,0,0,0,0,0,73,0,6,0,1,32,42,1618,29531,13,76,1,6,0,1,32,42
484,CALDEBOY,1,8,4,6,1,0,win,6125,765.625,40862,1,40862,0,119960,-250,8,0,8,2,90,0,0,0,123,0,11,1,135,0,3508,5834,0,0,0,3,0,225,225,399,2700,3e8d648e315a42d0aa6afd404660c93757456165eb31c7e01ad75f6b9442d83c,0,0,0,0,3,0,0,0,0,0,0,0,0,0,90,0,8,0,1,0,66,2,41087,5726,93,18,8,2,1,0,66,2
484,CALDEBOY,1,8,4,6,1,1,win,9071,1133.875,1,73213,0,73213,17851,9853,0,9,0,10,0,86,0,0,0,116,13,1,130,0,4021,8279,0,0,0,2,0,225,225,399,2700,51af4cfb6029557da471a98cf8ff595b196f7498f81aca29b6cea1aedcc07c0a,0,0,0,33,0,2,0,0,0,0,0,0,0,0,0,86,0,9,0,1,36,37,3348,73431,22,86,0,10,0,1,36,37
485,SCODIDOR,3,10,4,7,1,0,ongoing,9600,1200.000,216314,4604,216314,4604,637753,-157,20,0,20,1,98,27,0,0,165,43,0,0,208,0,1337,7920,1,0,0,5,0,225,135,399,2700,fa6000d4f56afcb9eb393cc451cf394e6305041e2e647a0540a450cdb7cdca42,0,1,0,0,5,0,0,0,0,0,0,0,0,0,98,27,20,0,1,0,538,187,229305,22122,101,55,20,1,1,0,538,187
485,SCODIDOR,3,10,4,7,1,1,win,8501,1062.625,1,269092,0,269092,18689,45117,0,9,7,9,0,172,0,0,0,207,0,1,208,0,1001,8183,57,0,0,8,0,225,135,399,2700,76dac3c0f1c79b9ba19da292a24efdc95e82d52a915e634a10059975f3fc5169,0,57,0,0,5,3,0,0,0,0,0,0,0,0,0,172,0,9,0,1,226,75,16381,269956,40,172,7,9,3,1,226,75
486,SWAKOPPAL,3,10,4,7,1,0,win,3856,482.000,75915,1,75915,0,125704,-250,10,0,10,0,107,0,0,0,176,0,18,1,195,0,393,2767,1,0,0,1,0,225,135,399,2700,fbee305eb178f0ba836dfde57bebc733afe3dabc82335eee1c705ae3a69599ad,0,1,0,0,1,0,0,0,0,0,0,0,0,0,107,0,10,0,1,0,94,110,75915,8965,108,23,10,0,1,0,94,110
486,SWAKOPPAL,3,10,4,7,1,1,ongoing,9600,1200.000,160,327476,160,327476,4737,463766,0,17,6,17,1,138,0,0,1,207,0,0,208,0,1241,4048,28,0,0,3,0,225,135,399,2700,68afde66ae85901be394d835e8a5a34dba8b8257aee467cf836a668f443ec194,0,28,0,0,2,1,0,0,0,0,0,0,0,0,1,138,0,17,0,1,139,88,12541,327476,28,141,6,17,2,1,139,88
487,KILLINGPERT,3,10,4,7,1,0,ongoing,9600,1200.000,178657,718,178657,718,406965,4513,17,0,17,7,116,5,0,0,199,6,3,0,208,0,2161,8759,0,0,0,13,0,225,135,399,2700,a8f8a1a270099a867ad8ba96b0d0e2236ba88e7f0c46bd006125d97e863433d8,0,0,0,0,7,6,0,0,0,0,0,0,0,0,116,5,17,0,1,0,244,155,178657,13541,122,38,17,7,1,1,244,155
487,KILLINGPERT,3,10,4,7,1,1,win,5220,652.500,2,140345,0,140345,3750,59615,0,21,4,21,0,125,0,0,0,201,5,2,208,0,1249,4623,63,0,0,1,0,225,135,399,2700,8f689afd823dd73e2a8351520d2ea21a81d8f7ec4a917131d54be6ebd09d3ab3,0,63,0,0,0,1,0,0,0,0,0,0,0,0,0,125,0,21,0,1,79,38,9453,140512,20,135,4,21,0,1,79,38
488,EOAILAS,3,10,4,7,1,0,ongoing,9600,1200.000,131313,753,131313,753,256308,13127,6,2,6,7,125,2,0,0,202,6,0,0,208,0,937,7470,2,0,0,13,0,225,135,399,2700,84ce3efd4d7ed38fc34b0285e2092fa12f12cb52059e49acf1ea26dae98c6621,0,2,0,0,6,7,0,0,0,0,0,0,0,0,125,2,6,2,1,0,231,224,131355,12466,126,27,6,7,1,2,231,224
488,EOAILAS,3,10,4,7,1,1,win,6334,791.750,2,96295,0,96295,-250,15832,0,12,5,12,0,120,0,0,0,192,13,2,207,0,1153,6084,69,0,0,1,0,225,135,399,2700,552101c92ae21ab2238d261ba0c9a4ccf413b173ad2f7656e03538c7a8e49f48,0,69,0,0,0,1,0,0,0,0,0,0,0,0,0,120,0,12,0,1,34,88,10234,96598,25,122,5,12,0,1,34,88
489,BURCEAL,3,10,4,7,1,0,ongoing,9600,1200.000,273392,148,273392,148,332206,669,6,0,6,1,141,1,0,0,207,1,0,0,208,0,1974,3691,0,0,0,2,0,225,135,399,2700,9fc628364549deaed242caace8dc475422c26f1f656e7432dc4ab7cdac6f3787,0,0,0,0,2,0,0,0,0,0,0,0,0,0,141,1,6,0,1,0,179,50,274860,6734,142,22,6,1,1,0,179,50
489,BURCEAL,3,10,4,7,1,1,ongoing,9600,1200.000,111,375679,111,375679,17225,403337,0,23,5,23,1,136,0,0,1,207,0,0,208,0,1513,6269,45,0,0,3,0,225,135,399,2700,b7bfcc6dda4ee0696709fc87889cc72f5e0afa629c8b76294635c096774c4875,0,45,0,0,2,1,0,0,0,0,0,0,0,0,1,136,0,23,0,1,333,146,11760,375679,33,149,5,23,2,1,333,146
490,MORASPIL,1,16,55,63,1,0,loss,4924,615.500,1,112862,0,112862,-250,4798,0,50,4,50,0,6,0,0,0,77,22,1,100,0,1537,4817,0,7,0,6,0,45,585,399,2700,331f018dadb2686182ac5e4df71d316c24621e5eb5c08b315a7cfabfd536969a,0,0,0,0,0,6,0,7,0,0,0,0,0,0,0,6,0,50,0,1,3,87,4796,112998,28,12,4,50,0,3,3,87
490,MORASPIL,1,16,55,63,1,1,win,4920,615.000,0,8574,0,8574,-250,10138,0,0,22,8,0,0,0,0,0,1,127,0,128,4683,1257,4683,1,0,0,5,1,45,585,399,2700,eb550883c3c305378129ee1639f892dacdff9557f6bf86f8ea4eb6b1aeebf00a,0,1,0,0,2,3,0,0,0,0,0,1,0,0,0,0,0,0,0,0,17,16,22089,39264,18,87,22,8,2,1,17,16
491,NIMSODJOB,1,16,55,63,1,0,ongoing,9600,1200.000,48265,2953,48265,2951,49098,521,19,6,27,27,114,4,0,0,166,15,1,2,184,0,1265,8854,4,14,0,11,0,45,585,399,2700,c6a1e141d46f96185c18d903ebc57c9c127b6ff2f10710c99fe117bde379c8de,4,0,0,1,5,6,0,14,0,0,0,0,0,0,114,4,19,6,1,0,194,314,48265,40200,116,11,27,27,1,4,194,314
491,NIMSODJOB,1,16,55,63,1,1,win,4662,582.750,0,41474,0,41474,9171,4858,0,0,21,25,0,0,0,0,0,2,180,0,182,4431,761,4431,1,0,0,2,1,45,585,399,2700,c21dd574b040ea83b7a5335f32b3aa277a82bb45b17b617f6478f55e481cf335,0,1,3,0,1,1,0,0,0,0,0,1,0,0,0,0,0,0,0,0,57,21,17635,87737,12,127,21,25,1,1,57,21
492,BILYDOR,1,16,55,63,1,0,win,6778,847.250,123240,0,123240,0,75215,4456,64,0,64,34,83,0,0,0,174,0,17,0,191,0,1563,6012,8,7,0,8,0,45,585,399,2700,09fd4b1c013b66563326a294fc434b1a2bc484c9c208f2e60ed11cd3a73c1a5e,8,0,0,1,4,4,0,7,0,0,0,0,0,0,83,0,64,0,1,0,51,167,123255,51309,89,13,64,34,1,2,51,167
492,BILYDOR,1,16,55,63,1,1,win,2660,332.500,0,52662,0,52662,-82,43936,0,28,3,28,0,66,0,0,0,115,6,0,121,0,489,489,1,0,0,0,0,45,585,399,2700,d511fbdd2aa36d6a0f2cbb18fc493c51196ba709945e4d38193114ef25677457,0,1,0,0,0,0,0,0,0,0,0,0,0,0,0,66,0,28,0,0,1,3,2073,52806,7,66,3,28,0,0,1,3
493,RINGAPAL,1,16,55,63,1,0,loss,4582,572.750,2,86953,0,86953,-250,2515,0,47,7,47,0,6,0,0,0,70,8,2,80,0,1009,4576,10,4,0,7,0,45,585,399,2700,709181e3d31ef146fb4592c7687f2c8e7be3a67c3f627475770c6e7ca6297481,0,10,0,0,0,7,0,4,0,0,0,0,0,0,0,6,0,47,0,4,1,111,6794,87127,38,17,7,47,0,4,1,111
493,RINGAPAL,1,16,55,63,1,1,win,4771,596.375,0,30202,0,30202,-250,16531,0,0,25,33,0,0,0,0,0,2,143,0,145,4514,1377,4514,2,0,0,4,1,45,585,399,2700,4c92a6a3f0f833ec8911f5f757a56e872c5bc3d4d96802c77e91adf94b224bbf,1,1,1,0,1,3,0,0,0,0,0,1,0,0,0,0,0,0,0,0,17,38,31613,56193,17,76,25,33,1,1,17,38
494,WEAVUSPERT,1,16,55,63,1,0,loss,4198,524.750,1,60554,0,60554,-250,2882,0,34,11,34,0,6,0,0,0,56,13,1,70,0,1193,4137,10,4,0,4,0,45,585,399,2700,8b30b591c5855175c8c4ebef7739c1284e9d8d340aae6af972fb1b87e442d5bf,1,9,0,0,0,4,0,4,0,0,0,0,0,0,0,6,0,34,0,2,0,89,6359,60744,34,15,11,34,0,3,0,89
494,WEAVUSPERT,1,16,55,63,1,1,win,7372,921.500,0,27448,0,27448,-250,9885,0,0,26,34,0,0,0,0,0,1,135,0,136,7113,1967,7113,25,0,0,9,1,45,585,399,2700,0a7ff44b51a9a7434e44312034666979cba1422c91c207bcc3af3da6b8b772af,0,25,3,0,7,2,0,0,0,0,0,1,0,0,0,0,0,0,0,0,158,70,22025,72674,20,114,26,34,3,2,158,70
