level,code,terrain,game_mode,strategic_side,before_outcome,before_seconds,after_outcome,after_seconds,before_hash,after_hash,blue_initial_population,red_initial_population
0,SHISODING,0,3,0,win,850.500,win,1173.250,c29462fde1f43a2a4aac73e85383ddc40949a84d3771b3313d0f9a1042420517,850fe1baba24eeeefc3a8217a23dc5f5874c2f185c3232f08c71035e5a614811,135,135
0,SHISODING,0,3,1,ongoing,1200.000,ongoing,1200.000,cd0462ad6db0c38d8ea7e3d9cce8801ab33748c8d3810a8460740d2eed20f163,4c9270b41b48aa079198d887c1a1ede17383a696072be26fb390af7cb074296a,135,135
1,HURTOUTORD,0,3,0,win,810.625,win,1109.250,25a425102de098b9e47da15b3e902af6560dddbac07a7e990a1ca1038c2a4148,31ff9ed9d437d16d36e800cc5614ae2794b010b83ac26b7128e99d9156d5a181,135,135
1,HURTOUTORD,0,3,1,loss,614.000,ongoing,1200.000,56d5b34747a9c8d8968cdbeaffbff4c94cd18f8fb6d4ce012b97e44283a1edc8,33da5e8ee83d43dca043233cb13d995c7cb9252c069b2b8c4761fdd97a576311,135,135
2,JOSAMAR,0,3,0,win,1188.625,loss,512.750,6cf6684e81855694ee5462210e8b14949f186c8d174d88acf6b96769e8a74c84,fcbf380355163defaa60d22e18cb446f8d7de5bc382de88bfd3c000db849540f,135,135
2,JOSAMAR,0,3,1,ongoing,1200.000,ongoing,1200.000,1469a424ae2b87757fc565bed991d2b30b1d024c336e3f360bdbc74cc2eae141,835d0bbc57a4eafa256a32e5a55fafa214d9b50f34165dd21c0a07cf4a50647e,135,135
3,TIMUSLUG,0,3,0,win,634.500,win,823.500,b711b976d60f4ae74f4c3d17c5e85c551c264b16360273c6e43e39f029a367ed,b29c7e0184b1eabe966d811b578d13e106ed7c10743a1b8895b25837f90dc29c,135,135
3,TIMUSLUG,0,3,1,ongoing,1200.000,ongoing,1200.000,db72669db4db2637fc520be038b07eabfc36fd9fb7e71a57b04ab7e303fd1f25,95627887830fb48f68aff74dd878aa10f287b3d106d2370042ef42e02db09ece,135,135
4,CALDIEHILL,0,3,0,win,928.750,win,716.875,6f50a5b6874fb951e27225a3638743288a0d5e08a50d8501a6da87c2baace167,da8ca241f5d6922b1127c59b9432a2d37b8df251f89179ec169bc82b4ca9f46d,135,135
4,CALDIEHILL,0,3,1,ongoing,1200.000,ongoing,1200.000,0104c6630063c26e14ef272157de8aebc09541383cdffa4f08a08528e4922d7f,755ba4d06fc88d18e17881b8663f5814d111ac7e2386e03b8986998b9938b187,135,135
5,SCOQUEMET,1,0,0,ongoing,1200.000,win,1115.875,9b8a15e63c54401d74c4d7e8c4c28771e3f6e175f91e39a02e273cf32554b05f,ced90ee033b712dae54747c2e4f8b38576c7947627a7b5c618f422669f22182b,135,135
5,SCOQUEMET,1,0,1,ongoing,1200.000,ongoing,1200.000,85536672d497d114da254752b78d7160492a98f690f67cac71c1dd870df2c3eb,d38bc78ae5f194c550a82ea8e215e1fca5e85118e3beb32bad4f54e94c02bb11,135,135
6,SWAUER,1,0,0,ongoing,1200.000,ongoing,1200.000,0e7e804f3e5a828499581fa82e36bd559a2578856c611ba0f252af267327e2d0,63b93494ffb8897053ee920fe5fc31314e7a0bbc8ffb7770aeace8995becac33,135,135
6,SWAUER,1,0,1,ongoing,1200.000,win,746.625,32cc7da893a0f82d5da2086c207bc6a1fb09be850fe39a101859096a4c48f163,1043aa2ab78a50fbb68c8c5d6ff166fac4fb641505951b48a271d0c0ca7cde60,135,135
7,KILLPEING,1,0,0,win,262.875,win,174.625,a8618db5a54604aae6ee9b81e7ad7084444a75d45a8e8f350b8dc2941eeb4c6e,db51f96b7c84562f65ddb86b03b6a3123edf026236c07256f4f811b39e41cdaf,135,135
7,KILLPEING,1,0,1,win,707.250,win,556.250,378ac870b910e054366e6ccc2e60baa97c5b15075b2b5510f7773789f77cf8a2,dcaff8f9df5e378294ca6c67e86df8aad8b073e903167226f8e39083842e218c,135,135
8,EOAOZORD,1,0,0,win,1024.000,win,1027.625,3eda0dc7a101a4a08e1bf3a42f8c6ce3d0293cdaab6d37ec38dd851aa53e21f8,c77101a08ab663cc09e211daaffdf80e5a6078759ddc33ecf7f039825c5fb257,135,135
8,EOAOZORD,1,0,1,ongoing,1200.000,win,1137.000,3e9b7fb250d176e1d6cf8727b1e2c90bce86d8432840c078af4b81f91618c695,0165b121a3a3f09d9e0539a85f7eded822b3df614bfb8b8020e08193f42d3ed5,135,135
9,BURWILCON,1,0,0,win,412.125,win,594.125,94cfbe03c316c039a6dfc2a0af61e6841f6951fe8dc078efb973e9a1b4d2c92a,d78a3b06cf27d1b5d0b1f62590e200503cf1ead56e3ef99c9c0191b127156893,135,135
9,BURWILCON,1,0,1,ongoing,1200.000,ongoing,1200.000,a0a2f3d2d7d60da734b5e8ff77de7db87488867a68a54be4454c241f5d51b738,820c0b254acabe57da738c90c4361095400b01cf5e0f05da021c4ede7e483887,135,135
10,MORINGILL,2,0,0,ongoing,1200.000,win,482.500,5bc7d96f907ed2e28538707fa0ed1a557db18e6641b23b29abe7ebf3cb323957,0b519f63b93cee3299d501a101680a692fd27b2e0890e75019a0583a23a7e597,90,90
10,MORINGILL,2,0,1,loss,512.125,ongoing,1200.000,5ec958af5448be54c7204a169bc0408361947473643c796d709aedd69fc7bbe3,d1e2c20084daa9141f7b8760b4a9721aa65f87916b65d833eb63de91bda91e05,90,90
11,NIMIHILL,2,0,0,win,1137.875,win,1198.500,29a7a67d023d421f81010f295b702ab36e798d0b107109b4a12ae90d4a0dcadf,9d727c16815defeb5fac4b32221fbfcfb0a58d39669806db8b933bd200095307,90,90
11,NIMIHILL,2,0,1,loss,959.125,ongoing,1200.000,3fde664de2702e27ad46d4bb12dd5a3b7b7ecdcc1b90bbe39dca0bde0dd7710a,eee8f5f73d0bcfe649084cfd4da16753d946db3c4a43a5c889ee9ec94744e950,90,90
12,BILCEMET,2,0,0,ongoing,1200.000,ongoing,1200.000,1ef06b809c54297f2890d907ef9260a29a58dc6da7678aacaccd3fbb9f2f6c40,53a198e4abc60460fc2e61b84c4660b90fef93835b6184a5f8205624fc496453,90,90
12,BILCEMET,2,0,1,win,1015.375,win,1008.500,4dbe8fde1417e0796ada5232680d969af5415743284d3ee76d945d1c9e2c5365,0ed56e0234f0e03f752167b2802a90f640896402de9e8f0b74120073f0165db2,90,90
13,RINGMPED,2,0,0,ongoing,1200.000,ongoing,1200.000,e806eabbe7d66d3727296bae8c8e1002d7f2841981eb59450b9ce43bbaddc869,6361fa9ee1c9c8a048209924443962fe882320528116c78ecd866ba89f1cfb8a,90,90
13,RINGMPED,2,0,1,ongoing,1200.000,ongoing,1200.000,3a3e3ffa06740eeeb3d80131b11c8e003ba710ae00985a47a38cbb18a131e684,103258833ca279f6394bda2dcc67ddecb4ec9fb84ece497e988a92abb2fc8be5,90,90
14,WEAVHIPHAM,2,0,0,ongoing,1200.000,win,1142.500,62fef8a30f7c192f3c4b90e73bef5dc77369b120e9bb6bbf9b6cd4dc48360f57,7a137d2392fc29170768f9ab26fd99dad066014e6284fd1119ef5e4cf66ad43f,90,90
14,WEAVHIPHAM,2,0,1,loss,948.375,ongoing,1200.000,8091601db6cdb78856871cc6e77bee41392ab16fd3476f106a1c6d758c0c5cb2,da0e1afeaf14985b117ec9107257b3a916f5d9c0c6505d20e659ca6a47dfb239,90,90
15,ALPOUTOND,3,0,0,ongoing,1200.000,win,964.250,5f246849abaee4baf42d4da3b25ecf5f7a94701d5d6155c61b83eb9c6f94c70d,65d7320f4cb97f5532a4c204d18efbc7ae8a29bf9daded574d27921de3a7a327,135,135
15,ALPOUTOND,3,0,1,win,925.000,win,812.875,70af85cfb2f108a771557f11f6de0bfc88bfc4172370555234d673b42cf71a5d,c83be4bc962ff02823465c822876f70b012bc618f6d7a356a89cfc4f691dbd1d,135,135
16,BADACON,3,0,0,ongoing,1200.000,win,688.500,ac371d5ef8eef7bf66a204a061f16fef79e3d6c1f36ba7a3789628b943742fa4,63f6a200af24f13f2d6d04142571b4b85419795e55321b01086c1ea16a33ae03,135,135
16,BADACON,3,0,1,ongoing,1200.000,ongoing,1200.000,964b051ac5a56d0cac41c5f32170b407d11df7d68b0f2904cba9f0aad52143a3,d7374037264f0a66d22ca14c2e86b9129d01eb9ffd17309f95cfd865de3ef3cf,135,135
17,IMMUSILL,3,0,0,ongoing,1200.000,win,915.000,fd48fef4ab4d7482e2d04564bfc4330f8eecd433f2fdad54d35bc17a74f07245,14412b538e2604148f99f5d51bd425fd575f2e227becaed74c2653b6a9776bc2,135,135
17,IMMUSILL,3,0,1,ongoing,1200.000,win,966.375,642c10c488d303d17b82d55dd5ef6baace90431b7c20f8398ececaba44a770e3,389a30a0b18bbeed38639ff5c27fed69dbf8dd65dd312ddcc77f09de7008b317,135,135
18,HOBDIETORY,3,0,0,ongoing,1200.000,ongoing,1200.000,bcdcb456521da5eb82bad15d779b7c56bad10b9c9307d3dc25db5252171d7ad2,9f8254a578128ee2a6bb9be58ccd9fb5f77ab06d9ddef1f2f2ddfb3851aaec7d,135,135
18,HOBDIETORY,3,0,1,ongoing,1200.000,ongoing,1200.000,f67327934819ed6a8591945895a518720e1d37da182c859dcaa40306a354aa16,bfd9c01cc53e4a1a0e7de2ec67646e49c520b41edcb66951d21084fd5c22ee93,135,135
19,BUGQUEEND,3,0,0,loss,656.000,win,894.875,e3b58ea757b74d96abcecf9e3a0b9f7f41940c7d03a5c7d67ee3c45d1d2342a9,d1cbcddba0905b27260eb498cc090bc133bb5ac547ef52c9b36d1e4036f79158,135,135
19,BUGQUEEND,3,0,1,ongoing,1200.000,ongoing,1200.000,a7bcc2a5c0a4eb714a6e17f2a94afadd6ca63ff0da16bb20df6aeacfc9d16f8a,4efaf6e282fd293d03e82fc65e46642c71124c8f38dc924d6d0ade5dde58532e,135,135
20,SHADTED,2,0,0,ongoing,1200.000,ongoing,1200.000,c01cf9d15ecb9d86525f9771931f3417eb83b6d8061618313246f2fd22a49206,cf1fc6bfd32f41e15fb22bf55bb3641678057fa3fbfb319b9b8f5dd88b812773,270,135
20,SHADTED,2,0,1,ongoing,1200.000,ongoing,1200.000,724ad104df7cae997a163d2ee94189c330442e3f952e95b37b2c577023e7cbdc,ad90f62be112e81b7b1be829560ffe385205870cf813e0e18f40281bffaab1a1,270,135
21,CORPEHAM,2,0,0,win,887.625,win,974.250,574a7775e29b55521391775a63e4e861ea1fb97c7aa6db79fb39b4ea8a4f874d,e18472d47788c82a273fef20d825e9c3fd5a1d3365299e14bd3a8681caa59c29,270,135
21,CORPEHAM,2,0,1,loss,967.375,ongoing,1200.000,bc884ce24f1cdd069d181882351bd5824aac48f4b4ad5ce22466ed6b29ad441e,95ecc15e5e2ca8a918f0e6baa77730b30573f63e611fcf29abdb1d0f80737c62,270,135
22,BINOZOND,2,0,0,ongoing,1200.000,ongoing,1200.000,c98429d72a5769212ca8f6ef8ae82fbc86cc3eae30da4cde3a8b5403ca828204,f9eb6d205205f5cd99c84316d18ad76805996404b78d09a63e37ac5d9845f870,270,135
22,BINOZOND,2,0,1,ongoing,1200.000,ongoing,1200.000,804075ea50707845c2d94038d50f1f748e006ea0ab0a60400ee4bd136157b812,5f5c4e6b62415cbd6e117e84eadf5a32faad321dca77fd7b6e1b23966eb6a4bd,270,135
23,SADWILLOW,2,0,0,ongoing,1200.000,ongoing,1200.000,6dbcceb577a645c67cd0951a417b3ac99cb5d3b845427f8bb28441911ec174af,1b51241769e4289b8b00873773312eeaca8ff758eaf3554ee655d510327f2f6b,270,135
23,SADWILLOW,2,0,1,ongoing,1200.000,ongoing,1200.000,21ae4a757c3a0b1ff6b4c77e911ac722b5b202fae31680f92af2cf21ee638991,f27b7c02a29bdc4677c7477c1e8359e5b6f6fd641ca1b5c31de6721d1b3fc665,270,135
24,LOWINGICK,2,0,0,ongoing,1200.000,ongoing,1200.000,a4543c27aa9e4aa918fee8d481858ff25607336d5c56fe49a15b79555e5c4320,0be529ba0446425573fb81e15c334d7de5287d4c216ca4cd106eb3d2d9442bf1,270,135
24,LOWINGICK,2,0,1,ongoing,1200.000,ongoing,1200.000,d73030a65592cc5ddf69ea34a6f851d8fde8d1138c14fc57365bbeeec4c30d25,641df13f480c51d8ea242a5bf305cb52c0568a5ce476ff021c71add17dc5825f,270,135
25,QAZITORY,3,17,0,ongoing,1200.000,ongoing,1200.000,133dd1e5fd1a0cba752973a4917232ea77661e6cd6e1fa3685a008070ebe9e41,3b959288691b444fff8bc892cfa4254b4e4a29fb8d7ec4c07d120ea1d870cd3a,135,135
25,QAZITORY,3,17,1,ongoing,1200.000,ongoing,1200.000,7d11c916f73d7909557dfab048b65a642f77afdd56d919553660d3ca0477e252,b6ac2849cda68690cf98ded013fa2d467ab489ee34d600f93ed3447551bafe15,135,135
26,VERYMEEND,3,17,0,win,465.250,win,333.000,4ea152cb8ea41547a66af14057ccae65a8d494e5315f336914b8f61097a8afbb,8689ba0239e8ec4b99b8e3c13cb47c0e1fb5cd62dec3fe38ad309bbc1638be6d,135,135
26,VERYMEEND,3,17,1,ongoing,1200.000,win,557.250,ee6cea7a01238c2d373a018216fe362352343095307ee34e4fcb1037dce2bcbc,a4904ca42877d2e3d2da05c898e986263988231a561b9560769793a3ee9d2634,135,135
27,MINMPME,3,17,0,ongoing,1200.000,ongoing,1200.000,dfaec9ab77417fba77a043c90c2641b2d83745fa7bd8a40d58f2142527001a52,a29afa33ff8ae4a5c398ffbe317a124b89904d8fcc2207730d8813da7329c2ca,135,135
27,MINMPME,3,17,1,ongoing,1200.000,ongoing,1200.000,dff54b287740f4985dfde8890cba685e3d712880fbaace42fd7e53deddf5e920,e8d79e5b56201c437d6f76f43a6cec1a0bc27ea22a9c474d336f842f0249c024,135,135
28,HAMHIPOLD,3,17,0,ongoing,1200.000,ongoing,1200.000,81dcd6dc546e3b5380e6b6b89b4a7bd050abedb8097926e7abee54df44b8df71,3e8d82131f772ce0404478f153844f742198ee003d42dc5f14224c748092e559,135,135
28,HAMHIPOLD,3,17,1,ongoing,1200.000,ongoing,1200.000,1c86d5c50f0daf52285a0f00360d9a5d78aa11353fa2aeabe3313eb061084359,4593cd82db6ecdf2bcf6a70c20aec12d31b6af38640b00daa92e736498578f01,135,135
29,FUTOUTBOY,3,17,0,ongoing,1200.000,ongoing,1200.000,f52d4f542ef735be7ae8d369c7707c0fd236bed1f3cbadf2aa9587323369546f,f772ba3337a8baaeca9ad21926bd6581e188fd2b9554d9c7a7164118c94b6321,135,135
29,FUTOUTBOY,3,17,1,win,860.125,win,828.500,310074c51534beb46eeac304b88214dc3a8f2bd097aaa2e75871d40776357668,bd488686c8a319c4635d36c282779ec06f9626932dc32a4e992962f31e3419bd,135,135
30,SUZALOW,0,16,0,win,991.000,win,928.125,12fb22f12c21af149d374756946e26d8e680c18def9305177e5c9b4bff81ae6f,2992c59ea29f3795ec0fc2d1a0c6408c740aa13eddf7ab4762c0ea6f9f6d80bd,135,135
30,SUZALOW,0,16,1,win,1185.500,ongoing,1200.000,221bd6a849eb6fccb46ce59ae5b19eb902ebc5e67dbd2663e147ff06e63dc038,ce732972bc9e76d2b8003ffa2927b7f34fbe566ae000fe68d47e95fcde85e65e,135,135
31,DOUUSICK,0,16,0,win,710.625,win,750.125,d10734dff2947a0c4e32af63f60bac9f61ecc95d91d9d0cd7801edea09527991,747934ee88315c4f521972076ea9b7ff4a4b91161888acba468366a7015b8eb7,135,135
31,DOUUSICK,0,16,1,win,614.000,win,839.375,2cad294a1f361c286caa62155ebb0b1214b9dd35d00eb6f5d4a86bf4e77898df,f5881d48bfb0df9cd2aad659f105141be41505a6046e29414497cf89a7307914,135,135
32,SHIDIEHOLE,0,16,0,ongoing,1200.000,win,1013.000,a8c2ddb2433a0c113000706875c77451d21fe2bca0a31c53bbc4b555791a8d93,dd251c8d472f10fca0c32819f87c44ad2314de0935e0ffe38b8416ae02a2f817,135,135
32,SHIDIEHOLE,0,16,1,ongoing,1200.000,ongoing,1200.000,0b08929fba6609b6c5cbccf95ddb1db1516e7a680df21e7723ac7cf8909b0595,059095387453a6724b4142cfff652d2f8f55b4f88d9ee78e91a94b397a548fd5,135,135
33,HURTLOPLAS,0,16,0,win,757.250,win,626.125,f2cdae800724049e36aea76fcf6f99a3a2b21a231f4e1ca756dc3df85d01f246,f8acb2285f67434f44beb8a82b3c36bb70352f1c096aa9d331e307f2635709db,135,135
33,HURTLOPLAS,0,16,1,win,844.250,win,955.125,9283dd150a7c06a59e63e7a7b754c270ec3ca2f288a8143f430989c78e93768f,41cce071f12ec53e48e4420ec80045de5e0a385076e16b657d5bd59153352e8a,135,135
34,JOSTME,0,16,0,win,778.250,win,1052.500,becf4fe01785486243b9579ece0cee8762e8bed0d109901b57409c39dcd6c1eb,844a6208b07a6548fb749b8a9e966551588eed74f2fc6d5f584e4271f2dd6fe0,135,135
34,JOSTME,0,16,1,ongoing,1200.000,win,915.500,096e81256ba6dc169232cc2ee4c10320c923edbdae8878c5b73df2e77a083a28,557034b483bfc9a31fe14a09642cb95d545e20f46f22a89116a2e125ea478b55,135,135
35,TIMPEOLD,1,16,0,win,830.250,win,1052.625,347bdef833219b72440eaf497b1feb341c1bfdfd39502571fb8cd98f4ee29d90,74f1fd6439b0febc51a1e52073f7fbf2dd3f664aa3d36af9247254bb8240a910,45,135
35,TIMPEOLD,1,16,1,win,510.000,win,947.125,5b588745367cf84b1dd94fb046d1c820354f1f03ff2426213b1b79e17e79c83d,f2b19d18a5e3587e21cd9533d67ee67da040eda30cbd4788260d1f34cfc80900,45,135
36,CALOZBOY,1,16,0,win,875.125,win,722.875,292b646646b1801e4b33062f0fb125e4156e1d0dfe170f65d443aa1f8d4be5e9,8fed5c3f536bb6a7d0e70ad074989cc5227f5e00f1dfaad9c85da9d2b9ad5c6b,45,135
36,CALOZBOY,1,16,1,win,393.375,win,473.625,6d089af287990b66af93d70b0e8cfe8834c32704782425d10b2581cee4b5c355,03df3f4a85f9544703723567cc9f8fe09e1d9bfb788aa7c6ea5f63b04d1aec8d,45,135
37,SCOWILDOR,1,16,0,win,860.000,win,805.875,efdf002f472c97ca22aa2f4937439bafc61f53e3426a488f91dfa61f92c3770a,56014425dfd81c44b8cd7b6ba90e62fad52c1850cc6cf886b8ed4a0d0a095730,45,135
37,SCOWILDOR,1,16,1,win,972.000,ongoing,1200.000,c4fe3ddb66a43eb670c15c6474763879b3dd4264a6e4bf00ba8f0847b979e4be,ad6c47ec75dc27cbc9344588e5a9371d5b4424090ed80c24a5ca77521e995339,45,135
38,SWAINGPAL,1,16,0,ongoing,1200.000,ongoing,1200.000,0756ace8c44ae213e40c4a08a0ef7652f6b9e49aeef66a7dc048aa36c6ad404d,3f75fa404676604fe9b46c6db2cd982159d1f0e52c089f987c235ded1a235452,45,135
38,SWAINGPAL,1,16,1,ongoing,1200.000,win,929.625,6293dac6ee00f611b0d84b6a7696f3b4e716ac15da0eed46566415e48b25c30b,6a34389499233bb5ad1ebff57fb51741452050ce74b3dc03fd9eec2fbf4010a2,45,135
39,KILLOHOLE,1,16,0,win,847.750,win,1006.375,f1ef3dedbaafff951780cf74d0b6e5e9e657fedc2667a16aebd9813e83b48c22,24f1f56e0281879eabcdf87527dd4ffa5e4c86bdbb2d573e8801c9a10d70680f,45,135
39,KILLOHOLE,1,16,1,win,549.000,ongoing,1200.000,9445930ea2f8941b09d9b9b01970a72d8f4f16a73214339d66dbbe5944b97828,5aacfb97cbe747234086578410e876395dd1b51656239f655d2e6ec6aeba3550,45,135
40,EOAMELAS,2,16,0,ongoing,1200.000,ongoing,1200.000,23bded2443ff286f709aca93ef845999f949476e9e2cc9b4fd34d5152b1cd81e,a3ef9de3f63fe6814709e2d35e1a7a0955017eba44e478b1bb409031b0dae2ac,135,135
40,EOAMELAS,2,16,1,win,1039.000,win,788.750,b7daffbfa22e00e2e11e724d1b6825a042c04d506e36973be5e3b3319d082bca,817e445866ef0f57f7c5de4cb4a88e5658e4572f4fd6fb00fab8a58eb2dae7f9,135,135
41,BURMPAL,2,16,0,ongoing,1200.000,ongoing,1200.000,c9930e931a5d2f93fa82eadac1d1a2f69edc9dff00b3a2f234499524f66148d0,901508906ae2406516252b5f02d696e3e566eaa0ade9d1c183b6f6d0ee9c8f95,135,135
41,BURMPAL,2,16,1,win,741.500,win,689.375,f0de9cddddfed9847a40adc8d56038d093ffee3ff057e0979b4dbc0e2c692cd8,660307736fc95e937944f830bfa56afcfe82f426cab4604bca0a52ae13fa625d,135,135
42,MORHIPPIL,2,16,0,ongoing,1200.000,win,852.375,8483fe6c7fb446e15edccfa26deac4b4ed725c24c8c7cacad5dfab03e6d6e114,42de3eea722c97940cd926a270209b34eb6882ee9f590ef0cc3795635d6a812b,135,135
42,MORHIPPIL,2,16,1,win,775.500,win,1116.500,6aabd81031eca621a1f20db70bde4940a82ac703c978e727c5ddecd520546cc6,9ecf80e4163198d133c21d5f7db5a279eb6a82b06f02475006d8170eb4c97fbb,135,135
43,NIMOUTJOB,2,16,0,win,1070.875,win,1106.750,f28ef311c8c6c4a1c95309f0cffde9e34477e66a4444fb2cc8f4a6f511dfa77b,fdd9dc4d538749610ad7723125e0e98b3c39ee4fba48adcde84ea13b18518dd2,135,135
43,NIMOUTJOB,2,16,1,win,1129.125,win,791.125,4a85bab055e212dd3b0281764892c5cd16b2adc25ec952afb33b1dfcca193877,f5198212a31d951eb8fe74878f5407483fd90844c8e92685f51fd60f74ecc2d7,135,135
44,BILADOR,2,16,0,win,834.125,ongoing,1200.000,04a8d4ff2cce495e22fee3713cf499f4a05299496c3ed3a1f77eff7815bf1742,17d380e36f3376eec0a59c4e6c4c907288e54dba3f9ec8c93b04596d81d2ee75,135,135
44,BILADOR,2,16,1,win,1032.750,ongoing,1200.000,3436db46629ec02d257d0deb9de2f283b28d195fb7dac3b8ce70a0d5f72a4bbf,933f05f9b22c2e872dbb07a81639579b758c362e0bc13ced7534698ee2ee60a6,135,135
45,RINGGBPAL,3,17,0,win,799.500,ongoing,1200.000,ad50b0e2fda167924401af90663a430555c8cea9f17dac2e89bd7376eba413d9,83d088319a521d5c8129ddd9c3f1e0b9017dc449bef82d6fe9041ea07e0fa399,45,270
45,RINGGBPAL,3,17,1,ongoing,1200.000,ongoing,1200.000,99fbed0301e4ecdab1f7e3b01f88d005857fe87587e76ae63ec778366e418690,24077e5aaf7b9fba35c5bf91e84a9666dbc0e519297b71646209101d925fb8f8,45,270
46,WEAVINPERT,3,17,0,loss,349.500,win,995.875,5f0db378672ce560d6af134f532dba19fe7015e2f64ade5505fce1e110293278,e0e474981714e27388db5fe445c3b009722e8803c59f4498952a7acd43c5d1f4,45,270
46,WEAVINPERT,3,17,1,ongoing,1200.000,win,773.625,fe28daeb3479643dcbb8047eb5764596c3658429828f0fa5ac30cd41b208beb1,4c05da753dd86020a0676282be43dcb3a43b102c520a1b5f6b0a74b2a54e06b2,45,270
47,ALPLOPOUT,3,17,0,win,876.875,ongoing,1200.000,05c57a63f4973402e0ff9ffb61dc2e39c3564940aa90ab471a1b156f2f6c8c02,ce16b8310fb0ce07135fd89ecfe22e8636ba47b86d594fd018f5d2c41c81c1f9,45,270
47,ALPLOPOUT,3,17,1,ongoing,1200.000,ongoing,1200.000,954b0f71b52229e3f12f7c1c0671236c0852291e6ab04861ec15dfc5647d4ec6,4901c2f8675ac804b63a3cf30b80398993dc639a285b61bfc5b37325d49d188f,45,270
48,BADTAL,3,17,0,loss,214.125,loss,223.375,b092e39f0bed431e27a6a205e5d013d154c70fc2de4104d8c83b124f3bf6e586,d02ec1f3d3a23cef0e3f6c74e5c0124194e942af54d3a057e06bfa172c87fe11,45,270
48,BADTAL,3,17,1,ongoing,1200.000,ongoing,1200.000,e7c0b960c58f83e3eb67b918e49ad6c3edce79fa3adf7d32bc323c4eb72a1351,3ad1b923310208f68ce1680a79f491f64cf5fd98a7ff912de5d02b6364c0a0f2,45,270
49,IMMPEPIL,3,17,0,ongoing,1200.000,loss,454.750,d37e8de2a4d74893ad0f56120001f8a58510ae4eacd1e0ebc9113f9424225251,0b3245f9a12b559ed29a48abd11fdea2fff542ea6a776595512ee90b831b1d24,45,270
49,IMMPEPIL,3,17,1,ongoing,1200.000,ongoing,1200.000,05afce9ed5553000f4396935a84017905fcd4930bfba452da5e4540e1b27a2f0,6ba65d09ca2865c7d1c553400a6dd76b6770e10d1b9ca5d1932b1e62f4b4485e,45,270
50,HOBOZJOB,0,1,0,win,703.500,win,872.375,ac9036287080ef4ababffab9644ecdda2e260caad6951f5b4f95997fe01330bf,80546edf41606e2dcf408cc37a37f6f03190147ce57840d0e4614a6e02d0fd56,45,45
50,HOBOZJOB,0,1,1,ongoing,1200.000,ongoing,1200.000,a63d2fab836c7918d846e99fa84da76de8dacf136bc5c4dde346273e694b80f5,3e1dee08c148dda9e59adc092e9b2fd9eb34db17a60f3402b19be037dfec8cf4,45,45
51,BUGWILLIN,0,1,0,loss,371.375,loss,388.000,3ab64ffc759ea23aaa15742cf58d4bde6a05aa015a782dcf98e7f80bd846332a,cddc8fd1e812ef9becd1fa22fa64a28c049fe763ff6610bb0d02d2b07cd296ac,45,45
51,BUGWILLIN,0,1,1,win,503.000,win,476.875,939ee019dfa5e202fdca6af54c3c4165848c73124e189669010c700bb91e89e1,0eb64c9a5a09423dbe5b11f724966b642fa68c42f85cbcbb08782cc4067c3a11,45,45
52,SHADOGODON,0,1,0,win,661.750,win,719.000,9930d94bfb143b23f8ed75554db6bc1990468dcafec333b4521d7add93e9a788,4f645195a3888964278b0f5f6254f70f544dfb70f6097ff85b6e9395bc36f535,45,45
52,SHADOGODON,0,1,1,ongoing,1200.000,ongoing,1200.000,0b1bb135f49fc250127d4e135514ebcff7031d4e04eea3750bc321cd7bfb7099,4ca662d6f1018c7c196da8c306d78f82097073ffddb93ed9092939ee53e12ddd,45,45
53,COROPERT,0,1,0,ongoing,1200.000,win,871.625,97dc86c5a0cd455897cfa710d3bfbffc9b252ad86efc84f48033592db4b3e56b,4b56beb03655cdb7beb0d9d6e1da85c1867267aa62789ad87002564980eeaef7,45,45
53,COROPERT,0,1,1,ongoing,1200.000,win,1077.250,ca3e5aec066e01929cf4e2cb0cc1fceeead102de947d5d3a41cc0965dda176af,daf5368a84d0f113646d2c3bb878188c78764db9fa24ffbf70276b048f157337,45,45
54,BINMEOUT,0,1,0,loss,933.625,loss,502.125,18c7b171a5f6a15340f690a40f48b1cd1cc51ca8a75fd6d995450899ef6c72f1,69c2c976157d39416627fdd2bc16892deb5da504c0e6b1c8cf5cc621be9ce061,45,45
54,BINMEOUT,0,1,1,ongoing,1200.000,ongoing,1200.000,de62ad8600f386fdfcaefe354a6a3fc961114e740a55c5648c1331353184dc58,4a3d10fd15985c5354eb3417d9baaa51585f26041101e4a72cfdb8d2cbf4decc,45,45
55,SADMPT,2,1,0,ongoing,1200.000,ongoing,1200.000,9ce79d6a52792f51ecea0bcd88016f32a1f70190246161980c1ccf4dce40f71a,5e25be2218b84123fd006bf7ea3894264573bc9919b14855660ec9f0f5947bfa,135,135
55,SADMPT,2,1,1,ongoing,1200.000,win,807.625,6c3defb52493d39fa9167ea3dec9fcd217bb12cbee1b1eb99602c2d304dd45b5,522c6ead95254aedaed0f1d982b425eb422188f1a2a4b59aa69389b01f0eeadf,135,135
56,LOWHIPBAR,2,1,0,ongoing,1200.000,ongoing,1200.000,64b1d02cb7dfc6b50dd32db31765f1015dbaafa48827efb4b05e6aff9b12aacd,06ae58b386139884fa0de438903c655516a3e37902b0384f0af9e425551d8f34,135,135
56,LOWHIPBAR,2,1,1,ongoing,1200.000,ongoing,1200.000,b923d3ac2fa15fe881ecd66e1f3f8409370d71a8f07fc5498dfb5349ba081a84,a4a34ad0410f83a042d1c09c87868765a2cf115eefeaf12872116037d763fd35,135,135
57,QAZOUTER,2,1,0,ongoing,1200.000,ongoing,1200.000,633426362882cfbd67ccb65843032690ded9f2308b9696233e3051ec4f78d6cd,c8bc290df93089396d1f1ace659a34b7df1e3cbaf2e87f16b9e9d48e3c6083a5,135,135
57,QAZOUTER,2,1,1,ongoing,1200.000,win,1001.000,c3d3c695d56f284efb0a7899d5c453a60f851641fb1847b257ec8966b09b21fc,f1296a28497c29b18277ba0f9d8f8d6e92837e66aea1d4a6240ac206b1149b3b,135,135
58,VERYELIN,2,1,0,ongoing,1200.000,win,872.625,8fa36e6c52f193f01be0bc5950cf57c0fe685da6449314b26d176fc691404611,32306d87aad018db5ccb30c294a6cbff13b7a7750eb3b56d4fbe64a0df1564c6,135,135
58,VERYELIN,2,1,1,loss,1144.250,win,1004.875,608f4688f57900762cbaa696ae7ccbe355557c20cd7ad61577716580c1835fe8,13b598a81fe08fea3b102e9e81c0d2223f2d1bf7ebf456edf9795b8517ea22ef,135,135
59,MINGBDON,2,1,0,ongoing,1200.000,ongoing,1200.000,6d8447d9a85f5f074400ba34c9e1134b5bb2d52e4ea3efd5242e543159823c28,041c1988a5bffa71230ee5556dccfb398ff4661573f17977795e419ddae1d306,135,135
59,MINGBDON,2,1,1,ongoing,1200.000,win,824.250,108eba46e824a916f834621726eb49eaf315469f981e5c962452e3c2fa01286c,8ac93e3e1022142cadb6eac524b20399c562d52dbdc2ca1b9f6829de3db5ab3f,135,135
60,HAMINMAR,3,1,0,win,854.875,win,695.250,8ac30287c48bbd840eb6e36e2bd28a4a7887d0f8fae3db058ccb78c8f133fb31,bef4d8a98ab966a9bf47691ae3cf35f5982a9d4450730537bf1787d6050089e9,135,135
60,HAMINMAR,3,1,1,ongoing,1200.000,ongoing,1200.000,9020f9f591c4cc50fd7961f12ccf98d9ec6662f12bb04fc1283af060ae0418b1,014cb066bef6a6de760a401f11589b816faea1d2251ca25d9d80a27ec2f58728,135,135
61,FUTLOPLUG,3,1,0,win,695.125,win,382.875,885eaa696cd5e14628bf2aafa4d66d3611a1578b09b9601a0043b1e8c2ebf21b,0b63c0f8a88ddabdc56f85f1f51f222a25a827e2c4b0915ab1a4627c2e7faf18,135,135
61,FUTLOPLUG,3,1,1,ongoing,1200.000,win,643.250,a5107163c60607c29dae9b6dc616ac128613e6c00a50ed011b9f68fbd27cb4e1,d1253eece12ee7c430810ba69ceff882cf6308474bec1a063da6e877b653402e,135,135
62,SUZTT,3,1,0,ongoing,1200.000,win,442.000,9f80d57ee9203390b4390e144915265686148645fbd9cf8a97aa0c94f5a8c3f4,bfc3f65474711ed3b9ad3361b5fb5a4836e5de242cf924bb8dd5f315b47c55d0,135,135
62,SUZTT,3,1,1,ongoing,1200.000,win,1080.250,9235ea89ebffb1e5d46ce125fecce775db9e9d16f196ebc94f4630fb32c6deb5,a4627b873bbedfd2989cc1f342077c9e5a485cd93215e344838cfbbce265da03,135,135
63,DOUPEBAR,3,1,0,win,1167.625,win,539.000,9e27b8242127e44e119f79334eb9de80093bbaef520f0631e95e534f76ee0708,f845cc783a2836d687d11c9b01fedfe117921444ba25d57e2bfd528a9781f597,135,135
63,DOUPEBAR,3,1,1,ongoing,1200.000,ongoing,1200.000,a65d507a8421d057d951c628af7982026a2c59f6b6941c9d8bec4f06425a8615,437e679ca17e4b0265cfb24016a50039c4412d4e3de17df19fda6f843e224ae6,135,135
64,SHIOZER,3,1,0,ongoing,1200.000,win,1052.500,a9f1b9b02e422993833cc202cfec01a5f43a756a235dc77e58d20a07b6452dcb,76fda983154f97abbb7bd9b14c19249610567c0c69b0f583ffef909cee029eca,135,135
64,SHIOZER,3,1,1,ongoing,1200.000,win,770.500,0cd4a0b2fd99cfc127cb02e1219b1e668aa7113d2003f07f587ee3cd073434cb,e4c96808546393c30039d5bae2e0d443ee36669deab06a67f26b023654ccdba3,135,135
65,HURTIKEING,1,1,0,win,1096.875,win,764.125,6e8230de7513fb6091e89038c1c0dc8dfa1502ea40f662c6a4a71bb44ad86bbb,09b2ad450fd3e6a9fa0934017d6c23c1a6bafaefa6e009bdb7059af458a157fd,135,45
65,HURTIKEING,1,1,1,ongoing,1200.000,win,1072.125,4e6e1e4dea03df69cb54be787e6d3446a6d25119fc2d1c6d4a37016ce743db31,e2b9335e2a22eeeac20fad2fbff48bad121c0a5e0502d8136816330bbf81021c,135,45
66,JOSOGOORD,1,1,0,ongoing,1200.000,ongoing,1200.000,73601fcb73a7841c8eab74ae1f15a14df635cbae989a18e632abbe65b64e517c,47a18d9432984b216d778fb7d76329c1f2b63663fffadec402580a457e170cb0,135,45
66,JOSOGOORD,1,1,1,win,906.750,ongoing,1200.000,3cf976eb2011aa4b20d096de112647b175bf6dd50b6982e7a30d48d513e75bbf,e67aab3ada102a3f8348f4354d0f33745487f61beb89a9538b14a7ffffe68715,135,45
67,TIMOMAR,1,1,0,win,1104.875,win,1146.125,8b2885b99f6f33bd3cd9e4f6dd37fd20745ac732c35c3549bac866b4d869ae83,61eddbe70ff4d3c298cb8b120e97bc7bfe04894de3d174ff6916b1407267dfd7,135,45
67,TIMOMAR,1,1,1,ongoing,1200.000,win,1133.875,815e9edd76cfba1cbfe532e16b1fabd4048d1d418fff685f5fa7ca10645ab1f1,ef4adcdd462e7198e9c03da0db35ca6d8d790c28e691342e2144dec2d165d489,135,45
68,CALMELUG,1,1,0,ongoing,1200.000,win,610.875,d09301e857553ff8b0cf3f68d6d5107a642e0ebb739bbd9af2b27609aa48118e,f37ed9b09fc774f829190f39280c05f3b60d57d8369ac55a217874827cdbdcc9,135,45
68,CALMELUG,1,1,1,loss,701.125,win,902.750,945b83df88872627f14deeb79b25fb2ddb96d6a91b68973ac3af1960d02f255c,cd50efd87913c7cc18c316a825edc67d769a882faee0852ed97d068e12c453f6,135,45
69,SCOMPHILL,1,1,0,win,697.625,win,848.250,e3423620bba52703304f77cc8e41d25c02deb56d3375f1c04708c9896513d2f6,ff161d74e457840463ab31ca12d6a1f83a715e2a717187fe7c33d87f9e1eba79,135,45
69,SCOMPHILL,1,1,1,ongoing,1200.000,ongoing,1200.000,4085a6ff3fe337a87a4f0a2a96f84bd39e3896032ebb81e335fa7da9259167c1,6a12a19d84244c5c939645f530c6544304d2e83ec9715adf3eed50eeb5f9cb29,135,45
70,SWAHIPMET,1,1,0,ongoing,1200.000,ongoing,1200.000,b3620ad17f20769a192350473a67b91c1dbe24e6a1a81858d82b52e66b8b6396,74162c94cbc9dceaac26857d4a2873e6a71f44f502d675e861dca461bf873c75,1350,1350
70,SWAHIPMET,1,1,1,ongoing,1200.000,ongoing,1200.000,952a03e607658f4339be6bbed290f1fbdd408823eda80ae3ad4b809308be360c,47829ea2b06c85919c12c079738964d4e92adf123a1e9feeb2a1f24db307079f,1350,1350
71,KILLQAZED,1,1,0,ongoing,1200.000,win,1020.875,f1ac820a8a9549dd9532bc2a9b3f9a619dd818cc86543678648e196f2e7a52a2,c2251a4d1ee4ffd9becdcab1363d6d085c0b2bc1ab0b4b96036d817e623b00a5,1350,1350
71,KILLQAZED,1,1,1,ongoing,1200.000,win,697.750,b98335a7abf94ecd129b89c43072f046835fe13b0b0e139f9e5f3e8625a07671,a5e769d199d693ae503cc483e8c596ecfbee41895314140257f0d5e2e5012706,1350,1350
72,EOAEING,1,1,0,win,466.750,win,582.500,fed6076eb0d475a77a694e357b3235ba42422d27a59d64a62f5a7ef4d2c2e3d0,d027e56be26170a897bd476c33871dd8f7739591d155dfce4e59662af4e2d0c9,1350,1350
72,EOAEING,1,1,1,win,577.500,win,703.375,1078c3152990c17b8a2f79b87a76c590c4c1153ca1d4da196832647250151fa0,5773f463360a1515fa3617c59bc27780f1ec8a2ecf7fa2001c5d6b642fb9a8c7,1350,1350
73,BURGBORD,1,1,0,win,572.625,win,908.000,d27a15a0d1e72f3d9baeda4e26e83cf816771f1bb30c2be1ac60e5dfe0a8a2d1,f845539cf9d895c66f5e4aeb718c5ae2921dc9c13e9927229f4921a302781ec8,1350,1350
73,BURGBORD,1,1,1,ongoing,1200.000,win,961.250,b1001295b97f265766114734202d43315d7cc0a56207facffef0f79e3caeb3fe,31859b36157da9efa5314743c3157dc1ebc7caec5cbb46a657d444b02c5eb5ee,1350,1350
74,MORINCON,1,1,0,win,1126.375,win,498.500,6b0d51d5acdd2366a710af0d386463022c410e2915aeb1ab37260ece1f8bde55,c4c847d88962cf393823547e3fb575b217942a393108fe854a2706136f3a1274,1350,1350
74,MORINCON,1,1,1,ongoing,1200.000,loss,914.125,2265a372a28996bd09cf5e57a22a1ddb720d5fa8ad78da5541add1b510bb700f,117b574b72a0423427c44738e7f885003f44b819c8004ad9c71befd58b65ded3,1350,1350
75,NIMLOPILL,0,16,0,loss,703.500,win,950.500,fcbedea3caa49764c88a547e4fb5d5511ada5a66ba4d7cf9bca5f7e39531de95,a8077384f8016a3bf4926238bb5d7fbbde87b94fa45e877afd243889961e8ff6,45,45
75,NIMLOPILL,0,16,1,ongoing,1200.000,win,1043.250,af745a1f1957deca47669370361be828e8ba15f4422ca27d33ee373e54e20eec,2bcbe2fb4d9a56f7061f29525956a02ad83d9ebf8904375ee4ceebfce10eb986,45,45
76,BILTHILL,0,16,0,ongoing,1200.000,ongoing,1200.000,9fd9a41e2b8eb7c8f54b405faaff439fb294e3076e49909cd1192120645183b8,37e83a4b5d503d1762adb0f9a627d02e2cd9c9167df87d320323404f6da8702d,45,45
76,BILTHILL,0,16,1,ongoing,1200.000,win,860.250,077533b9bf5130d0726aef37e0eed4ad0bd967a48fe4afb2a2fec88b3d5a1c29,131eda5c4cb79d2bcf9b60ee35f609145f103da5b2f6bf01f30e96f2cc3fc72d,45,45
77,RINGOXMET,0,16,0,ongoing,1200.000,ongoing,1200.000,30f500769afb1c4e3c83011309e4d517ae31e06e679ccd1b196cc9c4369324ea,d95a8b9db150b456ccc8d57368fe285026d2f0df016f66ea093ce693c0d5481b,45,45
77,RINGOXMET,0,16,1,ongoing,1200.000,ongoing,1200.000,20eb35cd7380caf218349c911db963c7ed8f2e226a060bb7215b3cb3d12d6f41,dc495e3ac42f1d43a595e19efebc150a453ca91e7e1e333b8eca2be6b8d6df6b,45,45
78,WEAVEAED,0,16,0,ongoing,1200.000,win,807.125,d1d449ea617f07f9ea10e40d59fc9af2e1c4e9755a49ef2c7874e9d274b68677,9b049c62cb4debe0b050a1eb629f0ddabd40043a5e8a96969a7267500a029010,45,45
78,WEAVEAED,0,16,1,ongoing,1200.000,win,1194.875,1248f1bf54bb6249edeb0521c767f8110ab54b742831de5244afa46f083272cf,0341a1b169956905b12dc7b3daa274387baa7b4dd64d681f20f2aaa04223c526,45,45
79,ALPIKEHAM,0,16,0,ongoing,1200.000,ongoing,1200.000,3af4a589f27a3ac9c500557ae3a2db03c82333dcca890e1d21dcf67e71ec8205,6319141c8ce053e26a085462c7d9e800cd11286778b45e190d66615b2675778f,45,45
79,ALPIKEHAM,0,16,1,ongoing,1200.000,ongoing,1200.000,000e5e13174973f199099e0fdebc7e0b88fe8e211b156843d61fcc2652fe776b,cefc35e7eedc9cf31d0939abbcec2c4ea7d9cbceceeb741b6eac5f006ddb3f78,45,45
80,BADOGOOND,2,16,0,win,1151.125,ongoing,1200.000,5a3f6e0b0d6de17b9898f4813f6c437f30975469166cda33fccd5b32d70dd7f3,118841a26ca58c9d056029445f6e8e15eeed0b186a546cbf92df6a5fe0fdb908,90,180
80,BADOGOOND,2,16,1,ongoing,1200.000,ongoing,1200.000,df010dc9c346c12eb8fb67473d5f984cac07af64069b825f5c27d4ef6a6a04ff,7999491557751aea94c7fa668e7724f812301369c390cc789d28c370a22d8115,90,180
81,IMMOCON,2,16,0,ongoing,1200.000,ongoing,1200.000,107c65d66e0da12b1d8b309c07d0b6b7187f75e261a39dff55e8addec4d78258,2b90d371a6e15e5284e9c5bd213fb6074b911b52c1240c584d1f5853e5d7c198,90,180
81,IMMOCON,2,16,1,ongoing,1200.000,win,795.625,59ffc7a1099b28245667e31cb87ffdd7efb1497b6ebaca269d76cafa3b9a1b1a,0eafba83a0efb5fc70522b0fa5c8d75ef5b31fc1b16ac540e22e130d06c71017,90,180
82,HOBMEILL,2,16,0,win,1102.375,ongoing,1200.000,fec4e0ab4bf09745b7dbe0a856a3ba902e52f13549030a0b0db79619c2b9fb9b,d77c78874f85e2165949e01d645b7478616fa8a15c50f2b3ee6eb5fac0986881,90,180
82,HOBMEILL,2,16,1,ongoing,1200.000,ongoing,1200.000,f605a85f0f27c2db5b4405fab31e3d2840134466dd9e031b78b2b2c4007177cb,9358f0a8cecad4bc1d5ca6ed0fffd6a8e674067fbf7f618a146cf7a733316a13,90,180
83,BUGMPTORY,2,16,0,loss,851.500,ongoing,1200.000,326e6951e1463b0df89336b9a98bd86cde9b6c7a9708234dc8fb92e78217f34e,1290d1926e311cc72d0f329869ff36bcdacb84db2f4ee65be2fb11b728326fe6,90,180
83,BUGMPTORY,2,16,1,ongoing,1200.000,ongoing,1200.000,72b0e8ce01f613f34335171c99b66c96c3483bb0266ea1a85df0bec46f3fe84b,ec51714c06ce442ad01daaba7f7f7795977fab89953dad2380f23c72014deb0c,90,180
84,SHADKOPEND,2,16,0,ongoing,1200.000,ongoing,1200.000,0d67954384ceaa5d514c8ffc36b3ed6b3fb14b8467880a799e4a82c8d717e7eb,ef97e9d45dfa1479ff0121f8e804720658aeabc8627e7a2e9352d1869eeeabee,90,180
84,SHADKOPEND,2,16,1,ongoing,1200.000,ongoing,1200.000,e5b2f23c216d4213232391ea1ef52a374c6ff3353f7fdc19d93eb9abdc86c2a4,28d174f1fca56fb727310ee1abed982d03bf80b51026c59782a91a7f21d0699c,90,180
85,CORQAZME,3,16,0,win,372.875,win,695.000,130d45e4be133bc29bb1a8762e1b7e4a109ef93f34e534c8ed2f1b976bef4bad,d22598cec87fe0a5002619295327471372f03670137e4ad435f884d130ba464f,90,180
85,CORQAZME,3,16,1,ongoing,1200.000,win,678.750,45b681e5b75deb35dfc676451ffb63f12121bb7fb2fd5540df3b8a56f554afda,9a3deada69d49c41c9bc54694375d379d703f86ba302a1b5946439d82ee70bb5,90,180
86,BINEHAM,3,16,0,win,1000.625,win,706.125,2a68e58f338720c106e174c1f9eff05863afe5b1ebbb91c4a4eaf43f434fb4ac,5fe076e716061559a842b1346ec4a4d1e89d4c1bfa4aa9446fe5fb73d80845cd,90,180
86,BINEHAM,3,16,1,ongoing,1200.000,win,543.375,ccf11f0229a40cfad3421fa0f07059158ee4208346085010235022e373839b0a,dcd9e4507d9cb6138c4d292ad8190a3304f20dce771a49ffb46e2a680a14bce7,90,180
87,SADGBOND,3,16,0,win,623.875,win,899.000,f32cd73e856f5d9886707c4dcd6a848f1799133b3f0ac4d65fd0f9bc2e242c3d,b72b5da6cd672d46d40c20f59903621b4fdf59b64ec63db9cf9eca21f568851c,90,180
87,SADGBOND,3,16,1,ongoing,1200.000,win,504.000,15d0b31cc3c5578a4bf78d24e7d187f79fa9b4c9dc074a64b551306d7785eb92,f39b742d6851e21b3f0844e2f79a4c2330f6e105ad259632da8d0fb0607c9bce,90,180
88,LOWINLOW,3,16,0,win,501.500,win,406.750,b5e882963e203de1af674a75c314d33d912c686d072a6c58368f3e38da499930,a077d3b61df8dba0b5d53e5ad2a22a8402ffc66ba400a8f9de12c688d2a70202,90,180
88,LOWINLOW,3,16,1,ongoing,1200.000,win,716.375,dc121ad8ab2898426d8535a036d7df48378495f47d344e069ac9a7738b80cf0d,356801aee800d8451bb9d61b3ccf37d250132d2f005dbaa22079072de9902545,90,180
89,QAZLOPICK,3,16,0,win,593.500,win,893.875,0b1d3e385b2415c76f1b67abbbadc4386165fb1314e35dae4608eead4ef8208a,7cb9599fcf6ca266cb78d70a59fb87fa10174142697258e9f4112662210085b9,90,180
89,QAZLOPICK,3,16,1,ongoing,1200.000,ongoing,1200.000,35e3890e5e037215cfa290ee759c787e22e71dc23df8ef512985812721d60c05,f1d13a3a197d92c66fdecd0ea208b77e50b4ebaf5574bec7acd53c99d587696f,90,180
90,VERYYTORY,1,16,0,win,353.250,win,340.625,a5827607c00a94be99754452677f1a11ec9db3832c2a5a65636bc20facfce1dc,41e16422bbd028870029c66d0ff681c466a806c0d658e0b92e184ace1af3b6c2,1350,1350
90,VERYYTORY,1,16,1,win,1008.500,win,354.500,3abd7d410420c058c8e8d563fdb17ca0a176d92b65582890b01828b86ee04572,90c66e231ee9ab62c5d7bd2bc78e5bdfb59f0c68e9b5868220bf77e316bc571f,1350,1350
91,MINOXEND,1,16,0,ongoing,1200.000,win,631.625,cf2fcc9fbe831e0f7c14cded150b8f1e63e039dad6f253c7ec4e28caca13dac4,483ab30856ab7d53c9f9562e036b13ebb97e0760663ca4069d06269319e57c12,1350,1350
91,MINOXEND,1,16,1,ongoing,1200.000,win,1102.625,9b78f443f0b44000453dca9a16b84dd7a1b0370567df3f1fae3df40e3b49be51,eab7560cd6d973a47ab7b7a8ed905ce32236ff42eefaf4a33d391d93040ace7f,1350,1350
92,HAMEAME,1,16,0,win,602.375,win,334.500,90440472d6c62521552bdb9efb30e90c90388b74542828fe6167c0ed7c597bcd,4251790054bc7810040e3e0d469bdee359517f016b2bbb7ec940826cf6809661,1350,1350
92,HAMEAME,1,16,1,win,1065.750,win,545.500,5018f1ea8c0a37e29e5ad3a61b1c141f89fcae1c30c2362272f6b6cf4823e302,07a7250e157672b82e09105d1b2eaab5ce115c744e4853d3a1a13dec8df355f9,1350,1350
93,FUTIKEOLD,1,16,0,win,663.750,win,423.000,256f59dfa6117acdf2418f82ab3ff60f0ae8d9d43b482b128f1408575dc72a19,e8633b58ed21ba670fe90ae3ee4dcb255fb991e4795b36f9108dc8fe3454bf9c,1350,1350
93,FUTIKEOLD,1,16,1,win,511.000,win,634.000,1dfa65d4397317e4d5b7c30a4810bbe1531c49d66a530b9232fbc5750dcb135e,1844d28e47105e9e26d44d6977a09dfa68b9da2b9737e8cabc64ee776fb9ed3e,1350,1350
94,SUZOGOBOY,1,16,0,ongoing,1200.000,win,670.750,c965c332532d1b9ce0c3b266c33baa7d738560b0f7948c28d93b0f4e2bc8cd7c,5d709c033a0064669f4c301bc7780d1b9dc88fc8ff94d52e8b03a89089953724,1350,1350
94,SUZOGOBOY,1,16,1,win,758.625,win,655.875,9eb5dc70103681618dc2062aa2c5a0bcd583fd2e8199a17c4414e4cfdec3bae6,e919582a8bcb39eebcdfc4a5dd9102018fad3b7ff963821b8214fb80a996c20d,1350,1350
95,DOUOLOW,2,16,0,ongoing,1200.000,ongoing,1200.000,456dcd51a02c8068550661c2e1aa9527d1e5972e3c2c0381d701159bfb11646f,b84d6eb115f834a7de6f8a81491c8d50e2c4c07a0d1eecffe80d300a1e1613a1,45,45
95,DOUOLOW,2,16,1,ongoing,1200.000,ongoing,1200.000,2a8bca98025e4c4d38d54e20b04c7d2b5e017737b951d175eedc60678f1099fa,138cc103355de0d9575cb1847c087b4659626fb399f71e19d78f0d0570a77d23,45,45
96,SHIMEICK,2,16,0,ongoing,1200.000,win,1137.875,a8d3511432a0e3f99621c8a598abaaf2d21d05268826b8ae4942ba3d7ecd9f3d,7cde8f44f6e2b63152435f706b64b822b479a04092174682384a5da1f2ac93f7,45,45
96,SHIMEICK,2,16,1,ongoing,1200.000,ongoing,1200.000,d9bfb3bf2f47a7abf6fab47b2bf744a62fc9952c1c42b603f5574fa29b883c3a,502e78bbf87692678ed3107a6b40d1a70ac55bc876227d38da5619df15536fc7,45,45
97,HURTDIHOLE,2,16,0,ongoing,1200.000,win,1018.625,5a81e77a6af252c63308eab431c0b334a19edaa9fc3b907acf9616a5e29946a5,b606ba7f18857e4932c9f6a7f1e8c5981b9a6e393da54c5006b9d24f1e723ed7,45,45
97,HURTDIHOLE,2,16,1,loss,1153.375,ongoing,1200.000,04fb4c405943830730a5c427a28e6d15ad0601fa82065648793b672df1b51b74,4749bd6d212e8edbae91091d030ba51b7413cca66cbc221096bda313fc6bb51b,45,45
98,JOSKOPLAS,2,16,0,win,1075.125,ongoing,1200.000,a49f7146fccddf1493102a02d08ba63759736d2824a26e01374b6703ea5df68c,80b406bce4d7f865f32569c7189c02562c9774c3f02b1addcc6075fe2952774d,45,45
98,JOSKOPLAS,2,16,1,ongoing,1200.000,ongoing,1200.000,2e834fa1a462c259a679a6d2b569f03ab07d916690e713fb4d564d65c3700b8a,507705596752dabc6de87ae03fe52ff87c242f7aac96c74c0ac13e4151e53548,45,45
99,TIMQAZAL,2,16,0,ongoing,1200.000,win,955.250,fa229c58f0697aa00cf319993f28b3b68956a965a2c219076ac9f1b5d06a296b,e625b00d0d55687f14f7e3718ca3f3f58a0864b6f6fda68bd7fb20f7cc1c88ce,45,45
99,TIMQAZAL,2,16,1,ongoing,1200.000,ongoing,1200.000,15769507b129845c8390d003ff1bf9f07fcb7e14bdaa736f9c30a53513a1480b,548856dc3059aefad0e3f2b48cea74a20179aa68171eade12f3bd19cd03d3442,45,45
100,CALEOLD,1,16,0,win,629.250,win,1004.750,e1d92614e970c7df9a5cd06a29bf04f59da3bbfe66a28a62c1a0e939904d7459,a218bfa9939ba183beac1678fc72e5cd60b851a57746275c3ba93b64952a87a5,225,90
100,CALEOLD,1,16,1,ongoing,1200.000,win,1137.000,fa7ad98b3006654b91623bf9ab25c2521f2dfe8800d2aed64c24fbadafcbfb64,b81ea1ed2569f015db002c485d08276a157a1b0ce30d32ba5bd28e8b0452114c,225,90
101,SCOGBBOY,1,16,0,win,577.250,win,732.875,802f4185a45483ddd88dfee677af40b710e4281d41fb6da39cc9583f178ee2f0,8f3cf64f53d3339ee3ef37014d78c1c35f2bedcfef3efc9673f4f9df474691c0,225,90
101,SCOGBBOY,1,16,1,loss,1040.375,win,878.000,c6b1c603ec17a3c9d812c51fb4d8010b0ff7ef9e078eb910967c42a780609acc,db9c8a5182d56a46731ed6d914d67d18ef39f696eecf7f4feeb94c90811f82ee,225,90
102,SWAINDOR,1,16,0,win,658.625,win,1103.125,6bf3172c0aee497fe80a056de40bf07193c14f6006bd3c0280066e643f5d4b64,0116a56a2341e147d6beedf367ae7a3828bd58f2fe03bc70b60ee54a8a426086,225,90
102,SWAINDOR,1,16,1,win,865.125,ongoing,1200.000,d95b1089f305b364c145b67c15f458371aac277883d90fb8555c552519d89fd5,85d4db5624cdb9976d04e3f9d1c7bc3ac080c7bfe7ade3a7d218ea3157260fff,225,90
103,KILLSODPAL,1,16,0,ongoing,1200.000,win,510.375,9d85f017642d2da5cb4e6f5d7f71ed5c73aa06bda04bdc20bfbed26e62a66351,35659be3f13350081051c3acf5dcc340c674b2ace726bec4a8adf564a401715a,225,90
103,KILLSODPAL,1,16,1,win,1037.250,win,771.125,048cda90d498f77faaaa31d7e4780d0c8951ef9e9fc6740f825420dade0ee658,561ca927a709f3c86f2c9729d638d3068da18b99cae70e350aca0c8af0cc8fda,225,90
104,EOAYHOLE,1,16,0,ongoing,1200.000,ongoing,1200.000,32ec2562566b0e3f56c51d9a8ebad757a6c7fb89a1ec68e9e6fb2048276fe09a,e23cf7bd837493645fb5e0617602a448d31cc8af4649fdb871f69bc80109fd47,225,90
104,EOAYHOLE,1,16,1,ongoing,1200.000,win,1131.250,df9cefaa44331465c86157cc6cd491a87e24722bfaa1f659832c56f903e38cde,0e4d71a93345066b3f15ea559d8ece6dbb0d748303c10325e308eb86e1c8b45c,225,90
105,BUROXLAS,1,16,0,win,902.500,win,993.250,2d6a094210834a59c52aecc28729127b470b0aa93884196b40f60ced19de96b0,3e574f5a93e7e82b10c03ab349d8c1fcdbe5b6800c45752a7ccf14f8d250f4e5,225,90
105,BUROXLAS,1,16,1,ongoing,1200.000,ongoing,1200.000,8df732cd037d82214d7441ea3f8476c420ef1ad355c244421201b9e995da9cc2,91cce3e7d39e85d25233cfbc6475ed007db047e72cc796183be83fb9f3574547,225,90
106,MOREAAL,1,16,0,ongoing,1200.000,ongoing,1200.000,22e1fcd9ae292121f59c36b10dbe03b152d9d768cc7a78f3b8d42fd4046b74d2,4973a37c49b6e60b7a03740e18c7ca4f41cba87c498cf5aad834fddf79449ffd,225,90
106,MOREAAL,1,16,1,ongoing,1200.000,win,1184.625,941522c8279ac1bda639556918ce09f289c2d6b4252c9d90440c8115146d01a8,bacfe431617b9c8cd2d899a7ccca5b59a6b83a59a12af58060d71e82db6cc2c6,225,90
107,NIMIKEPIL,1,16,0,win,1042.375,ongoing,1200.000,4c4022f747e9db155293c529b221de964c71920963affdd2ec4b1380e92e7be7,a58611abf3da656911edda6be77875fe9a1fde04067a84391076ed37253f5214,225,90
107,NIMIKEPIL,1,16,1,ongoing,1200.000,loss,1141.750,2b935b6ff3f0f4cb4dab0001c932fba5799059f28523fd6fb302caf8931ca399,f84b065022c1153c81fbb7ae5052c5cc2b2b7db896e174bd8ea391b5797d22de,225,90
108,BILOGOJOB,1,16,0,ongoing,1200.000,win,1026.625,bbcf163d9292ce1c0fd0eeb0d9efb89c226914499f43d72b5c4cfb0b5d8ee5ef,16b9bb6579ac3b8f759f4c2445061b9cdff8e4351118bdf22607573a607b11d3,225,90
108,BILOGOJOB,1,16,1,ongoing,1200.000,win,934.375,54aab38a2a69254069a478b6c02292db8b7d0dc6a65f9af189cb9727a674dd07,7b7d4fc8035ff726c44677661e451f06364a839f3d96be229376bdcdb29bd937,225,90
109,RINGUDOR,1,16,0,ongoing,1200.000,ongoing,1200.000,5c10379331ef5cc8554ca73c5056e02e39d2e48c4abc7189092afbba8ec11afe,2c4e6118fbc138137500edf2a6a6ffa778eb8b52ff9571c22f03abde213b8d38,225,90
109,RINGUDOR,1,16,1,ongoing,1200.000,ongoing,1200.000,5697a1443364e9a3c1b89d3c386bd6f6d96d3f6e3fa1fd4d18c18f3f52c639af,8ce3ce9d804b6dff0cea578e32550cb3b3d74b02b163d76675e3265145f2f03d,225,90
110,WEAVDEPAL,1,16,0,win,243.625,win,170.750,565cc1b9d2ca064ae30d589bbd88969fb1bcd362c9c77ab147468c51e0ce3143,649a612f9f192220450e06f2df07256d0b6cfb6f91b314028c102519b6462ca3,225,90
110,WEAVDEPAL,1,16,1,loss,134.375,loss,130.750,28e2257c479b2358409262f2ec3a1a974cfb3410d7cc635762ca90aca7a43a2a,40d038f3663cd9522aec1282d310ebfbb48390de3aba535b8728862a2e462e18,225,90
111,ALPDIPERT,1,16,0,win,883.375,win,988.375,39454e06b1679525031f32cf7028403c4f8555aca22f3953e59af2417b11fde6,f130de363b7e5183034f0fa43f3e3218143eb8898a084f2c0bafcd38edbf1895,225,90
111,ALPDIPERT,1,16,1,ongoing,1200.000,ongoing,1200.000,e65ba4be3c787b0115adfa7158792103c673524a6f830334ae0baffb1dde0186,d86b3b211931cbe35bd3f7db46e1dc4f5083c4144ed6e7b663828bbe893ca9e8,225,90
112,BADKOPOUT,1,16,0,ongoing,1200.000,win,1170.125,d24bcb99bdbade6cc66c520ceb9c0d6f7ca237f1c8d3e459ac2ac38a093bce17,cef85b7b9a96d6113a4f46809a3c9bcc76aacebedc4c4356c2765bf2a2e426f5,225,90
112,BADKOPOUT,1,16,1,ongoing,1200.000,win,728.500,2a654e2180d7d4b66cda0d06b9285b606f6b70101f98e9e42b75f315dbe18cc3,61e261496b4a5305b6cb91c63f92115d3ef7bf863bf2a4fb6270b0f7d0c5ad96,225,90
113,IMMQAZT,1,16,0,ongoing,1200.000,ongoing,1200.000,d1738a3424aadb87a9b9a8a981a296ec128ac8dddd67e4304e5f84739ea6ad41,8dd93527657d4a772de6706e239135dda5f7661b8c371a5591f16a4b4102b4b7,225,90
113,IMMQAZT,1,16,1,ongoing,1200.000,ongoing,1200.000,1a6ff1ac2c62e2e7787f2145a25b8ad9b9742afead60f9e95acae36f60d2ff7d,4cc9c4628a2d00a189365a16a2fe59f18777033d461356e204f4d723aa0852db,225,90
114,HOBEPIL,1,16,0,win,890.250,ongoing,1200.000,9e71e26c930d7139b0377bfe6bf3f908ba143e76fd6c56dbe41e13d4d60ab5ec,fa1de2c15e32c937e96299798e39a41163f983e94af46aca2fd7181c08a1109b,225,90
114,HOBEPIL,1,16,1,win,1192.125,win,1079.500,b46b153d5c6fb4d07c2d591dad965721b55ffe147d5e8b17b621d3d9321d3463,b6807ec33217d2e268b470235a63d08b23ececb762f2c375f9cd5af540cd7607,225,90
115,BUGGBJOB,1,16,0,win,951.000,win,927.625,0151d97b8c1c93039df6563d20fbf333249b7580aeb939ec2403e250e68abb7e,78a0e3a2c34ff75e085e3990a70284153b245c696bf5530b1d68b102774b80c2,180,180
115,BUGGBJOB,1,16,1,ongoing,1200.000,win,1117.250,ffe870c23e69b5691d5c04eda04574c9fdbd187991228fd1332903f2431a5acb,8b045df9bb06d4239f5ba51520394600aa4350d964f69142b97249e1bb4faa5a,180,180
116,SHADASLIN,1,16,0,ongoing,1200.000,ongoing,1200.000,a5a626b047c41db26c579ff2fbaf20d29ef161c69dd2028f0608d53276af6113,f4b97ce754e19fa99886e3a1d6cf2894b41aa098cf410b62b56761be40982eb8,180,180
116,SHADASLIN,1,16,1,ongoing,1200.000,ongoing,1200.000,54c7689722aabf63c292213884715fa791c3bd7979bfc8742ced4efb0d5b01b1,3cae21b179d530c57c8f518917039bf16194c4906cdddabcf3fa5a8536af5d42,180,180
117,CORSODDON,1,16,0,ongoing,1200.000,ongoing,1200.000,090f8f15c4e7e8bc0914228f5f5b9385dfb863420fe2b5d3ae06f2b2c5c0ef7c,5459d4b8abd8dc2564c928a9880d780e180df3edef0a9e5d5f9cc7e9abfbd693,180,180
117,CORSODDON,1,16,1,ongoing,1200.000,ongoing,1200.000,d34fd85816f60df2c03d605d128cd55abaeb3addf4dcfc27946bba80dd956473,3fbae2042d3e72c383e629632e7812f69b37cde3bb5087311f03f7c9fcf31a9c,180,180
118,BINYPERT,1,16,0,ongoing,1200.000,win,1191.625,f1808426fde8b0787eac79fd80f033921228957aedd2afe785356402930bebe7,fb5070006568b59cb0df88f23dff49ed5dfad7443639b896bf40662ce62eb64b,180,180
118,BINYPERT,1,16,1,ongoing,1200.000,ongoing,1200.000,82b6edd72867eb5111d21471037db87a866399f941e2e0411463f8ba5ae013f3,85afce22fc330cfe62dca93c0e1e3a5015ec7e09db5ae44724096dd459aa92a9,180,180
119,SADOXOUT,1,16,0,ongoing,1200.000,ongoing,1200.000,9e01029f131eb04ca482baa20fb2fd77c96c329f9ab320e047031d0e47df5b53,bc039d6a7e1dc707d583289d3a913ab146e11db6cc2ab3b922185cde107e5acf,180,180
119,SADOXOUT,1,16,1,ongoing,1200.000,ongoing,1200.000,20785bb925335efb8e173536a749bb858a66aee3bfc1faf17d268eebb267cceb,24643cd4fba285a962e54d3bfdec366d00bbdc77ecea5bc00d0cb6d2e6d8cfcc,180,180
120,LOWEAT,0,16,0,win,792.125,win,1177.500,3d481a34d1f026c4dbc9ceefc09a3af19356bbad5dddee22993525ba944b7399,3fbdfb503e94fcfa95123c13d7b36c5718a46f2dd4b57ac200dbd58f4b959779,45,45
120,LOWEAT,0,16,1,ongoing,1200.000,ongoing,1200.000,7076c010068f0ce9021729641da13928126ee0fad8328bb42b9c48e5cbc97e05,f46acc3d001b1b452cd75eebf9f0254ada0789e61b279e0b2fd052db750d2af9,45,45
121,QAZIKEBAR,0,16,0,ongoing,1200.000,ongoing,1200.000,c85aadff69175a0fa739bf3a7f3e04b3171825b716eca363ea4ce85fd664cdbb,d20fb67d4e27acd962e6779f169e3db12504268c0c26149e667ec103e4425362,45,45
121,QAZIKEBAR,0,16,1,ongoing,1200.000,ongoing,1200.000,7dad29f9ad3f42a146c2a9c4f099f67ba38acfcc6567dcac80fa9b1986f64731,4cdd12b9ecfa1881ba7d25fdeda79f75fe475baf18f6ce4ab95ae1a99c4748b8,45,45
122,VERYQUEER,0,16,0,ongoing,1200.000,ongoing,1200.000,7623e1fca1a7adcc0bf3c4be9e95519c16cf1a200343a21ec5095e44fbce1a4b,2d5ecafa0e3bd56a12c9a91cb5399ca97483310b61e0d746209a2ddbcd0bc5f8,45,45
122,VERYQUEER,0,16,1,ongoing,1200.000,ongoing,1200.000,554b5f65a186afd87efe94a3434f319762f0fb4934caf251f5982167914f06d7,5b7bc7b454a92a03f40bf589e87713b3b10c70c35d3b2773da85cb479ead7990,45,45
123,MINULIN,0,16,0,ongoing,1200.000,ongoing,1200.000,54c394f45e6bf05c7e2c4399aec0f4ced8c6867986a448440329fba9908d55f6,76962411c86cb21f961723889da9bb2a197d36d324d9bebdf2e16de1c3d03946,45,45
123,MINULIN,0,16,1,ongoing,1200.000,win,662.125,b62fc3364f97715d0ca19fa8d31d18d9eeefc0ad2d1156fd4db486ef99d919e5,24c3efe85b539001f2d4eca1155add67e54d7474db86297489dd7e71e90e7a64,45,45
124,HAMDEDON,0,16,0,ongoing,1200.000,ongoing,1200.000,5055d20c5414ccfb3c0cd16b9ed03e3fb93507cdd1e4c560ff5a95998f4ada2b,045cf2e3ccbe802480559d457692a337b4434f0540ddb51be2b6c11152e01b47,45,45
124,HAMDEDON,0,16,1,ongoing,1200.000,ongoing,1200.000,3db9ad10463ffef924d1a1a018049c325a11a12d6f3c673272d63df3442bdb2a,89ee17e6917cc665d255e4911868ae3e289fefb9c4a1f4b7b18342a20438ecb3,45,45
125,FUTDIMAR,3,16,0,win,688.875,win,425.500,afca36d8fc872a9ac236ff6d95ff595f35f6cd470f5f6bca9fbd202a034c5f17,0d0e042bbdb4a24a9bc9c45319c5c2c98ede21fd1acdd4697cd70893eff49431,225,90
125,FUTDIMAR,3,16,1,ongoing,1200.000,ongoing,1200.000,4a0e12ec273251d1555d31a81eac5b7a646823abc13e7d20aefebd1136fe8ab3,83d14cfb359e03dd2eddcc37c0096863ccbc2e1627fa3fc6a373ff545a6a7a8c,225,90
126,SUZKOPLUG,3,16,0,win,705.375,win,570.000,eef266147f4b835403cd3d934b1f6c638a3e4d07aae366ebae812659bf889901,9f8aedae45a109282c89c528ac59129b993db55fdff66f8ebbb7f39716697887,225,90
126,SUZKOPLUG,3,16,1,win,581.500,win,607.500,dccc3728b30343336826872ed58cb3bb0159a266817319c8176239fe93da0400,76e3d9eada4c71c168b31063b369a81eccdfbb13390d2563d19c3d655dd30f79,225,90
127,DOUQAZHILL,3,16,0,ongoing,1200.000,ongoing,1200.000,0ea958c5fcf792156dd4ba81f1325fcb9c2e2dd0e2b145c68c0f42cf820c6429,fb87938f36ac760345bcd83f4ae45ffb30cdaef09b79c648de42cfaa32d31569,225,90
127,DOUQAZHILL,3,16,1,ongoing,1200.000,win,597.375,8c249e3954ca80265c8a73cd4caa1bec67f1be7e8b270a4b0e896138d83932af,d432aca6484a7b19d68ecb3f281b9f22df667c71fe44305570d36909555e7671,225,90
128,SHIEBAR,3,16,0,win,866.625,win,459.125,0bd601c4d82db28fdf5d7ffe1e873c5473dad28796aab14a9f318e10667f025b,59020a69eba4c59a146dd6664efec74181bd2ddf7576c8afad11c9fc8762f327,225,90
128,SHIEBAR,3,16,1,ongoing,1200.000,win,531.625,e64dde3866bca9eaa5b55f570e2ff1b568dfb2b78d54c603e150572b6ca24724,618e4a406d893296b18815ee36c6c280fd4237efcc45b3eea5cc8b8990098a22,225,90
129,HURTCEER,3,16,0,ongoing,1200.000,ongoing,1200.000,0ddbede39de570023793767e8ef310c1a477aa8d5e787e848fa837ef365a14a7,4bb3750f9a89cca0a65ca67e1f3c97cad30a78231349245976042d56015e1421,225,90
129,HURTCEER,3,16,1,ongoing,1200.000,loss,286.875,5186ae5ac0423d3678063b3ce79add19e9c4f123055ccac9d1e8a8d4c1343ce9,7058c163355c19032c9bc8f31a418b3c699ea504bce29af7f07f9de43ab34585,225,90
130,JOSASING,0,16,0,win,544.500,win,979.875,70f3998358e8a3512443b2d636d2b0dd8b85dc87bb42bc957ba073befcebc806,091d40806b228d1457ae5bbac2f0cdd5af1cc4d50296744147bf48c5333df5de,225,90
130,JOSASING,0,16,1,ongoing,1200.000,win,1141.000,dac1bd187c79bb6452b2a3a7d04a43f80eafd1cd909fd3b43bdbb8659c7ed9ac,54c3cfa17718023e452a3cf826932bb1d3108c549fd53ae8c57d43c0090fa3b6,225,90
131,TIMSODORD,0,16,0,win,634.875,win,712.125,1e7654017fef134633bf2573660725493e04d4b4c0e32ecc862ccc39a2522b86,a86922303a0421e788bc9645cc9ed6d7b7adf5da7706de8d9d03ac9b207858ee,225,90
131,TIMSODORD,0,16,1,ongoing,1200.000,loss,351.000,e9c430d425fc1ba9c1d649f56e221a4019f6ae1ec91cfb84f6820e474f2b30a0,ec7c0d744895a867cfcdfc89da76b8d58b514b25de615d9ddaca0a6f77af7153,225,90
132,CALYMAR,0,16,0,ongoing,1200.000,ongoing,1200.000,caf1ad9239078a9662f5b892a1bd8f551e49b4b68d0590f20824be1e73287f36,e020d32b8d3e1b1d368aa62ecd58996f909b231b42dc164cbec47a3062ec71e0,225,90
132,CALYMAR,0,16,1,win,717.250,win,699.750,fe199ebc8dee58d536cbf477c983f6cd00fb567b94e236382bf9679793bcd28a,a8d76e7dcf0d94c149bbf091d18f155067f124f4d731532c21507b59eb1bcd95,225,90
133,SCOOXLUG,0,16,0,win,827.000,win,643.125,3ea31a1e4353b27c37dc7268afd5cda0dcb0c9ec48b5e8bbd1719509018b9aa8,587c7a42bf27b7093c3f39dc1190cdf3d5a569e7c3884783b58e61e1d840680e,225,90
133,SCOOXLUG,0,16,1,ongoing,1200.000,ongoing,1200.000,58d3c09afb726afc6aea83d9d1f43dbb1e29177183d762285c42b4676d9fff0f,ffa64103f75caee5ab391eeb7a9a85729945e642e2c92cae6cf8b0cfc5ccb9ee,225,90
134,SWAEAHILL,0,16,0,win,755.250,win,566.500,444ba3a632aee0d0d7b682f098d893017f8fe366a9320526770652adf3aab7f1,043f011f92803a74aa98477cc62fc5d1c73a05ac0efb658381fe0f7c132ec6d3,225,90
134,SWAEAHILL,0,16,1,win,1020.625,ongoing,1200.000,9118f7f2a8040716d25bc6e672bbf1a1089ebedc35a60e162565190c8ce39582,a47b53991833ab1e11908f3d57f400457028fc39b5e0aabb75c0cbf607f75d17,225,90
135,KILLDIEMET,3,16,0,ongoing,1200.000,ongoing,1200.000,f989e1591c9c48dae90504dc8e0547f6a96b273def184738a6df952f0363e4ab,fbc0c6a2fcfd0e2e8df5aad9c0ccc75ee06c7973e3050eb84f31c788a566dcc2,225,90
135,KILLDIEMET,3,16,1,ongoing,1200.000,ongoing,1200.000,1776179fccf41e0bfe772bbcdcec49c47d09d9fc03403f3918c6cf2255bdebc6,7b279e2167278f760980262107d8e5deddecf5875884cb18fd534db1016e2d03,225,90
136,EOAQUEED,3,16,0,ongoing,1200.000,loss,852.875,997e4154cd5f1c0879ba307a5166ba5c36338d68e11dfa796f61b1013fefba37,d50884e57a8073b5db098174ada17c177b6e782fc436993ce47205a9598c25ce,225,90
136,EOAQUEED,3,16,1,ongoing,1200.000,ongoing,1200.000,166422df9bc357f12bde97725762afdb182cb965b1b3253b74e2eda304662b32,051ae3312412c002575c7b67ee5646feb126bbd759d78cf4370102ed6fb4a09b,225,90
137,BURUING,3,16,0,ongoing,1200.000,ongoing,1200.000,beba42c5e1afc2ac626ddf1ebcb12b72505d52948cc9bdcd850f4e5abbe3d626,400ea9dcd8d8c90635db34d6a1f6b6e23fd219059276415cfd54cfeddfecd539,225,90
137,BURUING,3,16,1,ongoing,1200.000,ongoing,1200.000,9b47d9ee2ee2b38196e15e9df2dff12c9af056597f878019a1a09ebd6936be9b,632c30bb7960a15e17f4ecb5ae07e1647b92f2fc06478d883659918a30a3af47,225,90
138,MORDEORD,3,16,0,ongoing,1200.000,ongoing,1200.000,9b0b8b42198b7ea6ede2ae03d0a63b32835e223b40b95db9a06f3557daa4a35f,05fff81345f6c741abd1bbfef7a1168779255fd1c614479c0679b5246db7c131,225,90
138,MORDEORD,3,16,1,ongoing,1200.000,ongoing,1200.000,b571c7b1f2a42d13fe8f966f0bff666cefe74ddafe91e0a21ddb92bf82adb2d9,e858d1cc05e63b4ea1786ed6153926b4cea43b31d7cfaaf18fb966f13a3d59ab,225,90
139,NIMDICON,3,16,0,ongoing,1200.000,ongoing,1200.000,205c6d50f70d61ba5d1c0de6131e66e08bbf775088c1a4efb7c21acee4db88c9,e5740fdfd9fdf640fc52fe2475c74b5f4daa72ba48287fa7130647980ed0c99c,225,90
139,NIMDICON,3,16,1,ongoing,1200.000,ongoing,1200.000,9751cab128101a03b201714ed4221880d5b8f19894fcfd87148dde8449cf07a0,e14daa67376b926572f796771918a5c0340387a4addbf30ba56360e0a9f86f40,225,90
140,BILKOPILL,0,16,0,ongoing,1200.000,loss,1083.125,dd1f4b1227d56ae47965e9af130b0204e2c2644c78ad8c2136994fb9d88cd053,ab7311a8d860119bc85deec57b49c4c5ebfdd4726a713eb8d6a59c90c07afaad,180,180
140,BILKOPILL,0,16,1,ongoing,1200.000,ongoing,1200.000,fd94de5bcd84342565f05528ef92778b0576757bb19e2bfdd68012e45098569f,dfed3e9b0e6ef551e35ea87009e0f370c361e482973830a83d08001ff432ca28,180,180
141,RINGINGTORY,0,16,0,win,550.750,win,545.625,fee27b8c1962bc59ea9351f9e8a9ac0ce06a82d167dbb7bd1c7b8fa3a0ef79eb,d1a1f502acb075c625ad99401140b841861e567d92777b159602eae27f159dcc,180,180
141,RINGINGTORY,0,16,1,ongoing,1200.000,win,723.250,62f879f036dcf04dd7bcaf590bcbf023525738a35b5326efbadbd39ce6d9b0d9,d9befe34ddb281a12953b7d1361aa8b8f3923d88eb9b61fc3bd6b34961cce358,180,180
142,WEAVIMET,0,16,0,win,1155.125,win,967.375,0ba9c7eb3a75ab524537e806dd3e1bf46509bed4ad29b1d2d2ce12b6a0a01c75,c8378323a7d083ad6284edc723c04a6542986e9ab78bdf141d6af0b0c8ba5e12,180,180
142,WEAVIMET,0,16,1,ongoing,1200.000,win,1070.125,1aa83af265cac2926b4514a96cfa2b6ee12ef53b7bbfe250d2375e20e8437c45,f6106e846543407e41d8ce3e0b8c6338b618dabbaed54119f8bd2eade2efde59,180,180
143,ALPCEED,0,16,0,ongoing,1200.000,loss,1083.625,b1ccc72ed874e3b7e961cdb0c2a2be237ac3f0c9714939212e7cf451172dc287,476a2b7d1ed989b08764cbc523755f68071c802d6f2ace4a990f977ef7145d61,180,180
143,ALPCEED,0,16,1,ongoing,1200.000,ongoing,1200.000,f21e892229ebcf9041b01250294641fd81ae667d2ea26d5a469030f571d3f497,7d34a29c8beca0b88bdb64ac576b049863a1f4a16a77ccbdb0108fe40c72ba7f,180,180
144,BADASHAM,0,16,0,win,771.375,ongoing,1200.000,a24f22ef40390509cb610f84d1c87b52380675d1f74728e5a5900621d2dc4000,5c2a62b77dacfd04ba0f86013a9a0ca96a93219971c30c6c23c1439c35a93f95,180,180
144,BADASHAM,0,16,1,ongoing,1200.000,ongoing,1200.000,97c4a992f81e0639f1e2d9c919eb08d3fcbbeb797a54e9a77ff731d8654d4876,ccc58805bfa9bb8f37cb009f2aab49e1ff34d34e228c91220f5a3cfe15a24b20,180,180
145,IMMSODOND,1,10,0,win,753.875,win,762.250,2ab32fc844ced82a6edff48a992f1379be6ac2d97fcd3a9f6f44e745b1542617,818a4f65b44775bf7539eefcf1720d651e095f4ae2b7437165e25020a531f914,135,135
145,IMMSODOND,1,10,1,ongoing,1200.000,ongoing,1200.000,115d486990707f39fbb91a44045cff130de3a1c67ae63331022060c66a9ca6a3,bd4387d0c14bec52b499824f5b48b9d23dc3afc52f9c40a38609f6489f9b4640,135,135
146,HOBYCON,1,10,0,ongoing,1200.000,win,820.250,5b87a78e504bd1f0911bd4dda322e9e6b4db4d425d998818a729a5d10cf15812,84a3b9181200230a9d324971e10e93d22f9624cdee21c07008c3532eac079753,135,135
146,HOBYCON,1,10,1,ongoing,1200.000,ongoing,1200.000,b0c8c9fa46a556ad8d80d9e39ae48c94611e7457c46b660833f25dc32df5ec04,934a4808c8743d2f9ae36b43d3cd1763d7dd73d9d964e20f40a58b17bf2f60e3,135,135
147,BUGOXILL,1,10,0,ongoing,1200.000,ongoing,1200.000,bf4a017b33b785a164adb15067aa0b8877e3936c4da3f0e64463235695aeda5c,8db758317d65a91b0f61fe5dbe6576f6a8d84e088f1a1588518a38597502654f,135,135
147,BUGOXILL,1,10,1,ongoing,1200.000,ongoing,1200.000,0f90531349f81af93062eb49697ce933ef63495d9427b7bfd43e7807b2a019f3,4b29bc35583ee778d398d9d0e8ab577808bbaec33b3f57a8fb7568fe0db4d534,135,135
148,SHADUSTORY,1,10,0,ongoing,1200.000,ongoing,1200.000,027ed05a64353ee04d3e20e04e6505a228721c52acec99d94c2fa665834fcbce,fbd9cc7406ea6c3d5bc17199d4e80fab3f5186444bafdb4343977516d2d53144,135,135
148,SHADUSTORY,1,10,1,ongoing,1200.000,ongoing,1200.000,a854577965fe1ff9b787b1adf05c96479a2a407db83789a253e1e6dd23d1106a,ed7763c1401fce7810837ccebdff2aecf65440cda8bde01f06ecc728022bb0e0,135,135
149,CORDIEEND,1,10,0,ongoing,1200.000,win,724.750,5119d429229d979ecb8fe37c57b86deba7da9619f1685a6118a60d1f2e8c8dfa,3788d32e9e2af489de41cd278792384ef87e3c3380fba9d8d779676fae9bb64a,135,135
149,CORDIEEND,1,10,1,ongoing,1200.000,ongoing,1200.000,58870d19d83482e01490f6c0b4dc2dc449dbdf3df5a6ac5921ab1e11377fa085,63ed06ec8c146c330a23d77942b8c4f867f2fcdd571a9acbdbfe335229e60b1b,135,135
150,BINQUEME,1,17,0,win,746.625,win,1026.125,d41d350fc51284fe6420aa9a1ead63d2be2495c37fd7593b31c1d67d3f1080db,6d74e14c90b9df87be03645fec37ad3c012996be1242a4d678b1a8da5b16cffa,135,135
150,BINQUEME,1,17,1,ongoing,1200.000,ongoing,1200.000,76de27997f3753da289c9a9821817cc67b2661b79f08afdd30b38f415f2f3887,1204a95860958668633e859abb4cadee558676d18cfb6c89814dba5b6884dc5a,135,135
151,SADUHAM,1,17,0,ongoing,1200.000,win,588.375,42de8672d329eaff954151e82d640cfaa0ae1c2dd7e35c06acb86dbc58d1ee57,bb9c569849c887e6aadbdc5255a495531c30d08bf74b57697971d35600fd5424,135,135
151,SADUHAM,1,17,1,ongoing,1200.000,win,997.250,1a71e6d4d9ed676d74737e74a5987caf489e2529b637816c4fec1560f8ba5a34,19272952ffe269d2f9fff6bdd7b7abb72ab577368219e7d96bec0bc2c3294b2d,135,135
152,LOWDEOND,1,17,0,ongoing,1200.000,ongoing,1200.000,4531fde84b446f002166c3dbb09d056ae4d14a71eae654b1cb7cf021b7e31a9b,be583d6760f4c42c3deb057d0f6762716145c3b7887868d95c142e8ac2b31ea8,135,135
152,LOWDEOND,1,17,1,win,614.375,ongoing,1200.000,8080b77504e14eb6797174d294f9be07eb65314032edf7196ab9405d0a66b3ae,c79c7968e073e02f61de89b825aa66d9c50540ce94140b6a9095a4a82e5ec19a,135,135
153,QAZDILOW,1,17,0,win,612.625,win,878.000,10fa817689677e8606ec0fe7c6e3f0d0830939b9084b65e973a6d9cfd3ba8cf5,94176f02c21aac1d39fbc7cc2729e6e2337408cda2628302d5cdd7f7d3cfa080,135,135
153,QAZDILOW,1,17,1,ongoing,1200.000,win,802.500,05910e07f1fccc81bf598eb93f2ebe513ccc59ed5b251b674fb850909a5ec281,611d275af827c073602658570b142bebd985a0cce08adfead22b80fd27e8930d,135,135
154,VERYWILICK,1,17,0,win,1001.750,win,869.500,52de540914cffbad25d150fca3027e82238a3c047769d4003cc1ebf7d0789e00,bf784546b6be87b16642e7263a34b22c7dcf732d9a5b29227955b8ca30ccb0b8,135,135
154,VERYWILICK,1,17,1,ongoing,1200.000,win,573.750,64673b6a5b50a752d3fe57eb770011d48cb74f2d70ce207bf50246d38b34fbd3,455545fb33cc537d0f790f650486b61e45ea315254fe65ec789b1537216c9a0c,135,135
155,MININGHOLE,3,16,0,win,973.000,loss,385.500,0ab76f115013e26c80630d4577e4ce5da5a06afa3ebeb0232a410c31a0826d92,03b72a84582fd01a6405b0d9de3c64dae7a2d0a8c0797c0277d076a5b292f7b9,225,135
155,MININGHOLE,3,16,1,win,551.750,win,823.625,2d65d6c9c84f9133b03926e3b767dbf61e50d24c9f33969ceca4df4d8e622073,3abd4040aa07d3609c61a71b02153e5a362edb0eac000312ff9e7006c9ab45ae,225,135
156,HAMIEND,3,16,0,loss,376.500,win,824.000,095bd1339a1c1dcf74a50152c2c3e57a0fb44f2e83114425b58041de9fceb1e8,f893a2901d201c04b5f5fbeacbfeb50b9d3ac377f2a8cef113d4379e220f7785,225,135
156,HAMIEND,3,16,1,ongoing,1200.000,loss,740.875,c07905aa78e947a1e23eb61f3942684e8f3e708cf481bf09f99789c3f649311a,e826e77ad875db58d5479837459d5df7eb977f2e6594cfcd0aebfa8cef6c5de8,225,135
157,FUTCEME,3,16,0,win,526.250,loss,388.000,a4a29290bc02356586d96d03807027e942939e9db45536cc787504bf885d9a33,c788f16e9a6a73e0cd548aac06411c01628046e247bf4c235668d258c5e51b50,225,135
157,FUTCEME,3,16,1,ongoing,1200.000,ongoing,1200.000,e2686266ddabb0c5cb72e6ad879fd65f5bc967eec14e1cc34b0b577f34cd17a7,5086ab553a04f6a6f3b28a2e511b7d4a8f790769428d894b949aac0b78bfc301,225,135
158,SUZASOLD,3,16,0,ongoing,1200.000,win,933.375,eabbdabd251a503a2b095609dc1f75de5b2ad2e6ec5b27a6f6bbf83459fa2d26,b3ed34eaa4aa2d79fc2679bf80fab4f385da438c1c158fa86e9f1f85827c8385,225,135
158,SUZASOLD,3,16,1,ongoing,1200.000,ongoing,1200.000,af3a434ddb056b5a4c948b6cf04674ed8bddc5534707e854a4dd748e52c6d47a,812a86ff428c61549eb72728ce3eb5f543e5f778cf2d946d11eaf618b4994e02,225,135
159,DOUSODBOY,3,16,0,loss,377.250,loss,356.875,91ae6fb8fb09524cc9218212f8be68c52601a69fb0b3a42b45c2bcb2991a3ef1,58266af9e9ae4727813c26086e7bb0963654ec403eaa239941e02369ae738c26,225,135
159,DOUSODBOY,3,16,1,ongoing,1200.000,ongoing,1200.000,ab648bebd414ff80d6386dc19ecbd5d3c18ae73a98ef41cf6c1ccdc478277a2d,518180bb48f92475d711f6ee20b2d8535fc83b641442577682b2307318740bd1,225,135
160,SHIYLOW,0,4,0,ongoing,1200.000,ongoing,1200.000,f58ed7aa6dc4034fb6d1626475f6017d172f2235cdbbbf043acd48ef6f264927,f74ecfc2e16316efab2a71ea502439c542af51e0db5c65bc584ebec167c48e08,900,900
160,SHIYLOW,0,4,1,ongoing,1200.000,ongoing,1200.000,09d75b7a17e27bbdeefd1e917fc2dabae2e9e7a35039651320f5f4c5fffce7cc,472c615ca5981ff572298bf580362cf3ac726e254115a0537517f07d691350df,900,900
161,HURTAICK,0,4,0,ongoing,1200.000,ongoing,1200.000,2eb3269ee749556d7bbab8ab9c023e15e56a5a07cf91117691bcccf1c57b86b5,524720ed42d4d4a26a2c2e963fdf8ca9a59c879f07a3f7021112c27d90624574,900,900
161,HURTAICK,0,4,1,ongoing,1200.000,ongoing,1200.000,b789f2a690aaee9cdce5bf55b3bf1289e9ec820c9a389005555333b1528ea959,b789f2a690aaee9cdce5bf55b3bf1289e9ec820c9a389005555333b1528ea959,900,900
162,JOSUSHOLE,0,4,0,ongoing,1200.000,ongoing,1200.000,b3032d6e57ea308ba4d2b53420ef3621ea572c59152dd80014fd96783ecabdc2,b3032d6e57ea308ba4d2b53420ef3621ea572c59152dd80014fd96783ecabdc2,900,900
162,JOSUSHOLE,0,4,1,ongoing,1200.000,ongoing,1200.000,f143c8edf381a34133e6b94e69300f487d547e0a85c9ca2e7f560379fc278dc2,f143c8edf381a34133e6b94e69300f487d547e0a85c9ca2e7f560379fc278dc2,900,900
163,TIMDIELAS,0,4,0,ongoing,1200.000,ongoing,1200.000,2840bda1c3d4849d000a9961543327df91b57a263a4f8c3eefdff336e0556060,2840bda1c3d4849d000a9961543327df91b57a263a4f8c3eefdff336e0556060,900,900
163,TIMDIELAS,0,4,1,win,1003.125,win,1003.125,5724db4eeecb7c022dd7642e50e3f50d86ca6cebd4dc72de9711d2248dddf60d,5724db4eeecb7c022dd7642e50e3f50d86ca6cebd4dc72de9711d2248dddf60d,900,900
164,CALQUEAL,0,4,0,loss,528.375,loss,523.750,356ac047225729e65611c0e2fde9718edde2c511d840e9491b9ad2eb1ac0e1d4,db679a82b22bdd6b335a5355b11c0bc4ed5b53fb5b057fb1d34e5e8f38735418,900,900
164,CALQUEAL,0,4,1,win,825.375,win,492.500,0d05a7394cf59c72272ab131c30b2f669299c4ad6e20f8005e3767fc08dd6612,deb20644519c8173798d8c21035523c8784b6d485596a1ca561d42fbb8086227,900,900
165,SCOUOLD,0,16,0,loss,676.625,loss,747.875,067bf13cb340b8f930753e68115a073c5687c74d9f836c0786d5e5c0ca0e1f9f,cd05b54e465400e9f2268bf711b4cadde3e18066a6e0fe212ed4c36c2c73ea6c,135,135
165,SCOUOLD,0,16,1,loss,1183.875,win,392.500,408aad46ffce9eba6ee773d31626c1afb901a46e20ec0b7df63e2e01b6c947ba,e73d084e73a39d32dd83681489f08f71ce5e0a2a7724490c20aa63763f9aa924,135,135
166,SWADEBOY,0,16,0,win,1074.875,win,853.875,05dc5fd9b9e5e8126531a5b55d024b4c4b16a2d84061eb494be33254a2d692f3,ec48890aa076061776ee271ae3b5f6473b6293d8d275249ce22a67b27a8f5a6a,135,135
166,SWADEBOY,0,16,1,ongoing,1200.000,win,665.125,d9213c4a480c03b2f6ed84657a80494eceab28c61e38f81e8e403512ca085afa,7e98ab2fe5cabd3719dc4c739fd6f5ceca3de2d25ac91fef8a18ff63d891b0a5,135,135
167,KILLOZDOR,0,16,0,ongoing,1200.000,ongoing,1200.000,edb8d46eab9ef960af72d9d79173b2b9b58b4370380c177a9acec11894d1fa00,4c0d8e1a048eda64517cb90910a17ff090237e7765d0b926216198630ee41230,135,135
167,KILLOZDOR,0,16,1,ongoing,1200.000,ongoing,1200.000,bf6a7d3ae580db8e3bf49499dd340e523e5d3e7cdfc1bf3e9b5085b0aefcac4e,c401bccef4c9f3f88c881efa21dab050ec8b3e995e9df2ae2114aa72bae7c3b9,135,135
168,EOAWILPAL,0,16,0,loss,185.750,ongoing,1200.000,17081502107212fb586d4372403e142d6d575e78bf32c47f66c60fde59c4d48b,944a65582ff0cb2fbcbe6b76de4c03902fdf85f38c2f7a5d5718f12889e75c92,135,135
168,EOAWILPAL,0,16,1,win,539.000,win,1075.750,21f0fed2de5b1fab48906977c01f28a8679ced67c7e292e6bbd9dc37011a4766,185cc5a6e885ffe50a6c84aebce17d6618017a0421159c2d5625a1ffe6d06fd5,135,135
169,BURINGPERT,0,16,0,ongoing,1200.000,ongoing,1200.000,af0b81660237903bebbf590fc7a022b34fa8066727f86de55cb1837d2c6b2dd6,0847f584982f27f3988db2c35ba7a835437b9ae70c8042072f5367bd74d62cfd,135,135
169,BURINGPERT,0,16,1,ongoing,1200.000,ongoing,1200.000,aeae7442cee5270d89059630744603dfa0a9732348f3279c23730810520950f8,9a5eab8bf6a443800ad24875c673455dc6334eba39c3d24de1f9b231d126d0bc,135,135
170,MORILAS,2,16,0,win,1131.375,ongoing,1200.000,8bcfef3e7c69a39adfb2ca080a8ac2522b98e6cca6686fbe37aa6f312acdce5b,38f5e02b80cbbbd3495f038c15de7a1c1e387177b81742ebd9e9233d28e318de,135,135
170,MORILAS,2,16,1,ongoing,1200.000,ongoing,1200.000,627db5616beff84928691e7154f8d8e4a47d671d62c443c3fa7fc1630d199188,577fc6540e5412a69cb1c8b9796c2d9aee2c39edaebae911b06be54c6532f9ea,135,135
171,NIMCEAL,2,16,0,loss,945.125,loss,1186.125,f53fb9dbff954ff5860d70a57c9585fe1f9fbb5bcb61684f93f5cacd99d60861,dcb7adde1366a9711715f18be4bc5479c99e4f1a9af4a0b32bcb2d347bc4fccb,135,135
171,NIMCEAL,2,16,1,ongoing,1200.000,win,1144.750,68b9f206b70ae3cc6ca6652b5ab2aba58594578a363709d13e2e921df0cf7a8c,319f614fca3120083e5a82f612164e286552d2436d3d301fa8e2db586e637532,135,135
172,BILASPIL,2,16,0,ongoing,1200.000,ongoing,1200.000,a18e273b7a54c1e4fa5458dfd7464d6f0b5472b799f3365534ecdd34a712551d,f70c5dfcb704b888e1b5651aaf8b57ff9dcbfcc466d8d77a80e153403c478e0f,135,135
172,BILASPIL,2,16,1,ongoing,1200.000,ongoing,1200.000,0309255116807c5ceb7f386ed39c2908335cb748718b7712de22adc1aea3ab20,791cbc88a4644b9f9012355d33f117ee96dfca1110391f6ba2dc8d0475afc103,135,135
173,RINGHIPJOB,2,16,0,ongoing,1200.000,ongoing,1200.000,6fbc112e6d4a07d8ea77f777764fb19bc869b22ba8b35322676cb140ad78c272,e907c442d93fb48d39e9b69db9914e059c479a8e226b6bf2abfbd79f619a2155,135,135
173,RINGHIPJOB,2,16,1,loss,856.750,loss,1048.875,d5e1dff995e435c2f2784ad5ed98cc3e66290d1debd283a494aa2610feacbfb0,a5709202ddbae0c4ad1d9b87ccff7995f2972af17598b1fb2e358b1aea047adc,135,135
174,WEAVOUTLIN,2,16,0,ongoing,1200.000,ongoing,1200.000,3efcad16f215020ad8e3f27df5c26f5d55e556ccbfdcc0913faf28844201ceab,520f86dbbd33b9f1a071f2653800e02ff8726b5e4a11ce788de94dacf50d2176,135,135
174,WEAVOUTLIN,2,16,1,ongoing,1200.000,ongoing,1200.000,36ee136f1247bdfe25cef619e05986b8c2388435976faf9d46b0854bb213f40a,b7303a53cfe5b64bd23b321dd67e2244218334cd9e708d26a79343cc9a91579d,135,135
175,ALPAPAL,0,16,0,win,622.250,ongoing,1200.000,304f8c7e692c7e43a5f8d9c6e64a550961793b2a6b83b1947a2b0c9146981b85,d2924a273ebdd5ba3991e747a21fc54e497ccf1b7d0a3a32f32c4919eefaa953,45,45
175,ALPAPAL,0,16,1,loss,544.875,loss,614.500,8d7cb063723a812fe8fb7f9b13b14b13c7d0a7c066d31c61e2b8780706e9fcce,de620d6ad4f9f9b35be420ba45fcab82555ffc572f363304ab12c7b26e507ba6,45,45
176,BADUSPERT,0,16,0,ongoing,1200.000,ongoing,1200.000,3bce8ad9664adfbf64a25c151fc3db76d587a2107eb3db4511111bd8f862f332,87a5c183c8142cbb139229fee8741d4ff4d440ac877e6379ca59e2a37c5ee749,45,45
176,BADUSPERT,0,16,1,loss,539.750,loss,580.000,d269930f621dd95ff4bec49a4dd2f52b58cab9d6451348fc56b0941194f8ab7e,3f7d999e891f04d42528a061588cba9a2213d77557d656747c566fda2051b775,45,45
177,IMMDIEOUT,0,16,0,ongoing,1200.000,win,816.500,9de906368e9e4d8068a84999ff5e02db3b1bd5655e59f9440f1cc00c75ff3ad0,35bc86c05c24e68d10cd3eb9e74a3eae833fa1beb0cf19bbac9cd38c83e64b6b,45,45
177,IMMDIEOUT,0,16,1,loss,585.625,loss,561.375,34368888dcc733e2d801b5ec1288b3931ee11df40ff2bfd16b7bc87b69ab915c,b96d579c8f00508ea5054d66de70bece52bfa00bc2e0b7ec78a677890744ad12,45,45
178,HOBQUET,0,16,0,win,543.250,win,465.000,052d18b34d3ec7c978205a92a03616ccda52c6e914f5ed2cd58fa8ace89bd3eb,6c5d805421e1c5bb0129e6da7c08e618a5e404e0a063c2f76785e0c56d128e2e,45,45
178,HOBQUET,0,16,1,loss,552.750,loss,505.750,1396732e3177f6b528767e9e28f0c1ffe08e5f94ac281a6ddf5bcd536350e75a,2b5984ca666aee2907f8673961af50a82a2ddbb8b7cac3ce150dcbc19e8cafb3,45,45
179,BUGUPIL,0,16,0,ongoing,1200.000,win,642.125,108f1e2a7ea1ab205eb13a73108278efc2da7ecb3a8fcf8d86ca661f6c470555,db26f6aaf0f23ba74486a5af0a1d62eda529df65711cecd92891ec7e93cba7fc,45,45
179,BUGUPIL,0,16,1,loss,542.500,loss,511.750,c11a7376be30d6ec98ef4b34974a336df0deef516b707242fac72465f3fa4c90,1731d75d8454779c3c9d4f1508a85cf1c630e0869d0b7076a7d21c0d896dea0d,45,45
180,SHADPEJOB,2,16,0,ongoing,1200.000,ongoing,1200.000,f3a7346e2f0ce06cf41a0afdc194eed4b2d6ddd43c3bebc7a9d0f6872f5f9512,e136a3d5257c00bfa762e124c6a4ae6de8718188dc2429b9ff12318bd9abdaef,135,135
180,SHADPEJOB,2,16,1,ongoing,1200.000,ongoing,1200.000,913df5c321cdd853cd05b876afcbcf4f65e1e1dd628a5a19b501804d0487feba,0d854b08f3b67613810f0fe2243948240f9ce5e1d0301539facf32b48a68f475,135,135
181,COROZLIN,2,16,0,ongoing,1200.000,ongoing,1200.000,b1094fcfe7146e06b2a88f5ca2d5c6ae29482001c6b6511e9606736a781d0c94,8996a0ec0ceb3b6e49cc00dd4caa7203058843bc6918658ae58d75ceb3d057f6,135,135
181,COROZLIN,2,16,1,ongoing,1200.000,ongoing,1200.000,b2ac1f5f413e2cf3075124e191a287ac710ad2eda9e9d47d69611c293aff70e8,a9e4fbc40935888bc755d954fea9186e06eb39a2826e6c7f524fe6c0e63a74c6,135,135
182,BINWILDON,2,16,0,ongoing,1200.000,ongoing,1200.000,8be889d2bc42bcfc24baec6f88ddfc556810af25cd9bd186a126c56e64e2895a,58e9f3422babf5cc8c509377739d9da14806fb4a02120f442a489c166bec2c65,135,135
182,BINWILDON,2,16,1,ongoing,1200.000,ongoing,1200.000,0eb74fdb29795fdb5bdedc5a31f2de97b8009d1b1f3f458e97bc2d4f2e2b9bb8,71f0dfbf630b5c4cdab773e0d41440dbdae465a01bd261dd5c864f927097895f,135,135
183,SADINGMAR,2,16,0,ongoing,1200.000,ongoing,1200.000,ba08c0784a95c9c6b549345c3a414959bd0aed47ce2cb7d9c7e49c600439578d,0cab9dd428d5c5b2a99fbf7df83473aab72a3de99c5d2c6054268b2dee5bb848,135,135
183,SADINGMAR,2,16,1,ongoing,1200.000,ongoing,1200.000,980809b1fa856f73d180fab3d074df992a25b7832f70605b965063c3013d7db9,a0a6fdbe6254e9bbeccb52964ffbec2cd74cfe505af3d52a1a14a2f4215dc84f,135,135
184,LOWIOUT,2,16,0,ongoing,1200.000,ongoing,1200.000,013c0d9870159609565d23fe8a686871720ae051b2ab653d4689a5b48322f846,5a0b4405bae6c6dae7681e25e744996ca899b7c1e09db38c145fe0073e8ea571,135,135
184,LOWIOUT,2,16,1,ongoing,1200.000,ongoing,1200.000,0532682959ac67780520bc29547f960bcd5aedac802f5436403a0557c27ade17,794391a5aa681e6dda83c33b122c130beed1866bface863ba6f81ebd8dfaad3a,135,135
185,QAZCET,0,16,0,win,585.625,win,930.875,a2e0f1ec94651d902ffd40c94710adc3681fdb28e28df68de437a3a11b282420,30197095740d13b6066cd13c87023841b9f1fc2e9bd3e25d2af74babe5d55c7b,90,45
185,QAZCET,0,16,1,ongoing,1200.000,win,1002.625,accd2b6c18d3b85b045b95db64c549c914b6f9ea9bec8962ccd0ccbdcca24ea3,0501654ad72f66c6c8e66b36b4d166f365baa4a94006e5bd962a7298d522f7d0,90,45
186,VERYMPBAR,0,16,0,win,707.500,win,434.250,259bcb8b7f6afb6735e4d5e8dd8f6ed615012e58bd64a63c641d66b5e15ffd06,51b8c85dfa6056a83e797effa0616449a3dbb3560f5223b59de4021a05a39b1f,90,45
186,VERYMPBAR,0,16,1,win,830.000,ongoing,1200.000,d4e8ef19a75e1f0d281de84a089eb36ccea815cacd7cb2d5956ff15fac08a82a,d36a9da08d23aaddfac9643f6f469098c5464b543648cb47af68814a90d0345d,90,45
187,MINHIPER,0,16,0,ongoing,1200.000,ongoing,1200.000,6d31960807786df43a0c00939601f9b71bd5b201d59c0b15a476bc02781ad6aa,ff96b049504218e9f097f440e2f67a654ef3fdaf9b1a97b4d571f1a7305627a6,90,45
187,MINHIPER,0,16,1,loss,605.500,ongoing,1200.000,0a2235dc9f4a462f760aae02d3bcd3c0c008a19a2cd3e012855a6339131f5221,abf111f43ac63df8e7e87c3b743aad9f54d8c41be661baeebf9705c07251c3a4,90,45
188,HAMOUTING,0,16,0,ongoing,1200.000,win,1038.875,2198e156dfd7c0eb43438604d44ba20663caeaa27d77fda086b89be2a646909e,634b09ae80f824b50a8fff2ab72a976147c1375550a93ca0765d9302bbf66ceb,90,45
188,HAMOUTING,0,16,1,ongoing,1200.000,win,1198.375,0f3b0d2889ad11ebd1a2f4b6c1996f6470aaebdadb29ebb422d8e0e11c4cb217,d5a9919ff5927ac1c93f89ffa066012f08536e51ed86241d2e5725e1a91a2d66,90,45
189,FUTADON,0,16,0,win,305.875,win,841.250,caadb2c969c33d6899ab9345921280d81b30f4d577adde442e353a507a1902d9,d77cce54ecdfabdc846c94764d7c55106f4368312f43cbab9790467eba5c5c88,90,45
189,FUTADON,0,16,1,win,948.750,ongoing,1200.000,54e33d5b359b84350ba706ae40c36a92a90d98ae5279a6234c05d2d8685e7c98,586f833302b8123c6a1ef694c61238aee707c22d4d48916b158264364d0a8eb1,90,45
190,SUZUSMAR,3,16,0,ongoing,1200.000,win,1133.375,9bd158894df15c30244d123989647e246808f8e6247c8336304c1c3f3398c955,974a80734f89a836731296769b0287a219223e2a86d0642462b4a0ceec5e2705,180,180
190,SUZUSMAR,3,16,1,win,1083.875,win,986.500,70a322a8189acba6b271e41016143fd1989d387aa7a73905a729368413aeedd1,7e67d80aa79cb58c8f56f95a81a40e366729346c529ced02e2a19542e05f5ba1,180,180
191,DOUDIELUG,3,16,0,ongoing,1200.000,win,680.750,c986485195e44b0e477ff5bd57d0aaefa9db000d4a7c1c1fcab5c0fa0f078664,97d2c66ce51613c9c78c1f4193d3ad0abca769f771d0b4cb50bc2a6cf30eb8ae,180,180
191,DOUDIELUG,3,16,1,win,1020.750,win,759.500,4c3a869b960311d0dd83c07c10600c3217aaa4f565cfdce48152be309628d16e,913e7064b892b82486cf699ea40f985d9ac55845e0bac893342c2db10073389c,180,180
192,SHIQUEHILL,3,16,0,ongoing,1200.000,ongoing,1200.000,31a112cd607391183dda492eb67b0d4a2ba3f8cc9e53bb83fabf1f30a925d8b0,c1f0a4ba2a8b931b064fcc90a766d6d4016ea3aa84df3bb84aa2f52a002e8e61,180,180
192,SHIQUEHILL,3,16,1,win,480.375,win,810.250,779f941d4186285af24e2fa98bf4508a7a764370fd67f780b9b945de63969ecb,deef4fddbe2503e02dad6b2c1ff749ecaf562651a12c5869c854f82542df6a89,180,180
193,HURTTBAR,3,16,0,win,979.875,win,707.250,b8e83b3f699f594dde05d90ae1b357ee05de9d418c572a860bd3f63b208583e3,6ca4edcdfca9ebc5a1f556e43b983543ca260be215da52b010c7eaa1394befbe,180,180
193,HURTTBAR,3,16,1,win,552.750,win,751.000,e6d20a72c0db3f73b3974c64819900ebd64443d879340c3004441aa246e2b4ba,e5f443b370029c61e0d8547f7688e27ac50ba714f1b244fc94717f4e3bfa3a87,180,180
194,JOSPEER,3,16,0,win,1067.500,win,721.625,ac0ca4a1ba9723023f325fb28fa6b9afbf580593193d5b75c173971037d1717f,0317e5c60e81d7ca4beb6af7f4cb80e3b41def589e98950054614be35a78a0c9,180,180
194,JOSPEER,3,16,1,ongoing,1200.000,win,665.250,fe9f90443940bc9c9ae6411b0f29b5684a6d1a90f7cfa03ce91d95e67741bd61,fc9a3bc9c3367f36263a5a99f2ce2c067280cb603e27ae1b6c4ad9251e04c07c,180,180
195,TIMOZING,0,16,0,ongoing,1200.000,ongoing,1200.000,064bf8a74d3ac772e1f8cfd14a4f4b5645e8356e6cc6741cb97a780668496aa8,81f93b600c696f455f88ade5621a0c13d17ff11690bd7d91b5eb493ce5748a9b,135,135
195,TIMOZING,0,16,1,win,550.375,ongoing,1200.000,f7afcf174e9517da8b2baf5d068db391bf8773d17576e419a0faf68be37a4e47,ae1d5a1affabee7c959e3fc56c04603155b18dee199f01af1dd234a0e10ed6e0,135,135
196,CALWILORD,0,16,0,win,611.250,win,585.750,2c1f7f209ebb781ace96ee7d84598e6808b3d45aeeae7bee899d4ddc4c6cf8ca,5642adb498ad2cae62e687c2061bffa71274a1b99c48eb682e9ff4d9a151d804,135,135
196,CALWILORD,0,16,1,ongoing,1200.000,ongoing,1200.000,aa26b4eb9ce7e03e32b7dd8fba614e7c7c8dea3e1d2e04f76189b332b71f868c,ef2d51b9a1ad3f9b76d62247951d7a12b15975bed36f802298717b12a066fb87,135,135
197,SCOINGCON,0,16,0,win,938.000,win,553.375,7ae7e740061b57419a3e1f1424bd128039063635c36d5fc797924966c7adbb79,1c02ec8ab08bf6c4cb9fa42b98d94583fd8df1e66bc74825216906760f34a894,135,135
197,SCOINGCON,0,16,1,ongoing,1200.000,ongoing,1200.000,4ccf1dc84e84fe2b7c8de1ca0a93673aad62f4d3dda3c24d78d759de53aecc60,ee94725ab3686c6d0315eb49d30122b2e771425b284a28ab74ea2fad2522c9ee,135,135
198,SWAILUG,0,16,0,ongoing,1200.000,ongoing,1200.000,bbf58afcc9838c64569037b5c5f4ec4e02ae2a442cf79848b0f968ca76ae0de5,697f9a4872fc231851757e766c7eaca758e06fc95d6094260f72b5ce39f25264,135,135
198,SWAILUG,0,16,1,win,601.000,ongoing,1200.000,a5f54ca07c8b4b33578f27ec46b0d4180d5d85fa87b5db0b64a979b6ceee61bd,9937fd1e105db6e7c452c17dbb052fce843c96b4ba1827b2a4b132035cf5c58d,135,135
199,KILLMEHILL,0,16,0,ongoing,1200.000,ongoing,1200.000,26cb527e65d9878a561ed58eece14f6767f052714a07b080423303501e569730,f9f758c6e39838c48e87d7942a0be0bff92aee3c25bf414aa7921f5059a16e12,135,135
199,KILLMEHILL,0,16,1,ongoing,1200.000,ongoing,1200.000,1e56b1b3c92c8339235a0a305f25a68ed2f696a2d045c07f5c62e58e3af256d3,caa672988608a74b737d08852eae84e749c71aa248396e40048fc8487a975399,135,135
200,EOAMPMET,2,16,0,win,971.375,win,678.000,abca4b16dadfd5b8b3e31408116030795d7839e6f5078de6200cd25c0796d0fd,bb02e65591673e1482260b038b5e805a2d99a1bad0749843305e234bbe2cdca4,1350,225
200,EOAMPMET,2,16,1,ongoing,1200.000,ongoing,1200.000,466cc9d1523a4c428635fc9938cbc86197d265eaca55a2751be0849c9010232a,79263501767822035e56d661e99aae909fb30068a638aa5399cfa896906d6f0c,1350,225
201,BURHIPED,2,16,0,ongoing,1200.000,ongoing,1200.000,b1dea45d35a3807d8e3256ec38c66f775f6ed32140f820c0f2596f9c4feeccce,68efceb2ae8ce2e3e26869f7ba03bc15bea5b34878d45e815b88abc20f79d610,1350,225
201,BURHIPED,2,16,1,ongoing,1200.000,loss,619.750,ff7a717f32dba2c80561d90129a8dc6f78c4ad89d12b2539850530da00c83522,1a5aa8668526753d3b95b917be139603991cf8a6025ecfd4d9b166b3fa4825f9,1350,225
202,MOROUTHAM,2,16,0,win,1107.625,win,721.750,2def124f1ba4e601de3c29d0b7d062f6e1f6cc58a32b9e81c973261c12f022d2,deb4f0d1eb400ec869e245dfd8f927780272806a2043157553555af0bb430d49,1350,225
202,MOROUTHAM,2,16,1,ongoing,1200.000,ongoing,1200.000,9938e560c1350f387367549db446e171c40d6517283076a5a83df5330bc2cb23,00337812966db57921b454a50942daec1b9f1bee6bd98ab6d41e4be686a981c9,1350,225
203,NIMAORD,2,16,0,win,1196.750,win,784.500,53adb9ee69a70d2ed5219cd530807374af9bb54a88d7ae77253a46d0e4f55b06,9cd3ca9bb8e5d4e006e585dc0e0439d80c80c43c5403b636ef0238a494fc674d,1350,225
203,NIMAORD,2,16,1,loss,522.250,loss,1197.750,6a0a6f7dda981fb204cb24f1a8afcc8f6989fe47b5577e1b61cc0d077527872e,9727a8bc8183a3597f966cb3dc88f5936a605c6ba238df4d8c56e882ca220b09,1350,225
204,BILUSCON,2,16,0,ongoing,1200.000,ongoing,1200.000,55b8b5b1473b4594237cd9a253bdbc80a90075d8efb6298fa4e6dd9de8098082,d7003d897ac116831c08658f66d72def7694cd4ae15553e005a9e8f0cb1f2586,1350,225
204,BILUSCON,2,16,1,win,952.875,loss,1132.125,630e82fc2c14e859d4debb1102f407e7f86b825f141c477a82c906e93d826539,6f640fb08d60ffb05456fca0b221a91fb410227b7e2c90ecd3559e8d9b448507,1350,225
205,RINGINILL,2,16,0,win,686.625,win,348.500,5eca8170e7dfec83ef393f4f7d287d86c64a207f84f931ebdbf4cf2c735b5adf,2e881d882805a1a58b090c61cc055737d28c123f5234beac95290a121ca4a950,1350,225
205,RINGINILL,2,16,1,loss,688.875,ongoing,1200.000,cf25ae440f948d89699e5000ae56478cdf5a43e085be34af02ab5b425d2f447d,c50b67476a7668b96278cbc6816f265971f364962d02a564dab35a00e9a7596d,1350,225
206,WEAVLOPTORY,2,16,0,win,652.375,win,872.375,70c2f3d17b769bf6020b94e4374f29bfd09ca7b61587e1036f7fdcc1f0f16b04,1bac6af3546dbb09a56595443cfbf008c2b0a3085adf02bf2959867891cb1ca5,1350,225
206,WEAVLOPTORY,2,16,1,ongoing,1200.000,loss,629.500,4d7d9bcabbe5833d6f2b1226d0ee7e783b1dfe001d3bacf15dae6dd9de0388ae,ac948c6d67a22adabdebb82cc74b6fe4135b66b0a954b637040ad806483e3eb7,1350,225
207,ALPTMET,2,16,0,win,783.625,win,537.750,d382247e2e8e8cf9ea12af8b3d6bebf8ebcdfa50a8c61c274214cc977b192036,fe2731222bdae45c62013c1fcb0959d56555427d8d9f5abb445da65bd561bb8c,1350,225
207,ALPTMET,2,16,1,ongoing,1200.000,loss,601.750,03644cc1686898e0f1b63f8ca70cdd7a3c928d332048201effb05177a60fd0f5,55176ebf3d09b8d5b773b436cbf49fdc10fd485aa44e5779c4aed90d75c259da,1350,225
208,BADPEED,2,16,0,win,603.250,ongoing,1200.000,927ccd5f3eb022a0ba6b0c585bba08744ea4df37167dc9ba4d370cc9b374183e,f5dac000c02e08933e8b4744d45a5d7f8e339f9c5ca031ad00a828fb536aaea3,1350,225
208,BADPEED,2,16,1,ongoing,1200.000,win,1170.875,44896c51a88c3457e2fe84f2f051fdc27a26313c46c47fcb35c36d5ec82c0c08,86440fdc66d9095bac848fafbf68e39e31082d5c5859a334b86e55921ffaf7e4,1350,225
209,IMMOZHAM,2,16,0,win,879.000,win,666.500,37ce6c9efaaca52900a0d767df266485a4c58cbff0d9aa642eecdbae6399a433,e97e36484d4791695b196facb1e94437204a705f221346e87a9671ec61f34920,1350,225
209,IMMOZHAM,2,16,1,ongoing,1200.000,ongoing,1200.000,0e37cf2ac59a839919f770f4979b82d494d159d73c36788bdfb7534513cb120b,28149d36e76418fdb87467f5669605d192acac8fef79bbe61d362dae26b45bf8,1350,225
210,HOBWILOND,0,16,0,win,1085.000,win,814.625,91ccb4e006637794aa357da0e2478b55feebd32ecb560f7043e9033f19a847c1,e7145dcdbc9b199fa42684904ef5b105636a99e656231e014d71c7b7e531f5be,135,135
210,HOBWILOND,0,16,1,win,890.500,ongoing,1200.000,c149634826a89188835d0fcb1666e7544cff93834734c01e9979272905bb06d2,6d225a8666202383ebb33f856276e4b6bb9cd192005c268baa6bd07b7b94fb2b,135,135
211,BUGINGLOW,0,16,0,ongoing,1200.000,ongoing,1200.000,3c081cc70860f9ed5d375e54122a099c4d1b6a40e9356610270907a9167e419c,2da1c1400f7d033be23fc9cf6b3c10b478d1a290e8aba9e6c7f3a2ad0b9646da,135,135
211,BUGINGLOW,0,16,1,win,728.750,ongoing,1200.000,7e384056c2f003614573e674daffe2ddd7e61bbf76e15c525fad28bca1fd5bd7,8b84157932f71fff4ebe8f6ca683ee35920815999fe6511a3a6115f7cf12acc6,135,135
212,SHADOILL,0,16,0,win,1163.375,win,762.625,39e29ca7a6a2ecdeeb65b4ef12d201309467c74c484f8b714ee3404126fee9e8,fe69b1a1a1cff5b4aaa1cb1d48f5b1c10730f68399312cebfb9c48a7ac6ddc84,135,135
212,SHADOILL,0,16,1,win,871.750,win,1039.375,07e48401a86d9864916d5137569b80b2714888532753811260cc4b59ecb3600a,2a045a19f9f11328dc37bc6cc938d553d85ea8de871ab26ed650707bedae60f0,135,135
213,CORMETORY,0,16,0,ongoing,1200.000,win,663.500,b15a9ccb445e979cf8ef8c9b6dc4aec0bd6e330d02f8488d6566c27e48327727,073e9fd63b1f9ae087ea9dc084ea9252caf5751e1033377c5bea040e6b0d4c52,135,135
213,CORMETORY,0,16,1,win,1042.250,win,660.750,3cf532b410e9615e1c58d9c4c18cd761d822d8f726cdb4dd921b7352fac2f6e1,e0d2e34b21ca1ef40d4a6c877e1fb5484318a180d75b3381d5021ebd0f4e012b,135,135
214,BINMPEND,0,16,0,win,783.000,win,634.750,a84487adf4b91dc5b9750ff2ba34ea0b5c409f83ea6f3973a363eb76de6c1227,7f29d084c56529c4350fc2f4698bebfb55ebc5ba53d2d043705dd096ee2ab163,135,135
214,BINMPEND,0,16,1,ongoing,1200.000,win,855.625,87b759a4bd4e76e254f42a585d94b6937daab8df9b0dfaed92585b42b3d075c8,6a30b61c8e012ecf7e8b79fd14f5448e7f9964a6e54b534353e67bb6a6b42e41,135,135
215,SADHIPME,3,18,0,ongoing,1200.000,win,963.750,28d309beabe008f6027d84644ec481d95322fc3795df3d4671868daa182233b0,495f81ee73b765861a41b2dadbdc35fe53d9313be6262f4423e55c1ec5335efb,135,135
215,SADHIPME,3,18,1,win,288.125,win,431.375,8ae151f98fb73ee3c08f1ab95aa35e7c8d44bd419980a025ae0ce4b8649652ba,ba8e5a09cf37bf8b8afe3e1485226c7819400ffdec48af86e39af1b0d7c9c0ee,135,135
216,LOWOUTOLD,3,18,0,win,639.875,ongoing,1200.000,94b2eccdb123deb65916cb8c0a446af133ab456d5ed16fe3d595308f25fa3077,ebfc233e04f6f7913508476d0eca817fc3382aa9a785e264ed8d84352e6f3db8,135,135
216,LOWOUTOLD,3,18,1,win,252.625,win,269.750,a13867a3ed6475fd6bbae63ca7c1ded43bd57e0531120a68743fcc346401b9f4,70161d5e9c2fe7257f60946ceb191331e6317ee3afa507e4f7a4f4a99b0d7448,135,135
217,QAZAOND,3,18,0,ongoing,1200.000,ongoing,1200.000,63768b204dba67c3df93ab76724be5d260e5de1483d291a7002406880d1d6099,efacd7798f6d4b0bb66aaa37c6afd6f1840a19c5d29f5c486376582779567953,135,135
217,QAZAOND,3,18,1,win,242.750,win,257.750,90fa67a8ebb8771c1196621407ed3c448106d0e4f3b7495c15e4a6dc39cb681d,1396f035baa6267b8fb5a7ededc2df45e70260d01b4809ce14a687d2b18d5fca,135,135
218,VERYGBLOW,3,18,0,ongoing,1200.000,ongoing,1200.000,adb543c88a312829d8b9dfca0832387bcd15316120f2b2003223565209c62205,225b449276e732178f23b30b833ef5b5741d8032e07c193dd62cdee5104a6f15,135,135
218,VERYGBLOW,3,18,1,win,295.875,win,303.375,4e077db590ddaa2c34bc9e60e5e7f5571b718fcc886b7c3bc2eaa9afe2b89e3b,f3e18cf82db9ec3261d4c532362125271fd57df47840b356161a5aaabb39ecf1,135,135
219,MININICK,3,18,0,ongoing,1200.000,ongoing,1200.000,cfe61a7f575f8aafff74c584aa1f45b2c7a55d99e01cfafd8da6106f6801feb1,bc7c0c004b4f0dff913dcfca17a00242107c42b27b0b66c5829502902ba06914,135,135
219,MININICK,3,18,1,win,464.000,win,258.750,ade91f8244ace8039bc6c74d58b0d5a844072047cda96f36984fbdb7c4e76070,801f9948e35b147ec7a9300d675091882540e61d51005992c89c0b2425617bb9,135,135
220,HAMLOPHOLE,3,16,0,win,863.500,win,695.875,af996dfd684747d19e7ec0263f0e89d36c32fcbd4f1f48da845d3124bc3e4421,0a9d277c8a7ea62b9d22b4e5835fb67a4fd327edc44dcd8c56584fb27b030259,540,900
220,HAMLOPHOLE,3,16,1,win,835.000,win,327.125,717c572a15d33c936a1a86e897e0a8d62e0011a12af66332894f714d3a937b8e,034d9c5f5268090d4a2200456610479eaed6058b34909f037e039ee691a8ee4f,540,900
221,FUTTEND,3,16,0,ongoing,1200.000,win,761.750,f790a7a11fba93ef0c5895a4dec42c4f098651629351d1c8c039e9386d833d93,ad3e08eb0727e892c4c78870cf0b6eba72f9d75692da3aa50a52d377e18ff6e6,540,900
221,FUTTEND,3,16,1,win,500.000,win,474.000,3f89ea27002dc43e55a6354ae58034c1dc79c936c42133c9afd1c9707aec1c07,05f336796aca39424133574563d1bad296a5f100bef63580505db1bb8296a91d,540,900
222,SUZPEME,3,16,0,win,867.000,win,659.250,b09c39734bf997704d3385915be5e87cf98712bcc1877cf49788d86cfa7c17d4,e92f4921d2e997bad763e3d0c217d09991b1258f4766ee749cab77bf2b486fc9,540,900
222,SUZPEME,3,16,1,ongoing,1200.000,ongoing,1200.000,c5056b296c0e789952c444158fb687987f945285fe5fa59c34ee78f5aa1275fb,a56eac2c887083e68d387450addb9ef6ea9e8a0ad0aaf6a2b267f5d6e3503d42,540,900
223,DOUOZOLD,3,16,0,win,724.875,win,758.875,f2a24e2c664d9bb151591c550a54058bef889b731b19e5e2803965be8db71113,ba271b39e224b32dd39e77a7d4dbd26b67ee820062aad718a2f3f49d1e979af3,540,900
223,DOUOZOLD,3,16,1,win,792.875,win,528.500,31ad0d912fe2c14ca99dc54572b7bc77791b8d3d4a2168bb1aea6e33a307bf34,a191c94647c1fdcfb11dc93d0cda6c90f761ebd50d37d50a6ad818491bf20ff7,540,900
224,SHIWILBOY,3,16,0,win,695.875,win,802.625,ff09c3b8a7a9a04e2205885e3e7372abe824912643651d073c4d71dcf42e9c66,6b55185e9d5e3f6806de8d8231306fc72697663361ff7418bdee2e42d682a858,540,900
224,SHIWILBOY,3,16,1,ongoing,1200.000,win,711.875,2aff005f03a3498ce94433539f1cdd4f44c7bc887d3ceb8a4d0654fe20180bc4,d4f599306f74574ef02787de234c166fe23e6bfd3e70f3487258d00a8196be58,540,900
225,HURTOGODOR,3,16,0,ongoing,1200.000,ongoing,1200.000,9780db41c4c065842cd6ce16d2cbbd3c4d888f0fe4b1278e0a05f246b425528c,9ce3de9cad8d7a5b344d16b92b066a4675902368e9e7e1b691aade70073b77e5,90,135
225,HURTOGODOR,3,16,1,win,1152.250,win,903.875,e45ce2050f1e79a17d67c42b92358ca22ca8d5c609941c355934bc49fa3f354e,01a0a6f4b76b3c759df177e9daa015d80e975bdfe2f83c5d69246a77c1536b13,90,135
226,JOSOICK,3,16,0,ongoing,1200.000,ongoing,1200.000,35672772f5408afe1961a1142ab2c51318e6cacc1e9eed0b1fb2593402f6d0f1,42b695492475139461ced139a0465200173da2ceae8187a55c364a24f9ed0755,90,135
226,JOSOICK,3,16,1,ongoing,1200.000,win,1165.875,ab39307b005280e0b8ec7f9a03d3c6894a2660ef22630f21eaa384c4f27db621,fb1a86546d5bb7ea1ac5643512046462315e9b0c183e785c1ad8b289f600a288,90,135
227,TIMMEHOLE,3,16,0,ongoing,1200.000,win,809.000,33570f327ed782578c4bbf7b37f774edc82c965b83891c72d33b78794854ed6e,2e8ae376283a7768f2542c64500c0f54073f5664d85be9743705e19aaca1c838,90,135
227,TIMMEHOLE,3,16,1,win,740.250,win,461.000,2279a5a592a8a5d6554de3e1b0636b077ac061b786f2c86e3af5dc056cc2cd6f,615a4c1f53c2ef536e6a0511b769085091563b151aca33a6572280e86b604923,90,135
228,CALMPLAS,3,16,0,win,1193.750,win,882.500,7364ff3a92b8f0e8da492f8d7a5fabc9df8ea3880fa265c660ccec4f117889f2,5df0fcd346b7d77ea79fe42685da0f6db7471442d5ab0225964e9b082025ef94,90,135
228,CALMPLAS,3,16,1,win,827.750,win,565.875,13344543927370c28d42a1028761f59420f498ef9897404579fc94f93eb02902,cd6d3fc91e5cc843512f162274af995efec291e426374f5d822db8177287ab40,90,135
229,SCOHIPAL,3,16,0,win,795.500,win,803.625,36e46dc512022fe0b86342a3a6517f951412c25a48c4fa12f71577ce9387a1ee,546c411981597f7d9c71800b7cdff987bb53d2c33ab549deb250778e151121f8,90,135
229,SCOHIPAL,3,16,1,ongoing,1200.000,win,665.125,26ee13732295a38ebc29cce739ea22ad56d3b73b28da5c1b494ee9c4ff768a0d,d43e78124856b866e9a3d6e5ddc3a5fcab2d92fe1058fa84e66608ddf8e26018,90,135
230,SWAOUTPIL,0,18,0,win,824.625,win,1045.500,c2a33998d64da02a806faad7dc1e8cf00b3e980223af3bfdbfebbf47498870e7,a3dfd05063f5c4f02807266b7ebba55f7e3a691743de8d80ae0709a98b8bf220,225,225
230,SWAOUTPIL,0,18,1,win,695.375,win,757.625,de52ffc12e0bed2d53c0ca261f0c4c538577027d4cf5b8b65b067412997a2575,d81d6800d5073304b9111e480737230954cff67916af397769f33167f2b73636,225,225
231,KILLEBOY,0,18,0,ongoing,1200.000,win,852.000,76accf6ecd870ae5da54f5524fd75fd13bf122a0b21eb4af0fe7c3db9b38a8cd,376245e2dd35851322501e40c0b461ced89a8484f719c8881b8d2a028b9d8087,225,225
231,KILLEBOY,0,18,1,win,766.125,win,897.750,f0496b71054b8d4b7cea7ac9637d2a2ac216276b6e0e119b178449a2f6564176,ab78f35c97cda01699e36ab03d378a244809c88d538e67f446c0f610a252d78d,225,225
232,EOAGBDOR,0,18,0,win,909.000,win,522.875,9bdf9f375401a977ce83f1f33f1d7eb7b300308feea3ff2d8204572fd76d813c,a323407062b11c97486125b8468fa141f12eb88191f367c691d7ffde4b865e33,225,225
232,EOAGBDOR,0,18,1,win,1108.125,ongoing,1200.000,a440576a0586ac973cb77848624c4d4d2b2dc580e965fed6c3e42ecf7e330e10,093648cbb847c2693b76e3f2d13f7b0a82bff39e206394026deb65f07de305d1,225,225
233,BURINPAL,0,18,0,ongoing,1200.000,ongoing,1200.000,2759f57befc5b95722ed04a58826275152c842e758407bd4b20822212b33bb57,0c7ffca3fceac4f00b48ee97987e2e2d962297fb97e971390fcedfc0c7a45c05,225,225
233,BURINPAL,0,18,1,ongoing,1200.000,ongoing,1200.000,7efadb22b3545351fd41220a22ddb5d779821ef46994730fad8ebf2a5b73e20d,e7dd6e918383898b8905d7628640e1ad39777412d7dd00851f2bbcc19e840913,225,225
234,MORLOPPERT,0,18,0,win,986.000,win,1148.875,c07b6f96869a1aa1a9809df8cf8d621c89307ad77e392082c59de41c1e7a4bda,38a9c2ee4011ea5f3111d7f4d5122a78bdee82387f6269584897f76945190e69,225,225
234,MORLOPPERT,0,18,1,win,1169.625,win,933.625,63c519d0c71870d9ff0430065baac7a02bfbcec90b4e2627acab831139e838de,cfb0b3fd98cdb69e2716b1285cfe90f0eba20ebf87973d52e1408dc893999fda,225,225
235,NIMTLAS,0,16,0,win,798.250,win,1127.500,ab3dcf7f650df845394e1812937730522121a14b5bb120e4c9ed57bf71f974fd,1ed0baae840622eef0b3a871bb58a5a718017477d750e43739a7fe0f0f8b4dad,225,225
235,NIMTLAS,0,16,1,win,1170.000,win,1016.375,da4cdb5cc4478b5a34faf7ab0f44b26a3d41161a6c44ae87c7e1384f1db8f67e,aefd986c483e36dfabd41e8eadf0c0180cfc7d87aec14f766a23826b83f8fa1f,225,225
236,BILPEAL,0,16,0,win,935.875,ongoing,1200.000,6aa1c5218a9eb63b2c9009b24bfd3b7611ebcde87937dfdbe0dbd30d808f32fe,02a02767f5a14f2e814410f3654af80a8ba6f7d66d5b61d99e07b8285ab4d4d7,225,225
236,BILPEAL,0,16,1,ongoing,1200.000,win,1023.250,f2078f0622464172c8bf8799cf7771a471297668bf11b0bedf2d1a1de2daacf5,e689e06f7cf0330c75cf5814b4fec22afc95682eb71ace8c34927af31e45d94d,225,225
237,RINGEAPIL,0,16,0,ongoing,1200.000,ongoing,1200.000,d043e87117a47530a79c3b68447280217bc580fded990a059cc69bb1da9d8405,ddcedb1a22c4e6d2ed257379161aec53b1510a50e166932828d138f26e0d607c,225,225
237,RINGEAPIL,0,16,1,win,610.625,win,985.875,296081b9d8de35113e3b17766fac2d4e0af7d86b64fb3af92986a5e3b5e59ac2,b214640239c594526122133953693bf01786114b25b1fa2944a186fbb64197ae,225,225
238,WEAVIKEJOB,0,16,0,ongoing,1200.000,ongoing,1200.000,2dfb18356dd58c254a4e411dfe4be06ae54cb737f32f63c8c4b65c38ced32749,c5d6689acc7a85a443834ddfcdf824b20f66597148eb64a85206d0bcd71264d7,225,225
238,WEAVIKEJOB,0,16,1,win,820.000,win,1162.125,be22fa75efefcfa59dfa3bb4defb9425dbc2b27e8a76da885483cf189cb8c1a2,50a6ab8f3ed15bfa1e56a976b859d8924d97fa2794b6972e3ae5d4e11e5bdd9c,225,225
239,ALPOGOLIN,0,16,0,win,662.500,win,586.375,cc63fb4501ef9f9f64470a8d53a7e180afd1ad8fb5abe4fce619da8056705ddb,55bfccbb3b6f62c1a1c2fe1b71b64b2f475a54393fbb679194972c705e427630,225,225
239,ALPOGOLIN,0,16,1,win,926.000,win,882.625,d9f6e42954aa942b1e22c95d3065a4aa2c1a6dc74b28241b93f31bbb159cec4d,ba3841f9e60e5a0395ce7d345ce5b694f08de3a69bd6c77a4b29626ee216bf05,225,225
240,BADOPAL,2,16,0,ongoing,1200.000,ongoing,1200.000,7ab06077a28a07e3977301efbecd5b3f6de9d739f6b2908cdfc72c8f9b38d031,6a4084ed226fbbc538cc4f4a72f70e2dc42898e7d1b60de1a10d185c01782bf1,135,135
240,BADOPAL,2,16,1,ongoing,1200.000,win,886.750,2d2b32bd2488923429690326814bc5d2b0b6996e6f9836af06932991f3dfed53,0b29d9f4eedda57390c9eee2f049b22b4f6b98cb1cd2ae71486832c39110c74a,135,135
241,IMMMEPERT,2,16,0,win,1141.375,ongoing,1200.000,515943fd8428612019df6d8f951045910065401a416fd75a7e02dcaf380afadb,bc2ce86c148ae9849e2068ef922f031b136803b1ba6ab4e2894713aad571d45d,135,135
241,IMMMEPERT,2,16,1,ongoing,1200.000,ongoing,1200.000,bbff42b8853f98d7964130045b9d86a4abcf05b06d950ae290838b936c8b7119,1ffa5622e69f17f5bd6705df117b2bf3571eb3e75baf2565f011d88e849ca8cd,135,135
242,HOBMPOUT,2,16,0,ongoing,1200.000,ongoing,1200.000,60731ae57285d11780793bd3077512f23e423e9cf44f02bc6b367dda6121a1dc,af5427e2c900c20d9c3393b66bba3d8e636c600d2eb6f9699713aa643f618949,135,135
242,HOBMPOUT,2,16,1,ongoing,1200.000,win,995.750,ba4dcaba1f659b8cf82e98a017f3fd1e6c74399b6dd48d8660243c704f817916,531945ff8909f753102772f351ced37ca7e843883cf958aa2e97f34c70ed9409,135,135
243,BUGHIPT,2,16,0,ongoing,1200.000,ongoing,1200.000,6633f55a585668a1264a02ff4583c19c86428e4f513dff369e2cc380164a1eb4,d13287eaaea3254bf8cc6e03b5588925ffa632d4c82970aff4a1402d1f4578d4,135,135
243,BUGHIPT,2,16,1,ongoing,1200.000,ongoing,1200.000,af33937c332caea27a19a6f41c19211ec5feb5441bafe39fe02efe4ff3fee3fa,f77676b4c136673ac525c9212e7fd5c3a27d36db6fee604c62761cfaae27665c,135,135
244,SHADQAZBAR,2,16,0,ongoing,1200.000,ongoing,1200.000,6e37dc28306d12c0d65197a5210a813e710ed2b06de2e8d9886337105f5e193e,e09a0397494b140ea637fdb6a2b91130284ceb9f8234cd34f2322c8f80bc8c68,135,135
244,SHADQAZBAR,2,16,1,win,1034.625,win,868.125,c3fd83610f0454850c1562f85343d74e6892111798ac52170cf7877f7b838674,18b42bd15aeb4ec267906fc1a074dc0b339369d3ec2a6cfde62625b8d77081e8,135,135
245,COREJOB,1,16,0,win,987.125,ongoing,1200.000,114381532fb2b103125a09a6776ddb2e2d3b6eccc89842118f37cb29a16d67ed,cfdc890dd24bc2be08a7d230d548e4dae4ca71a73be680964d7f5c067d39a5e7,135,135
245,COREJOB,1,16,1,win,719.250,win,969.125,7bd41cc559b90b398cc1656e89c7f870d11edc3dd05e4e1ac8f59c2e4cdbefc2,3d5dee0eb05a190a7a40963073213245dd17110c14cf787da31c4b4f1695a7d4,135,135
246,BINGBLIN,1,16,0,ongoing,1200.000,win,751.500,a5c51c1767853366d2376924651b20d23f77e668a76f3cbebf7c76aa7f6caa46,5ce84e33415f4d37a7126de68a1df93a107f54fd4f6f87928af69d3051e566b4,135,135
246,BINGBLIN,1,16,1,win,1109.125,ongoing,1200.000,9fe6b785f557de49de7bf0589f96e3b914aeef934326784c45c6bc185f9f6d3f,4be11c2a1b9fd9f24afbd556f14326bd061ba6b93a563915494226060343e3da,135,135
247,SADINDON,1,16,0,ongoing,1200.000,loss,534.750,cff3859509e12aa43388021ac93111a180a0b915850b8d404e27a8843d8f7387,0fafecf7511d7a777484792cfdc84da7b3c70a8bd9289a55f7f8f05ac403669f,135,135
247,SADINDON,1,16,1,ongoing,1200.000,win,441.375,030af14bc1c08173d353464fa36c44f470e198fb19ebf44e243ba2c78be41e49,c44b1dcee6c3f8fcd05b73ae9d3a15d19a54e36e390c20ea1098a4cac6ec54f8,135,135
248,LOWLOPMAR,1,16,0,ongoing,1200.000,win,1147.625,76b42c430e43cbe062e10728a55b628c0aa1be8de678e3ac83f75f76c5fad052,2b225d063938f473d5eed5a3e475d9d41e8ea6d81ac5c370f3b9f3a4d38d5607,135,135
248,LOWLOPMAR,1,16,1,win,723.125,win,687.625,239a0f16515a2e91f13d7edf9e82b80cb00c169b9551dd763627fa80a33f6f4b,eead87cfb7d5cdac81a413f8d4247f445073142c778f4a3c7b44df832bc2dbd9,135,135
249,QAZTOUT,1,16,0,win,488.375,ongoing,1200.000,bee48ba69f4c982ba355e793809333a6345efd934df8fde1efdcf1e605d44231,3f55621140c2fdc1af361fd4440de705e91d4b04559c90a3b6a05061b5e51e96,135,135
249,QAZTOUT,1,16,1,ongoing,1200.000,win,727.750,e405a34c8cd1474a2e4b5109132145dbe535e27eb4bee7143967cd28fff118bd,f6916eb0476f375ef276085bcec460a9f3f976dabfe5e45bf4eb6f13c8cccee8,135,135
250,VERYOXT,0,16,0,win,480.375,win,546.250,edeff7336d0426d4100593ee1a8be20ef116250d84fe57e26b40c32a4456d129,b1e343d417eef5691b75b0d149841855066ecf9a2bd6b56bb8288283c93a3d64,450,225
250,VERYOXT,0,16,1,ongoing,1200.000,ongoing,1200.000,e132bb5bc1c28fa64cd0a3ee74123cfe5f2f2e7b533c60ab785d3dc3d29e0be6,16bffac7afdd0bb769536e78fe81262df91581419b40f0c72135c8c144b71ea9,450,225
251,MINEABAR,0,16,0,win,573.000,win,567.250,9bc0cf2f4006437f8ed73210b6c359262342cd568364f5a723515f6fe30f3ef2,1c68c9e3185cf1edc640125607eba21879b6d17360df54fc1c06a605ae4c468b,450,225
251,MINEABAR,0,16,1,ongoing,1200.000,ongoing,1200.000,c65b66a22350ef9f4715ffebef33809e9d7079f77c16590b9c23a2b03ac6fa01,2d4f41420d008ce7fc54b4284bec72f4a3dc60468f105b214d800ea21c6ffbed,450,225
252,HAMIKEER,0,16,0,win,610.375,win,1055.875,503d4d4b10b6908b3e8f88811cec28709f9e9f69932ddfc7d6e74e52acc41787,8e6aaa8f8d771f4978d39b8cdc691387dec922ef5f1b8919726238f58d1d9cb9,450,225
252,HAMIKEER,0,16,1,ongoing,1200.000,ongoing,1200.000,90b6682e4f5d00c747f4e3020eff8f861f166e16315745aaff4664ad31389779,78906de0236f4d76f6b88ce458811d4d127e1221bc6ead8fdf551b93f80859ad,450,225
253,FUTOGOING,0,16,0,win,499.250,win,610.125,a94d43f7c0051367b097e23eb14921a4a7dc23c7beeed88787b02c10ea2b0f06,264ad4cc9122270a83fd92eee829ace3cdc156d4f27e94132d0a6f99f8583b03,450,225
253,FUTOGOING,0,16,1,win,549.250,win,541.750,f9af0c1407a5156d97f87319b35539480a46ee3ce460c18ce58e2a143d5baf0b,b87415056f56888ab17fbb2f4a7ec3ff404686d5f13e7b411e5c80bb639a6976,450,225
254,SUZODON,0,16,0,win,606.125,win,913.250,e8caec8d57b45139c10c644403c2a02935154a084fcd3cdd644e477588109bf8,88d9252ebf2220c95828596bd095104af24bd9f9bc8cad12f2e42095074ec6a6,450,225
254,SUZODON,0,16,1,win,1032.250,win,660.250,1ae4dfbe46f232526a2b298cd2700e2830a16f6938d80507ebd6f1cd7cf42d34,2412a502d278cb333df8a23593e8bafceeae61655ede8be085076dd01fe6a340,450,225
255,DOUMEMAR,0,16,0,win,469.125,win,394.500,4e980ed4a4d2fec64fdf8702741abf8b3b11f7100de689f0beeea13693a440d1,7e45637f8adb28c16e42c30519a331336f61f64670a9a987391d71ebeb17e3e4,450,225
255,DOUMEMAR,0,16,1,win,806.125,ongoing,1200.000,3b6c0b2623cda2c2d365fa589ae87b5dde07693b49115f2a895ed040feaf9ce6,7520e23f9553c568459f3a833a68c0ef49217ed122937292a4655d42d3809766,450,225
256,SHIMPLUG,0,16,0,ongoing,1200.000,ongoing,1200.000,08b4b12dd798b5642f597039da944be47604eb3d218576a34ea94dfdd0c19095,f920b885de2f4f8c3f5e58dc3bbc6a35678479e30e07f9cabf73e7e708c2320d,450,225
256,SHIMPLUG,0,16,1,win,602.875,win,697.750,953d568c23134ff50347706940ed8716ecb18eff6f39131d5331afb966ffdc30,3654919e697612b115db376d33aae09b22a7d728702b57d75f8a555680a58e4a,450,225
257,HURTKOPHILL,0,16,0,win,1014.750,win,653.875,e3172caba460b88c4f61efee8853c4e8829c53548012feb32bae3127f92619af,7ceeefb27347463adb0a321cf3da96b1360ac0933061ca7b3053d2310fb2d5b6,450,225
257,HURTKOPHILL,0,16,1,win,378.500,win,381.750,d5eb1c97f7184447aeb9abc3b8fa7663d43470b8213e18611c77dd2bcc36987f,8a5eeccb7b87f0f2835de667ef3f75188bc4b9e8bdeb63baa081386d0409329f,450,225
258,JOSQAZMET,0,16,0,win,459.875,win,614.125,81061c3169b5cb5550ae1fdbbe4057f9b1fa3d1e469e4ed247cb51d036c4cfca,90766446061ad255268d1b7b53607dc9ea671cd913114f01bd3802f9be01245a,450,225
258,JOSQAZMET,0,16,1,ongoing,1200.000,win,1096.625,bdd53b2a19081251800e38e9dc23275c0ca985a6ff52756403723ff0ae5022b8,a8ae01ffd41d267180146ef3ea83ea3274cce041610ad27091f023d0025a69af,450,225
259,TIMEER,0,16,0,ongoing,1200.000,ongoing,1200.000,1e37ae5617f0a5679498e29bc9d16c044616ea1ef20efacfc3427776b291ea07,853e410b35d02ae3846be57d6babb3820b81613b5acb98c24ac95cd7f1f3a481,450,225
259,TIMEER,0,16,1,win,486.875,ongoing,1200.000,571da164967b62ff9f2859906ff9c35c90d29db36a1925a2abb732483b046f96,0100a34831d129fcfd516f394521040774d55f616a75c319784e38018bd4dade,450,225
260,CALGBING,1,16,0,ongoing,1200.000,ongoing,1200.000,cb329984fdb6fd92df0f1eefc540062adfd3f7e352a6041b3f3b6fc7f4e61a5e,12a10e4880109ba082bd8cb65791ec7ee16854d5d0a2f995a83ebde412305d6e,225,225
260,CALGBING,1,16,1,ongoing,1200.000,win,1055.125,a8742c1c9693d0dda6234a5ca96644af244cfea938ba078584966e92f46e1190,50851d03fbf0b34151a1db06e8292a7a8063566cce40069c0c20b28416c136ab,225,225
261,SCOINORD,1,16,0,ongoing,1200.000,ongoing,1200.000,83ddd3b869ee64f0a82afa19774df2323899c51a2ada52deed0da8abc0a36971,4500203788f82bf96d167ee4a0026a22095d934c4a50b747d5af6c7f0e8845ee,225,225
261,SCOINORD,1,16,1,ongoing,1200.000,ongoing,1200.000,91c205b8f3a881b48457ceb00dfe85cdceba7055d4cb5d9793ca64f2b9defffb,05cbdd0ba5fc928883fc576bede76694ce12689a5c52a5fd2539db7d397edd87,225,225
262,SWALOPCON,1,16,0,win,990.125,win,994.000,a2ed35b53dae10fee61fd44fbdf9961e47d9c1d2757eea514d9bd1238bc8a6d3,49c1552c461119803e0d07e0ff61b50748ac8c59aa8c41ea1d97647e0eecd5a4,225,225
262,SWALOPCON,1,16,1,ongoing,1200.000,win,782.625,ec00c6dd58fdf8cde4adccd32d01243891b84ea5119bc18aa46649f5f4220d8b,0b239244ec1be63a72b13f5ed000d9eea772afbd1c91bfb00f28213e86b0a4e1,225,225
263,KILLYLUG,1,16,0,ongoing,1200.000,ongoing,1200.000,2fd77151075096be63472ce7b46901f06e673c810fadeb06267a4321b7ecce5d,b6556b941735b5a30e88789cd21549c901ced51722072fb6dba91c1db7560349,225,225
263,KILLYLUG,1,16,1,ongoing,1200.000,ongoing,1200.000,9854dd9c870d1776ff58f206ef23bba8df23e46adf074eaee269f55b5b762f9e,26ecc44b6be68c36410dccf9360efcf7b9ae06951a8b9657b19e28e14f5184a8,225,225
264,EOAOXHILL,1,16,0,ongoing,1200.000,ongoing,1200.000,24eb74de2cf6f89b69f4355dd035677006521157a0ac77866bd3a5e863321c70,3fd79871c2b054dd37bb2870253c5b6a9eeb13f9ef4d2072e91de4cba988fb64,225,225
264,EOAOXHILL,1,16,1,ongoing,1200.000,win,653.625,2a26e9278de57fce4d0f726d01a871dc9a973e600a3e317ea32f00b488e41367,595fce934bc2a95e42aa97dde212f850d04c61d662c0f3e74dad87f1d0cc7732,225,225
265,BUREAMET,3,16,0,loss,343.000,loss,301.625,1b343288be40c287668cdc31ea7ca02e1df594ffb58315df16b6966589d64846,318db670d44a799589b692712b09cc0632f491bc03b0af560eccdd6b7cc5e712,45,270
265,BUREAMET,3,16,1,win,579.625,win,441.875,6114bd9d53027416c1ac7812facf5ed26814f6874d7f27295ce7030d5eb11e1a,4147442b02fa2168483ceac41946fab024f218bcd950d1a278a8f85b62d23e0f,45,270
266,MORIKEED,3,16,0,loss,323.125,loss,294.750,7d2aeedc65df98061dbb915e5b196bc252d75af5ce25d0d1296cca874da21397,5b2f8ea66b484f2f1c77fadc476e3b8e421b0f0f3b95c0dc88dbcaaf7051b9ed,45,270
266,MORIKEED,3,16,1,ongoing,1200.000,loss,1002.500,954d22706f0a3c6143eb55a0669a6af45d50b49a90740720c472067d7ebb2081,61f7dbb7b8ca09797934f40903d388e2a2ca1f1b83853b1fd4619caba84a99ef,45,270
267,NIMOGOHAM,3,16,0,loss,253.625,loss,258.250,787929774bf5a0dc76be98baf233e44838e9bd937593cbf6114d888b180d3990,dbe9b5f3e9ccd1cb63dadcf9fda61a5f7c9f8105c0e05ddb1c770ff98660bd47,45,270
267,NIMOGOHAM,3,16,1,loss,378.750,win,890.875,1c4509450269f2a31ba22449d46ae3619cbbd1a7c8e279c403032167798601ca,95aeb2fb076025d309d5156e0e2c8d3dddbe0b9b655f394fa631035018894cf2,45,270
268,BILOORD,3,16,0,loss,341.625,loss,358.250,ec664650940a5c6bad4b20edf0aff5ca8b4fa9dba1a35bca839c8f114e776078,fa35ab30c5f3b017753d630251d64c5f45f06d2451b40ee6ed8b87b863da8afc,45,270
268,BILOORD,3,16,1,win,401.625,win,367.875,7bf01c63c6ba8f040d5593cf6d495b730f0d38c5a59cfcc4cd077f4b3500aa84,2859cfa8a6f6f8a9961a28ecb6b3f83949e44ad17b74618821b7d6b8a4a1afee,45,270
269,RINGDECON,3,16,0,win,767.375,loss,294.875,966d31581dbaefba4c5624d954af7031b5167f49cdc1616005035b3729557800,22911fa186b99bc5a6296944c094eceb550de5e9d029475cbf1094722ab0d6d3,45,270
269,RINGDECON,3,16,1,win,504.000,loss,744.250,af51bbee7d49081189dcae6fc5e728ea32244855b08ce992c5cc8401d004d1cc,6d3e60e2634a619eefec985fc304720c3b76d7ea37bab680888b96e7796c376c,45,270
270,WEAVDIILL,2,18,0,ongoing,1200.000,ongoing,1200.000,e46dcb98a97ecdd879eddb8c459452c7acab0c38a4d9529472101af891389a63,e4b25964c7286bba2089e5489957f9e497a8b92ebeff120933d561129b73d6e6,45,45
270,WEAVDIILL,2,18,1,loss,829.250,ongoing,1200.000,38252d8c3c7e3a0671d40627d1d5581d2c0119d0930c951abe4b3492746a2693,25f574ebbc663f7cf09a22b278e4bf00bf14a75aa0d07965ef0da07216a8aecc,45,45
271,ALPKOPTORY,2,18,0,loss,1048.250,ongoing,1200.000,ad9dcb0b2136c8d6d3f1f2b22d69e953eb034bbf74ea8e808ea29f12b6c2df0a,1b6b9fcdc69111bd99db87d0eeff6d0c0b29adaa2b25977a1c30a26c75ae9cb2,45,45
271,ALPKOPTORY,2,18,1,ongoing,1200.000,ongoing,1200.000,ab40626f2b98785e53532f132a9474856ddec23aa967d4be1cf2f96afa7f0b95,d3c2413f2d2f755a0e0cea5f8f9c6fee11ecf1ecf143e0ef19e432da93691159,45,45
272,BADQAZEND,2,18,0,ongoing,1200.000,ongoing,1200.000,839ff5a4c515de4a21a3b5fbc60efb14e862d3cb7217669b3a098a4b469617b1,821a112753ef184f642063a20a571cfb1d1f0c3d334a285c949de3326eb36fcc,45,45
272,BADQAZEND,2,18,1,ongoing,1200.000,ongoing,1200.000,5ff85bf5fd51c03c678afd4bc9e712c3505e88ce93d00242b567901b13920a30,6db99d5c425ebafd7f8b6aca1ffb08db8044461529d5235d61b7c3db522b6b90,45,45
273,IMMEED,2,18,0,ongoing,1200.000,ongoing,1200.000,e69446fcf80164b8369793bae32cc7641f47e8ddf4b47380cb741e0bf6043ed5,411c61e670a0cc648f2585e346e9e41d588e2da96869ea308d7239ac1f5efd40,45,45
273,IMMEED,2,18,1,ongoing,1200.000,ongoing,1200.000,4fd87d5c1108776ffc851c61f43de9a31afb0747523b87d59eaa4bc643969e43,f524bbffc2e1cdddff6bc389f2d555275e0435fe39b92f1e1a3b894ca53f4ee7,45,45
274,HOBGBHAM,2,18,0,ongoing,1200.000,loss,917.375,bad30f716ea7c675cffe33c4c3fd287ce8568f4a6e5e8d546c2087eec5fb86db,7d2914c0c4e98e0bdc12ba439f5016768ad21d29f42068a6320c88bb957560cc,45,45
274,HOBGBHAM,2,18,1,ongoing,1200.000,ongoing,1200.000,6d65ef565b0038d54823468229693a25e216c491ef2819b7e28a515c8e16f9fa,9ba91648b22d5fa447e4f1d8f488a5d76acb92ab5059285e9779172d4a85f479,45,45
275,BUGINOND,3,18,0,ongoing,1200.000,ongoing,1200.000,2902da76cbf6b89463ed1ad71851ca7e8b12b2b9125bc1b4812c39033acf66ad,9ecd4cdc29da311cb2232a2ca1fa68265cab74956c70d9a8b283050d1dd4a761,135,270
275,BUGINOND,3,18,1,ongoing,1200.000,win,934.625,47b12e20fec83dae1c102ec0d1b84b0e330b6650d2c81da948d72fda74dd4bba,4f5ec71fbe215608938aedc25a9e6e33d796f264d82f9b9417fb37d959c8e233,135,270
276,SHADSODLOW,3,18,0,ongoing,1200.000,ongoing,1200.000,f002f1364ed1f14c05d0c47a4b8facc0f7ff09d4db724511f95e276e525e8cfd,b41554fe5765894d6700d65a53807f039dae90534950392a4587349c9456e86c,135,270
276,SHADSODLOW,3,18,1,ongoing,1200.000,ongoing,1200.000,017e77e6c31eb1794c08ed92b65837e2f79ec82753f6104936a467125ce78394,7f3aa137efa40933354bbfe2164049f92bd966f8eed88ba8c7c5bacc29ecfdf5,135,270
277,CORYILL,3,18,0,ongoing,1200.000,ongoing,1200.000,1242761c8e3779895eb993eed9b8fb1e1972b4745b94ceeadc8c45306485cb71,506d679f6f8424a4fca5b475ea6617bf080ff7710a4c0ee73461ec964f524904,135,270
277,CORYILL,3,18,1,ongoing,1200.000,win,494.625,b69a43f273bbf65dff3c8df6a3adee8fb12c5a3430dbb0c685a0da6af87972d7,14e1f89dd79d49c69a1e58bffab8ab63716295dd4aa02ab7644c20452218a3d2,135,270
278,BINOXTORY,3,18,0,ongoing,1200.000,ongoing,1200.000,69367e069496731bbb6c23319f634eb8c9f3d9fe39883bda3192810327b24e39,8b5d0c658c92d0c788c5d36dcd5dc9a05400fd49f3120766bc0230353837471e,135,270
278,BINOXTORY,3,18,1,ongoing,1200.000,ongoing,1200.000,a9e70a3e2a5139d5e215cf2c848710166e6a84010f075fa4fe7f502d41434ff6,3fc16e0c95c178705cb4cfb7ebab3b6d433af8474502aabca80a93709ece7087,135,270
279,SADEAEND,3,18,0,ongoing,1200.000,ongoing,1200.000,a18affcb43ff8ca9b3c008978d4bdbfc9561499cf537949d32e59bb0d3078811,f3309d659485dcecd90e411cd76004dda58b80dd98fe1c73fc61760580fbc575,135,270
279,SADEAEND,3,18,1,ongoing,1200.000,ongoing,1200.000,d6db6860140e7d94c6d69b9a22a052a3304893756faef92f5c3e45edfc43d2ae,eb15b8e18a93f3ccd29f03e9204a5a544e484749ae31e68e0e1689e6b9779033,135,270
280,LOWIKEME,1,18,0,ongoing,1200.000,ongoing,1200.000,596f28e51314785aa2c78ad1bfc449b81bb52552856e54cb7144016d9860bb61,a605703655cd0bfd7626983f3be71d49d4f85051867d04455a6ed9dd6dd7a029,135,135
280,LOWIKEME,1,18,1,ongoing,1200.000,ongoing,1200.000,3962ca6c5ffbae8baed4fad64cf3eb897e9e9f74c4532c82ecc1b2a44c40eddd,b6af5c8dc0b2f82d2b85dace87033df373a7808879bbf021ec05638b188ab7f1,135,135
281,QAZOGOOLD,1,18,0,ongoing,1200.000,ongoing,1200.000,2cf68bd92a8d03780050af30941cb9fe0857b3ace95d7e730a2819045707389f,556e5625feeb3b2ddfac813561be136acceefe0ac50b333161faf751546926b6,135,135
281,QAZOGOOLD,1,18,1,win,818.750,win,772.875,cf44a662cdec1944cebee26f8ac77d4e64f9a52efb7a8bd4b3c43dbf687dc8b9,c6aac12094bac7769554bd1533155041a3d8e2af114d64518cb4f68034dacdfc,135,135
282,VERYUOND,1,18,0,win,830.750,ongoing,1200.000,35e502ad765351b7565d612604eb153fa5fda80ce7dca04b05ecb19566043c92,ee5a034260f154ad8fd4e03be4100c587e0009519b36f824201e725bb8bd3226,135,135
282,VERYUOND,1,18,1,ongoing,1200.000,ongoing,1200.000,6bfc18e7c7b8081cf5c093a6df54b64232dd0250f128aaa957abeac390bb9df8,d2b10e48d1e947f241757a28f5c0ca70bb04c72cb63d4873a8b20e20556fd9ac,135,135
283,MINDELOW,1,18,0,ongoing,1200.000,ongoing,1200.000,bc67df060e91246befbe854907c03dbd7ab9e7b18e1da09b3e338ade8791e611,b07e70bf02c204f8171bc96e74cb4cfb0fddabb5c2e28e9a29642e197aded918,135,135
283,MINDELOW,1,18,1,ongoing,1200.000,ongoing,1200.000,1879eef955c75d659ea00eadf8984026a1f683cec06ea782cfddc50867c9b49f,92ec338fdc269f9fc946bf45a9d03a51d9b818250f9b1282a1baa807f155100a,135,135
284,HAMDIICK,1,18,0,ongoing,1200.000,ongoing,1200.000,fd6f5597c0a23194f88389c5ec673d72c637eb7389a0aeb1aba0154d36977e52,0a249af25f228173f47a4db8195543d379bda7efeb07edffeb4b5700e5ed05da,135,135
284,HAMDIICK,1,18,1,ongoing,1200.000,ongoing,1200.000,5657ee50365212fcf548bbdfa7657a006b492da33d062fd1bc3bc4776e8239b6,0d62a2f8b2d72609d7d2d248932b7f3c5bcacc700fb5f310dd4a777c40fe269b,135,135
285,FUTKOPHOLE,1,16,0,win,835.875,ongoing,1200.000,67b9ff2e83d9f70385f566f82505a46f3c7d96ca24fe7019285bc11e474950cc,1aafca9d634ba4fa7347c28c5683aa936519c36b460d7c71ca18ee83f81468b5,135,45
285,FUTKOPHOLE,1,16,1,ongoing,1200.000,ongoing,1200.000,1faad190076019bad7789fecab60dd69c6b189ed590133f5762cc4ad340ab0e1,6935cfe091bc1c924dc68d855b75c8d83fd532f1aa44290aa9b3b3b41784a2eb,135,45
286,SUZQAZLAS,1,16,0,win,1017.875,win,829.625,b0d13fa6423adc092ee4748ad53dfa3b23fa4eadc1341ff521834978c548b4dc,ffdffdcf311696e69cc6d2eca0d7c7c6e187ae513e114e240e1f474a5a4b9a26,135,45
286,SUZQAZLAS,1,16,1,ongoing,1200.000,win,1024.375,1e3098d74c962574d0aa61173be5760a3171819fe3fe092f2731be5d9b2fb44f,948648e0144d9f1e88c1a1e07bc6ee496636725c67f0ea07d22950ea69262c97,135,45
287,DOUEME,1,16,0,win,545.500,win,870.000,12ef40aa75acb37f97cc5cd4653f39567c60e4fa45d1ddf8a00e67456426dd42,d98518cf30b30d0858e5dda37df46196a96d8cdcd6741252740ba1158beb69be,135,45
287,DOUEME,1,16,1,win,873.125,win,689.250,3798e1ba12d99f38acc4e64d6cce0164cc9e070f43d891853800afc5ca79ed6b,b723bc2b62be515a2d18a98c49c25d8cad32a8bf0e32ae7ce8b9e48ef7799d11,135,45
288,SHIGBOLD,1,16,0,win,1170.375,loss,780.750,24afef23820882d447889a957fcdc62b770a35576df5c7f4586a2fd9c95ec93e,7f02c189d9ada17f30ae2b1b24f06ef50242e3e43ac983713e4eef97da6e546f,135,45
288,SHIGBOLD,1,16,1,ongoing,1200.000,ongoing,1200.000,8f448f212d01deebd793f2536b445d8dfa33f0f27101c1f1030d0e64fbfce8d4,dc3cdf15bcc8f42e09a43c6156b854d5258cadf8a37a573c887e0028d2b28863,135,45
289,HURTASBOY,1,16,0,win,620.000,win,941.875,e9b833586a2a33c9b91d8f65cecb71357935096b39f287a0f88ca10635f79778,abf1b307332712cdfc072352546fd02e70c4223d0b8b477c911e46a39f5139e4,135,45
289,HURTASBOY,1,16,1,ongoing,1200.000,ongoing,1200.000,ed7ca0efe962dcfcaadaf839900d12af957ba45b015dc0212e48459540d8a2a3,738d7f4ece13fca6aec1cfa233bd481683ebb1481bc5af824e073d87e80adb33,135,45
290,JOSSODDOR,2,16,0,ongoing,1200.000,ongoing,1200.000,7fec4de70cc6d59b4eced6559ab15f626b86c3faf207df111ebd136e1e93e3d3,93b19bfe463fa2608ad2440760cd7b4f57941ac08e6634f5d900745e425efbe9,315,405
290,JOSSODDOR,2,16,1,ongoing,1200.000,ongoing,1200.000,f635d5eb18a610cd2331d5cd2185392101045e5b7bbb3a3b0945489744401dc9,f1def7be41b7a392cff8f862e7ff2bcd710fe59f58f5b1c17f89de5fc6dcc371,315,405
291,TIMYICK,2,16,0,ongoing,1200.000,loss,1111.125,ad4f2cfc16b5ded1ed32a2842ebc99ed668e8af3c37c1bb5848b13b02cd3d7f4,1b940e585b49b7cb9d6e511fa45d545e8b23f802ad384d6dce6a4a08fed22eea,315,405
291,TIMYICK,2,16,1,ongoing,1200.000,ongoing,1200.000,5bc40f1a9d8f65daff3a379c0702b939af0d5d89312e66a28c84eedad5825745,99ce1cd9f9c9ca0d5230df66aae311a5b89d8c69e49fe99470c39e56329c2c2b,315,405
292,CALOXHOLE,2,16,0,win,1021.125,win,924.250,ce9dc9fa6ca6eab1c13c5d6fda25aa1e22060359bcee2bb22249b741135b1e8f,783803a18a4203869677c3873885da72d749893abb8a00e0551b1712f6509ecb,315,405
292,CALOXHOLE,2,16,1,ongoing,1200.000,ongoing,1200.000,2e9081e83f1748f725008716ceedb22a4654232a33fa8c2ed09b94dd470e8aae,8f1b06baea03dc54320166aacb301a51d2ac7da4cc939d0d83dcdc7721bd0cfe,315,405
293,SCOEALAS,2,16,0,ongoing,1200.000,win,1076.750,8fee4675a0fc3efc0fbc17aac79e147fc578096dc9dec1c347c019762fc80440,06d9fe7b7c56735b456a2981722bf40ae6e2e175e81c146069db87a535603228,315,405
293,SCOEALAS,2,16,1,ongoing,1200.000,ongoing,1200.000,c26eb95c4a75eca1d00db35d7b803468ac0b57c4e46c063a7b9bcdc6da1e5fba,bb0d5deec17821d636de7b889b5b9f9a36251ce580331bdbe3ae4e2059983893,315,405
294,SWAIKEAL,2,16,0,loss,1199.375,ongoing,1200.000,cae939567339cf29aa08275f9e24dc02b79f39ed39f4fecacf3b17489fafc575,b250e3b17df921f6cd1e1bfe60fb3cb69700044a82d5a2667ddac71ddc9bc7b2,315,405
294,SWAIKEAL,2,16,1,ongoing,1200.000,win,859.250,d1666575bdfc6e1e658c987982e291c4b9ef46b8688f0db5f1af27ef70df029e,a013a46e15f5191d024740bfb157c085e7f77557b79fd612f1cd02833f6db447,315,405
295,KILLQUEPIL,0,16,0,ongoing,1200.000,ongoing,1200.000,dd69dd64dbea7e925631836929c99197466de5e56409526ee703092f333d949c,7a547e196ef13ca65830c927b03314918d660d3c1f7315f0baa6acde70b53453,45,45
295,KILLQUEPIL,0,16,1,ongoing,1200.000,ongoing,1200.000,79a483d1cfbf0622d8ef3f36a20da785e4cf2bcf7f483520b9c71f5fcd60ab90,80df80ae0ab6fd0772653f64a77d5417efbdab728b94541e8b54795e8c4e358c,45,45
296,EOAUBOY,0,16,0,win,1100.250,ongoing,1200.000,daded17d6c796ec247b30483252ddd79f1c3f0c5c41cbed79ae13580ce931bc3,ba383bc9c3b3c10f88bfa5b8f33431ba50d168e7e84785638f74cc8ae1316380,45,45
296,EOAUBOY,0,16,1,win,926.500,win,430.250,966672e60833e8949c11bd8dba7ef91406d61c1a738baa3804fe947f2c47fc52,23fafc59abe04c300d1202fe5817856f7ceaedaa598f0464e62c1e0f950e0ae4,45,45
297,BURDEDOR,0,16,0,ongoing,1200.000,ongoing,1200.000,e320ee4194695482c66e1b9e7664263ec46fb73e13a787b40564a961349bac68,784cd1f557f25786e9c36b2978d344eecb09c9363640be8d2e8a7ce1cdbab90f,45,45
297,BURDEDOR,0,16,1,ongoing,1200.000,ongoing,1200.000,c41e909ae6996b70d497f880ab5a769e24b3f70c27b4a16bd2347e6231068d10,58d8b3f4a96fdff9f5f23eb27286adcdc345fabd4789cc0c3c56c52dd2e920f5,45,45
298,MORDIPAL,0,16,0,ongoing,1200.000,ongoing,1200.000,3b1cacae3aa2e0fcd995cac089af93a5187a220dc00a5b1d29eae9e202a06a7a,4413388d369d1907071984d8bb69e8aa4078262087af85f782e3f6449aa291da,45,45
298,MORDIPAL,0,16,1,ongoing,1200.000,win,520.750,d9e0cb6fa41f7e60567fa962332efa0fbfe6de995e0554668cfe025f9a24265e,a3959218516beb9dcad74e0248899ff3b925a9fe9c2739f01f7bf76d93e6c385,45,45
299,NIMKOPPERT,0,16,0,ongoing,1200.000,ongoing,1200.000,875dc67dd4a04aab86debb27f6cc9206d01c2cb637fae03fb5ae2ac6e80a45c3,e3558c2f860b8b9fa34baeed6323de1632376feb685abba6af5b728c9b015daf,45,45
299,NIMKOPPERT,0,16,1,ongoing,1200.000,ongoing,1200.000,053171c477c4670d48ffd0889dc1e81ad9f8725398a60e1410b962876513c370,c6e3dd6353c99dea070b66583f84da357863ac17b7488defd48965a16540cd82,45,45
300,BILQAZOUT,0,4,0,ongoing,1200.000,ongoing,1200.000,7e93b4a5638152edd491a22f8e3756d2837877ca8cc02b8b9743d7a66423363f,c468d8bf9781d9856d5fbe8c63a7b2b23056e2937f815bc4590657752ad7ff5b,540,540
300,BILQAZOUT,0,4,1,ongoing,1200.000,ongoing,1200.000,6ac6d756742a6457474b3354ff9a9c2678f5ac0d742bd6902186f7e44992723b,6ac6d756742a6457474b3354ff9a9c2678f5ac0d742bd6902186f7e44992723b,540,540
301,RINGIAL,0,4,0,ongoing,1200.000,ongoing,1200.000,e0dea7d6df2978cb342cd2fcf76871c92a24d773092aa2f562b1eb8542490c64,e0dea7d6df2978cb342cd2fcf76871c92a24d773092aa2f562b1eb8542490c64,540,540
301,RINGIAL,0,4,1,ongoing,1200.000,ongoing,1200.000,f7ac05b2bd4726fe217a182a695be09388f6371440faa544ba4f51181cc1750a,f7ac05b2bd4726fe217a182a695be09388f6371440faa544ba4f51181cc1750a,540,540
302,WEAVCEPIL,0,4,0,ongoing,1200.000,ongoing,1200.000,40a728844ce4cfd7b42f9da5186198bd7f427eb0b14dd23aee803a2cb111a9b5,c4e91d4877b6cd1e6f63d82d3bb2d2bc3bdd5a795a9084bf11558d6c741a5e6e,540,540
302,WEAVCEPIL,0,4,1,ongoing,1200.000,ongoing,1200.000,510c19b371a0f866eda90d254b10100fd07a21e5732e7c2eb4c1eec7a75eb4d7,073cf665a46dc5a1bf9b124986fdfe91ff2dadd7b1a4c33b3114118408e60bd9,540,540
303,ALPASJOB,0,4,0,ongoing,1200.000,ongoing,1200.000,1119a7f3016cb48ce504b6daee89ab0505fbf695286025315d7fde53620690bc,d21d5fea43bbabd506bd07051278bd9184297e7d1157db123ef959c857ea6773,540,540
303,ALPASJOB,0,4,1,ongoing,1200.000,ongoing,1200.000,91f1dc9985c944202826d9e44ce0b58dc80b71a7c72f1a9cdef1325292eabbbb,331eeca74f93572812b205a25ee1eb0ada597d0330874a0ab326adb6a5f3e959,540,540
304,BADSODLIN,0,4,0,ongoing,1200.000,win,869.750,8463c5ade8ed691cacfda7eac67cff0dcdd68ee079f10b03bfcfa68e55b5aea9,cbac458bca1ac576214fb463a53db79ebb09c522ea068d09a3d83318b8078e2e,540,540
304,BADSODLIN,0,4,1,ongoing,1200.000,ongoing,1200.000,2642c5ab7ce3a1ba74a492425c93730e430605ad736280bd84b6eeee1cf33137,1b0e84fe2660a201901e162eae5b8bb8b5c18185c4090abc594bc1b2b050f756,540,540
305,IMMYPAL,3,16,0,ongoing,1200.000,ongoing,1200.000,99ce93f27cee2ea50b97b6940c8287a1e7671af691c578ec87cc617aff3fcd0a,a9f09e77e977fbfd3e27663ec56499bc36f7fef77e10c01b7be5c88a577f70ed,90,180
305,IMMYPAL,3,16,1,ongoing,1200.000,ongoing,1200.000,990f4e817d16a94a9f9cbcecfee4bc743245fd6aede5abbab1d652ea4df71907,af8aa0e6a96f907ea858037eed5398f6223bba58a7aa70a47144668655e7d231,90,180
306,HOBOXPERT,3,16,0,win,645.000,win,602.125,f3b5e749b31ad1de1cec3247b39791cd32b7e20f09412f526a2478dfc66f35a5,59283f1c10f3ffa52adec7f70ec0ec99ef17547239823d50242eb9ce1ee77fb2,90,180
306,HOBOXPERT,3,16,1,ongoing,1200.000,ongoing,1200.000,27ff7b7667912e14b1820a5e3a2c0e6c95676db43db4a545d57837556b350fd5,6b12ef245dd3ebf4e4a29b8c7d6f86bc42a3bf89e0858e78a5d83b38c7598e1d,90,180
307,BUGEAOUT,3,16,0,ongoing,1200.000,win,1037.125,78c869c2b868824dd6c3de22a9917b027b269b2c571780c122a2670353549cd9,898e1d4216a8b36d6c82c6162b92161a31f15016bfae6d4db07ed1f326e22fe4,90,180
307,BUGEAOUT,3,16,1,ongoing,1200.000,ongoing,1200.000,cd8b2c7d84e9d4f087889578b95620e4dbd6bad0f29f1c165ed549537a6b566b,31a0dd00544b174a9e1a8238ccf66cce600ca4ab097ba798bfcecb74a099400c,90,180
308,SHADDIET,3,16,0,win,1024.875,ongoing,1200.000,88c9683b2a1b07a585b213c5689f0f9d57475239984b60ae9d544e22811abebb,71da8915762e34eb6f6d0c179ce71baa273bb89605d3aff737575ddf11cd3e68,90,180
308,SHADDIET,3,16,1,win,783.375,ongoing,1200.000,2309910176656161fd70e32baf22e33af75fe824cd770914b7e1ab9e8c2edcd6,a60a63f9a19af8cedf6cb1b886925445919487e8fcbc33b5a630119b92899c7d,90,180
309,CORQUEBAR,3,16,0,win,612.250,win,531.250,b59417bb6977f8c9a49f61a102d06bb779a89a07ff5d82129e7bc7207eaad28b,f65d02aa6633a5d36159c3233e8ee915f6eb91f09ba5021f5da4c214dd79b36c,90,180
309,CORQUEBAR,3,16,1,ongoing,1200.000,win,397.500,b4900a08e8cdf2151f1b1c0bf837a3d46d3d89f5cb13066b2943c2aac98f3046,f86133d955df7ccd4eda47c32e072e203bb981037f084bef70faecc5611dd254,90,180
310,BINUJOB,1,17,0,ongoing,1200.000,ongoing,1200.000,2abe1cd64686daa442a59000363767e088986f954316a2c0f7a1ae17b221a2f2,768751ed5093183dc74360320c6a44fcf43582d882c3082f91a4dd802c692fc6,45,225
310,BINUJOB,1,17,1,ongoing,1200.000,win,360.750,3fa5822c6c63548c06adab27d895f8be46be90f86350805a9ca0dd7157e6f1f7,f46595e5b8cc57b1beab5df800983179da064bccd48f74dc702a27d2d8876a6b,45,225
311,SADDELIN,1,17,0,loss,803.375,ongoing,1200.000,9cb4e32068f18bf8627e2e86ca8eabae255beec2b8dd09d90e7895fc76b2abb0,4d477ce62ff5d224782ead74bd93ff24cbf13108053e2c13ddcd1261ffcff2f8,45,225
311,SADDELIN,1,17,1,ongoing,1200.000,ongoing,1200.000,a6afb59c6c106003a8f74e48d29ee19b2476218ae2e5dba6994489e750a7a676,e02507b79ab1fef4990873f66436d3135e36ecc66a0ba5c8ef769f984a5b007a,45,225
312,LOWDIDON,1,17,0,ongoing,1200.000,ongoing,1200.000,4056d61709349db3d1cecf7c98973552ea8678a66050c46b413023beda9ea46e,0eb194b964ce54e579bcf32a23e65422610e85990ef89f643cea0a45586d0814,45,225
312,LOWDIDON,1,17,1,ongoing,1200.000,ongoing,1200.000,dbf2b95e4cc38591264fb4b0a9cdc989605e1eeff6a4e79e9b8d38b2c3603f4d,e9d3ffaa23e341aad41d90d90d3031916ff3c26fc17b9d776064473afe2d0f34,45,225
313,QAZKOPMAR,1,17,0,ongoing,1200.000,ongoing,1200.000,19121da3eb7d51cff3077a16dab6a917cc6c30fa4f1cbc8597523963b96f4bda,fe507c02e52c6769604e3f48b58a58c2175ba457916dd21f1ea0cd0a3288c207,45,225
313,QAZKOPMAR,1,17,1,ongoing,1200.000,win,777.000,cc37d5186fd23e99468b391d94a6f37ec639c7eb19a7c896adc31b920241456e,5cbe305797f60c41d21c1c7c7bd65c7f636fbc13922deebf3ab72d461da09d86,45,225
314,VERYINGLUG,1,17,0,ongoing,1200.000,ongoing,1200.000,991c431863e5cf56807d391546e6163159cce05a67da6eb6fcac5809836d19eb,ff26b7e0f1c4b00af1b179165a8524fb8010916231431f0ae6f8a4fcd807c41b,45,225
314,VERYINGLUG,1,17,1,win,704.875,ongoing,1200.000,d9fe65936b8c641970789502905392c2c7036ae75a72db34fd90785e9f2b1b8d,e7ea4cc3208eea9a1cb40dd04428e574a31476ecd6e211c9c8372be8d33dc355,45,225
315,MINIT,2,16,0,ongoing,1200.000,win,1116.250,ac47d332771769b2f5e8e40880debb193985e800650e08302f4c3312b624fc16,4e0a0a352e634c3770a8572970a7d1880cafb1f777313b3ae960ddea5928546e,450,450
315,MINIT,2,16,1,ongoing,1200.000,ongoing,1200.000,9a744b9cb7c5ecbd9bcebf25913997886ef7078b123591b2ea8d577d1db24f0b,01ad746322758189c3497e0a4bc33316791fc01c4dd310c8a1cdd7084b986bfb,450,450
316,HAMCEBAR,2,16,0,ongoing,1200.000,ongoing,1200.000,c394564c087a900dfb950cb5a1fbad49b976564fac3e1a7f59b094f78ade63ad,974b3bc9b769d5d3af17e0e9b044528d7fc9ec59b25d0e8c2a4622b5f807e529,450,450
316,HAMCEBAR,2,16,1,ongoing,1200.000,ongoing,1200.000,82e41ca8e233fdf9d974bd936b684f5c762c547ec0c733febe7297f1cfc00714,641013b7f9d76b0e77f6543ff213ed4257b715a7e518581903efee5bb87d897c,450,450
317,FUTASER,2,16,0,ongoing,1200.000,ongoing,1200.000,ba676612003f6d5a23f085ab6708ac431696d938711e4ca992695ad1cbfb337f,82be0fab1d8237a910b26fc370e4f993ca88daafcc6aa77a4906867e6912bc53,450,450
317,FUTASER,2,16,1,ongoing,1200.000,win,1139.875,6842978f25f638701beeb2d8df7db7444b91121afd4a86b1a6db5bbc79480d48,3febbe48022173e53e5a47d799282ffb0ae3e4514b5a23911547fdee25c023d9,450,450
318,SUZSODING,2,16,0,ongoing,1200.000,ongoing,1200.000,40322bade90662bf9447972c7c59eec0d02501df3cc853dd70c0db3b5219f3f2,9d140b68bd30eb4e9169de686e8d64aa27a8058072b5a9b67dcf1b737b56209a,450,450
318,SUZSODING,2,16,1,ongoing,1200.000,ongoing,1200.000,14dcb8f586b0aca5a30f82a5552dc80bca6c4e2830ee7b732e6ade787d2f7c66,14f53029f725df671c26a46b60944e587e1fefb7e4d64d6a822cc5550b85126f,450,450
319,DOUYDON,2,16,0,loss,1139.375,ongoing,1200.000,23372fe28acdddb906e42e9b9a18f8db69ada8bcd9d8197079c4569447ce47eb,74b1fcbd960658d49a16b8683ab2eb660faeea13e7eee6ae1a70000736a97cfe,450,450
319,DOUYDON,2,16,1,ongoing,1200.000,win,973.625,72587ce1a1ca4d1d98dc85c3013502bfad1cad7086b092e5a7c3caf5d6c38511,e930497777856dbd521755a2f7f0286536bf0e2a9bc73337bdc03bec813319cc,450,450
320,SHIOXMAR,0,16,0,win,559.375,win,542.250,d6de57cd16746ee9731380f2e7419b962a4325020c9b1a74577121d365022f30,1bd62bc3ee6306f0b01362ad109a23c25d89461ecf871a83e84bf099d895f5d7,225,225
320,SHIOXMAR,0,16,1,win,1037.125,win,771.500,7711e0b5b3e60bfe40109a382254f1c05bc7937cb1f9f915b66d29984d825ad4,a5d618f5855c9225681721f08fa1f1a00ab350a523d9ed925f7dc8e5b704ac0e,225,225
321,HURTUSLUG,0,16,0,win,410.500,win,512.125,296b840206e191332be324418fd280c25991c90014ecfa14510822dfee6541a6,9766bd1f42f12ce401a17db060d247cf3c934285da957d5fbcbd96d3c161baeb,225,225
321,HURTUSLUG,0,16,1,win,636.750,win,471.750,7c0c6b6d71714067161454e96cba8e7545d9bb2738dd12203e95b4d244ee65fc,af252764fab33af0ee7bd14517e8c2d935052955e0d0846e1a9bb9dced307e04,225,225
322,JOSDIEHILL,0,16,0,loss,440.375,loss,440.500,afa2c90b8f7fb158975fe17126141c869f3bd0acd34b896478ce33ebee2bb007,bf72f007cb1dcb835fca4fa700b34c7a39f1a9946be9be89622cfa54effc0791,225,225
322,JOSDIEHILL,0,16,1,win,385.750,win,535.000,91b6cfcdd4b59e367ed499f217fb8714b7b5e3e388671d71e1eb2dff2a60f0e1,48204929d56a21cd75a9ff05d2afac8cf677b4367c82460d911352cb1661f102,225,225
323,TIMQUEMET,0,16,0,win,562.875,win,910.250,d2a5ee57fedbc1777f9b65056866388fbeaef775e35acf90895f099b9e377ed0,9fe7a25181df02d86dd8b3659933db453f0b1d29709b756d93060459d906ec2f,225,225
323,TIMQUEMET,0,16,1,loss,413.250,loss,397.625,5b6525f3373b537fcb1c025423c5648de36eeaf655789ca42e55ae3a61bcd353,82260521c33d76f4f7c01321be091cd856e43e137642f9685a4aa385aaf2b60d,225,225
324,CALUER,0,16,0,win,544.625,win,728.000,3d156a33e2eb5b87d96ad9a0bda06ffd4ff41246607362b2c165b3c67f30230f,b6841273b03691b446ab85b7f925de3694045c3369da0bcffd1daebc4d1afa63,225,225
324,CALUER,0,16,1,win,504.250,loss,446.000,67dc44f07eda1459c9147f82b5bff19129b6c308cb4e8f59073f91a0216fd06b,dcb2536730c4916155df9a1cc815cc6eca0225a3321a7faa764df1f29d821c8a,225,225
325,SCODEING,2,18,0,loss,888.250,loss,872.375,88964f17f0215b3665c0c2e50ce89f443d4c857b6aa55e51ed84f9eca98bc646,c878bf6397093fedfc51215f50373f8d8347ce513e531aede4871ee64a12f9c5,225,225
325,SCODEING,2,18,1,ongoing,1200.000,ongoing,1200.000,5afd8f424a42d237e7cf02cb598a4d80514923780743bd1bdeb82ff4efad7105,6c31bad16b364d6d9267deedebff63e49a04971b09995cd8c801c886c4cd6ec0,225,225
326,SWADIORD,2,18,0,ongoing,1200.000,ongoing,1200.000,4b6ce4d3461b23091928c3b93d5eab39d88487029bffd7df72499b1845a025c8,59458ab8ad9cdf8f2db67068807087bed2f79f8af346e1d0d02bf059510cbf77,225,225
326,SWADIORD,2,18,1,ongoing,1200.000,ongoing,1200.000,e520d02b51c7a344d0dee7383ada54d5cb914290149d66766bc0e39a665aa0d0,5e6684f5d3fbe377370d57975e62e8521dce8ea4492b7819b5a5a47e19b428b4,225,225
327,KILLWILCON,2,18,0,ongoing,1200.000,ongoing,1200.000,e7cabfb3337226eccd7b4639e07281f73236b99d9f326c249403890a2d6b6932,b62ccff0b96ccf1ea168f532f3a42202f601e7ed3b20222bc79990e271dc22f8,225,225
327,KILLWILCON,2,18,1,ongoing,1200.000,ongoing,1200.000,5e6c5e1fe59fc8b6352796c027f40bd0c02344c392f9be3c458915c38d2216c3,789abd4e637aa0af0c6532c49acf0550d7716bd726e3b1aefd7e551cbce21c83,225,225
328,EOAINGILL,2,18,0,ongoing,1200.000,ongoing,1200.000,94d8b15566cde94d37a7ea55b57ee88f2f291357dba6fa5744b1a38699418d67,17c7b43bc84a14c9f557434d105ce0f251dc0d6060a96f0f61ab06f69f9d49d1,225,225
328,EOAINGILL,2,18,1,ongoing,1200.000,ongoing,1200.000,90d161b5a6b12a52997dca57464fd020a4a9cc3a90ffb0c2a18778d1c39652a9,06d8a61d0c316686f8143e6dee468d1d51e33f3286c523e13e581d8aecf4d090,225,225
329,BURIHILL,2,18,0,ongoing,1200.000,ongoing,1200.000,11992599aeb7bf139ec11f6dcab0df870a6df3de1c7cbc00dbd58c4a14db9404,c2b270880d1242e34cc57956a2d1546546c1ff032d6d855978ff73279cdb8fff,225,225
329,BURIHILL,2,18,1,ongoing,1200.000,ongoing,1200.000,f435eb5abc52ed32cf28d65d1ea2c6051af17b166ad09ced83357f6edbb15194,c44b5d1281b65ac58caa0c9d550e48e0f5fafd4ffc368556d5ca4bdc29982b02,225,225
330,MORCEMET,0,16,0,ongoing,1200.000,win,794.000,97bf54bc69c405d8c0208e60aa3e390c4cdcbb118e150da3f458bb1545e8a571,71172b20ca6b8763d7281ab8587a0977e54409f939aa1a39f43d04f7d121ceea,225,45
330,MORCEMET,0,16,1,ongoing,1200.000,ongoing,1200.000,bb09392c83e7d5a4a5ed8fa4c5371f7db534ac891fafdeda7a129ee8c78def8d,592428f0088712b00101d44e12edb41d5410de7b9d3c3bc5bdc05ea532e36f27,225,45
331,NIMASED,0,16,0,win,554.875,ongoing,1200.000,bdc11e6e06ab1a7d8b8390807a5088c675101ea8fc39ecb36327e6ed5eb4a285,fb6c5945bb95290f2d38d373b07b96a4f37fab54ab9294583cd8baf53d6ad5f1,225,45
331,NIMASED,0,16,1,ongoing,1200.000,ongoing,1200.000,76d770f9856c8f3a0d9c455888cf967108ccc1b6e61a0f129b4aae71492823b0,325e0b50e5c4f8ecf6f24265630d45d9e66722ac3cf5c0820365ebbd3ffe80a5,225,45
332,BILSODHAM,0,16,0,ongoing,1200.000,ongoing,1200.000,2ca26a2cbd6d19900164ea98f7d31c69ba6520971a1b0f41e9ab0b75c22ddad7,cf550bcbd09224a3d8e8b763f077e48875c6b48c261bf29c3f5c6c1b0a3b19f4,225,45
332,BILSODHAM,0,16,1,ongoing,1200.000,ongoing,1200.000,28808c4e1fc31f3600fdb105fe750726f8879fec75b08b87d0d9de0184966d13,0e3d65a86199cacc81ecc2038acd21d1da61e8ec57687098731e6f047cf0b5d8,225,45
333,RINGOUTOND,0,16,0,win,508.875,win,500.750,87827fa18cd38cb65be85c1c4780eb73807564d882e53b926c9791525d088fec,2e1a86f53cd01082b7087b23f45e545b4b660180911cf2a7641d94a897e59e16,225,45
333,RINGOUTOND,0,16,1,ongoing,1200.000,win,624.500,aba0258fc14cd87033904ad4af20caa7c0fbcb132a9d19e9c99d6622b84ff1fc,a329d1c27877869204e5c2f186a1b1518bb6c75fed06cd331458f903fb0f555e,225,45
334,WEAVACON,0,16,0,win,106.500,win,114.625,a06e5b5a43268f63ab9b48317442a7c32e2abb86c78fc09a8daa99567423ed69,9edec7b1176c9854952b4aea873f26a47e092eab70a3869e3cbcdc15cce62c87,225,45
334,WEAVACON,0,16,1,loss,11.125,loss,11.125,85848c5d9fe837a33fe79db1a39d8ea1d96d1e71ef76826f6ac7f009ceec3679,85848c5d9fe837a33fe79db1a39d8ea1d96d1e71ef76826f6ac7f009ceec3679,225,45
335,ALPUSILL,1,18,0,win,986.125,draw,958.000,6b2090c970d04100396f8435c89dc4aef8e52a5c7312df3f939b4e9ba9508753,e64760388f10fc4c4f154a0a11b9b599c72cbc645fe467063845b7dd768510c7,225,90
335,ALPUSILL,1,18,1,ongoing,1200.000,ongoing,1200.000,a5be04497257af3f4a9467188f96a9381ac8590b601c7958164b1f50a188e8e9,52c27ec0a1d9ba7cb91e645cd37636c98ad92434b416c0d7d3236d73500536d2,225,90
336,BADDIETORY,1,18,0,win,845.875,ongoing,1200.000,1af70f93cb654b172dcf48a9a79340419bddb3bb552f8acf3246dd040ef7b737,de652ca6d4c9b21a836c9701852a182bbe1df68f1f110e1db22dcd731550d6ef,225,90
336,BADDIETORY,1,18,1,ongoing,1200.000,win,1119.750,910c72ad346642b521418e86e5b0abf5d699e2c31885ce06f3d728f19a0395db,cf3a54785eb89a5a2f1552e75680ed5fcd57664f560f6108bd66991a2f80804d,225,90
337,IMMQUEEND,1,18,0,win,674.750,win,762.125,9f886781530cad23be6d9aca7e3217d1bb0cef580e9f4ea1c9ba81161f4d4ca2,7d18d8d470271001e81ce5bdad03b33ad5fdb0891cd09bc79c98ed57e93378df,225,90
337,IMMQUEEND,1,18,1,ongoing,1200.000,win,908.875,eebedb73795ed132fc30894f3238a4203f433507d7be8714e6be0f60c15aed82,dbeb108798492040de25e64a3f60f4d4c61b12f27aecb50bacf72d28c29880ef,225,90
338,HOBUED,1,18,0,ongoing,1200.000,ongoing,1200.000,bcd0eaef3551488b88b6e07741cb7ecde2aa3d59239d1bfa3d3cc9a0560495bd,63d7a99ff0768471d53c371f11985e406590ee96ba13fa2fb7229969f631ea14,225,90
338,HOBUED,1,18,1,ongoing,1200.000,ongoing,1200.000,5b99d2b4fe5227f736d350939b8b727cc4c28cf9d2ea41e136dbc6d71217feb3,a95dad7152236b4b8ded9314d5f66f36eea72b92eba82243a52867c48814bc7c,225,90
339,BUGDEHAM,1,18,0,win,673.125,win,678.750,afe1515103e0c2f45522157b4a369d1963c5601763755f06779257c31c5f3b02,1ac474bb2a36f08199d2664a7405b8425235b5e1d17be1e913c37cad60f1a76b,225,90
339,BUGDEHAM,1,18,1,ongoing,1200.000,ongoing,1200.000,9bcadbc58745de775aa005f52b25e2a5fe630f66646fb50c1885dec2963fe9aa,987f9fc74aba46f90fa60e3ece4d17d3400809dd3b12a4a1e1cd7e5123009792,225,90
340,SHADOZOND,2,16,0,ongoing,1200.000,ongoing,1200.000,5541558d85f17669681ba033b1bf7e5964d7a0335935a56ea5bec5fcda9c59e3,a68a98901451d12fe6a4d41bcf2cea89e9b4f052fabafc7cfcdefa31704f867a,225,135
340,SHADOZOND,2,16,1,ongoing,1200.000,ongoing,1200.000,1ef081752e035c78164261bf29ddd4046f4dfb19f950cb2ef44c6b441cb7b9be,75ca1441266e649ca4788459965856c17066a5babd71ad730a8c447c2c5d8f7f,225,135
341,CORWILLOW,2,16,0,ongoing,1200.000,ongoing,1200.000,cd9deff603e2c01e81b7eb95c932041fba736306aa0d1dd61b3a4624ef92a602,0a41a29a606a7080dbbc886c18845e17ee8ffb11ae9e55371fd87ebd48dc8d11,225,135
341,CORWILLOW,2,16,1,ongoing,1200.000,loss,994.375,8d5caed25a7ae1cdf18d3203a895c7bde5397261df497553d62bef50f3b78e06,517dcc58ed3f734319720d99813249b4dbac2010db9185040baafbcd0f12476b,225,135
342,BININGICK,2,16,0,ongoing,1200.000,ongoing,1200.000,bf114479319964f72c46536037c98f14e415c8a1b1242921ff04ad49c92a63c0,34137a9c03e016f6c5c919c5d2107537d55caa33ccfef135e00e5bf9e4912009,225,135
342,BININGICK,2,16,1,ongoing,1200.000,ongoing,1200.000,eb17d00c0017a9c909807f5bbac2bb0c27e79aaf5c28e7d8c24ab37584cf3d83,71c017c077c0068a4103bf449be473f8f73dba728e37b81f0166bf12bd70ea66,225,135
343,SADITORY,2,16,0,ongoing,1200.000,win,1184.000,d99c2789682b50db63c77dcde4b72648c9945f9a87d9fa3c6699a7d3f96ccb2e,98a4b5766233ff3633c6b15582c153291502d6f2ead7b923c84f3839112b4aed,225,135
343,SADITORY,2,16,1,ongoing,1200.000,ongoing,1200.000,83fd949765babaa95ba09f6f78a8e0e8abbd1b863a6bf6d29c7b45431fb31c61,c9eb284998bbf5f23c545c23d39550139389fcf58aa4fa2e710245740ff78489,225,135
344,LOWCEEND,2,16,0,ongoing,1200.000,ongoing,1200.000,a34ad2e1f22aedf237e2888860248e37eaab9705d1832ad5c7b63f97acda66ad,1de013cbc0cd645fa0feb26aa839c80ab9dabdbb73c02a74a8f5398c9de35ddb,225,135
344,LOWCEEND,2,16,1,ongoing,1200.000,ongoing,1200.000,9f074cdcd06e9cb9c86b58a948ac72c81eac75431fa1cdd0dbbc34ddaefa258a,8eb3d2a966630da3a8edc3936e2a44907240d3a66928529fd3d96f9ac6bcd1f9,225,135
345,QAZASME,3,18,0,ongoing,1200.000,ongoing,1200.000,c7fb12797e1e7f049e399c1a7185648f8a18442a94b6f7ff60b97145d97fe8f9,9636fe63ce43c2e14ac06e7e0025566d07b22125a7fb08cc4596d7a16a09ad29,225,180
345,QAZASME,3,18,1,ongoing,1200.000,ongoing,1200.000,d128fb4122b485778b5624f3a6fd707ac803497b034a035ca6229e07af1a32e1,a764d52a7ba135f4db1157fd86ed340abb48d295655c30b99b2a35115589c02d,225,180
346,VERYHIPOLD,3,18,0,ongoing,1200.000,ongoing,1200.000,b3e4d2bbf31b27119c166cbf02602602f2a87503ab48e2f5847eb23ec0f2d80e,df90db6ebe93f9b2f693f079fcdbf877c8bb88ae23a13b244a978b02c8d3da46,225,180
346,VERYHIPOLD,3,18,1,ongoing,1200.000,ongoing,1200.000,a63449ee577908728b520471aef573431603d97078c386a27ba63376d4b83b4d,94e197829fca7bca51e2d889ed1256b109fff023532f80d979244926a44b7ef1,225,180
347,MINOUTBOY,3,18,0,ongoing,1200.000,ongoing,1200.000,33de0c0b8f90fcef698da01ab27dc3d362bbf4bd6791ed8dabeb25ed225f7a7b,18407dcdd821995c765399d59e1d8e74cb7a8924bd0a31aa455c06938afe57e5,225,180
347,MINOUTBOY,3,18,1,ongoing,1200.000,ongoing,1200.000,38c715b23a0c6ff67b6e0a7c419bd110197cfbc6433154cfbfd92c5697a8b26b,2e109cf8977856ce93665df0114970853e4a3e4390c7884c959d8e9098544342,225,180
348,HAMALOW,3,18,0,ongoing,1200.000,ongoing,1200.000,a2ffad00801493a3d08bd09806d3cf2d649f5499dfa94d67dd12a6b272879c76,9235374ed4f1a610dffc4d91b6e9ac4fadd556ccf8a07079869b2b74b3dea9cd,225,180
348,HAMALOW,3,18,1,ongoing,1200.000,ongoing,1200.000,9c930d6614c91d7c539bb176ff4f66ff4f57787583f1549c17956b3b276da41a,1cb4d0608607e7c83ea1f74b49dac603754fd002ae41daae00e0e7a93314981f,225,180
349,FUTUSICK,3,18,0,win,831.375,win,1135.375,adeae9bb599c965027d4add6839279877a10a098a8f5e418c9254a480792ebcc,fd1695d8f08c3cc36f961901102766790c4903f3df0c0d0050d8f150e9d47977,225,180
349,FUTUSICK,3,18,1,ongoing,1200.000,win,914.250,c5affc3f54b28f5a911ef82293153f64895c074068cda65cae020ce011e35ea1,aead5c88e8a1b5950d0165fd6aa86d326257cf0b72db7766e478c7d05626ae87,225,180
350,SUZDIEHOLE,0,18,0,win,777.750,win,567.500,32a5673176b96aececc4e5d60d80ba3bf05561b07f8fb14bb6b88905efbe478a,6579f70f4c996c8a5fcc617daea91150111dc85a77b4ae031288a504228e5fe9,225,225
350,SUZDIEHOLE,0,18,1,ongoing,1200.000,ongoing,1200.000,696ee8b3769c4a01f41f5010e5a4e90dd50e084b5c0690f586e70cedc331e35f,9b73a7b3b0ff78da3078285112f037dde8f5808b3ae1a5c86e0edb0907da8fd5,225,225
351,DOUQUELAS,0,18,0,loss,397.375,loss,455.125,3f9e79df9df1a59ad5991cb6adca37b418038e5b163d042d6e8cee62ff0b4267,63fc8ae026ea0baae45e002983010b98b1dbd51c7b73024b46b5b77891c281ee,225,225
351,DOUQUELAS,0,18,1,ongoing,1200.000,win,489.500,516882990ff82646d35d7c7ab62d45a14c5fd0c6bb1426501c2cc752d0a13db9,7417a1027fd963e84f96531038dd6b7456d036bac1cac6e1af36ca11ec8330ca,225,225
352,SHIUME,0,18,0,win,653.125,win,359.125,80dfd887906b1081ecf81cae02afb8252e098050ff19f58041e705331cbafeca,f2987f47372e781886d22fc58af6d1ffcee93145b2523a41882272ba5bad0bc8,225,225
352,SHIUME,0,18,1,ongoing,1200.000,win,829.375,a762983faace11cae6b25712545598fb09b628236ae4fb33e246ac5ad1836247,9fff59672708e8409261f2b227143323efd36deb9447e609e971683f3544b4d1,225,225
353,HURTPEOLD,0,18,0,ongoing,1200.000,win,611.500,1b9c433e7a9f8cb294edbb842787887e2184e5df3e445ffa853905effffb3ba9,bd49e59642d029bada4b45d2ed39193031cae0ef4778b41d889b97b9e7c7b0a6,225,225
353,HURTPEOLD,0,18,1,ongoing,1200.000,win,726.250,c607fd7a31b7f4578ccd84ead4d90ab57d670aee6bb39fa9370a841e05a27f8e,826811195dde2c25b43e45ef3a5fc6f9b70e1656e22909d52aad4440d922ad7b,225,225
354,JOSOZBOY,0,18,0,win,598.750,win,383.750,c0808b61cc6dd75dd4d883ea1276f5083b850388c284eae691b85e07c7dee05f,9472bf2c1c2117a534d6751751a8de50d6ffdc7d58d23f1b0fb6396ca04ff97b,225,225
354,JOSOZBOY,0,18,1,ongoing,1200.000,ongoing,1200.000,7580a6c65ecd01650cae6d2b5372ed145ec9969a2a91c0fe7603aa9f2062438f,e187906abbdd5ff068841680561bd3ca8a81ffa6b2a1fab5880c00e9cf099b3c,225,225
355,TIMWILDOR,1,18,0,ongoing,1200.000,win,1122.625,df0d8463d7af020687461aec756d2ef1aba57c4e08a1789c9a217cfc285fdd2b,3d7c0604a8e865b70ca9d332ac9f7f8c2ccf289865dfce2369d5773d8b2e266b,225,270
355,TIMWILDOR,1,18,1,ongoing,1200.000,ongoing,1200.000,89eedaeaf12698d4671bf42b93dea884f0a51931ecec2e0c43f618242c60dd04,491a8ddb43f7b5ccb3172c1623f675b262c6fcb8ea0f3e085aad7720c82db2a2,225,270
356,CALINGPAL,1,18,0,ongoing,1200.000,win,998.125,6d38d0b18a21e3bab54bdd2bb7d3c1c14fc38218bcb6bea44bfcbf32fecd74a7,75c1870ee942373a6cbd09744b51651512900cb26efcb91fd019f46f6e54b774,225,270
356,CALINGPAL,1,18,1,ongoing,1200.000,win,1046.500,a8f92d397d9e83cf83bdbdcfc7be935e61a36a06c9d40f19936cee9478f7b6ef,1a4a3515d54180ad72f171c212d4a1efd49ae1d64bd574312a1b27ea4879212f,225,270
357,SCOIHOLE,1,18,0,ongoing,1200.000,ongoing,1200.000,52bdd91b8825c01cbc387e5eaebb1ad0a98ce5a7270741da2dc24e4e0a686b9c,3544dfb9a6b98655055fd26604125c7bb891fc387b45be271eaaae438a6df989,225,270
357,SCOIHOLE,1,18,1,ongoing,1200.000,ongoing,1200.000,ed7f4ad30ff3c2cae89c2d0e306b29edb39e9895b8ed6895a774bd201fc555b8,301d44f75ff0dee561274faba439bcdca33b4b9af3cb46a2d1f01b455271c167,225,270
358,SWACELAS,1,18,0,ongoing,1200.000,win,1101.750,f83c8a9cdcdbe022bd8037f7f21cc028de0b9e220d263efc3f2e3e1f646e7aaa,3907a25cfebaf5fbe3404154a0ed4eb20870243af6d96e7fac2707d116d38cd8,225,270
358,SWACELAS,1,18,1,ongoing,1200.000,ongoing,1200.000,a52840dd6f88824ffbef132e5253c33ba60403775166ad9da5d7bf3bb8ca9f3d,7f7affdd6140902b0eac6297e9157299fd41ba0f1848a362707f08bee2e9be96,225,270
359,KILLMPAL,1,18,0,ongoing,1200.000,ongoing,1200.000,98a638f7b92bfd97e643c5923793e43d6209c1bec4fc923f91ceeafec9793f00,2a6632c3b644608c9f21ed475adc148862194bee7ec140691f17731f58dcdf65,225,270
359,KILLMPAL,1,18,1,ongoing,1200.000,ongoing,1200.000,9863b3feead048245b2d7df9b7a55238548d050e5045620a6ba38b652d460508,b2a4c98225d23accc611958fb4d4a54577c816b7ec4b85f44c38a1b81b3695a4,225,270
360,EOAHIPPIL,2,16,0,ongoing,1200.000,ongoing,1200.000,fc72ab34a63ca3585d148e1ee17cf5f7fbc32efc45f8bea509de77b859829fd0,bdcd30f5792801374db41872a485ead6032bec9567530af3bbaf936325c8a597,180,315
360,EOAHIPPIL,2,16,1,ongoing,1200.000,ongoing,1200.000,fc40b6dc9d3e2579dfd7b2e00ea97e2957a9723e241433e141eeb4ea9ce6947a,818520174a111b3e1f32bbd13fb0129b1cbf0e35279ee81fd04e5d66470a6ee0,180,315
361,BUROUTJOB,2,16,0,ongoing,1200.000,ongoing,1200.000,f76cca8451df039ad963c70c66c9bbbc3a2900f9557fae2e86f23914c54c8f5b,03edd9e86148569982bc0e1332126f9006b4c5d4ae67170f3fe3a91b30ba5cd0,180,315
361,BUROUTJOB,2,16,1,ongoing,1200.000,ongoing,1200.000,b5c4f9c5f6f57e6082e0423312a53d051b28ece36211f2cb92a1a761dce7896c,733500a8ac5133869cc10dc1e63c82ddd38684697393972c0b61276cf2fe768f,180,315
362,MORADOR,2,16,0,ongoing,1200.000,ongoing,1200.000,a8d6a6c63d59eac3e5911df5576d94115c2c6a2e7fbbd1bdc6c49fb6df89d66a,a3d8311baa7b1c32451ef90eeed2afc1c9c4ea890bac8aa2bd5c8afd2aa34cdd,180,315
362,MORADOR,2,16,1,ongoing,1200.000,ongoing,1200.000,845bd74d59874e7e4c851ba30b67b19635eec98cceba5f2287be143f5606e228,0e42a6ebca979c0bf91b9fd73b282f637d6f7c043259fd4626813cf2e2c80923,180,315
363,NIMUSPAL,2,16,0,ongoing,1200.000,ongoing,1200.000,f3202f6baccb579eef0cfa5ae6a4505a2383f0949770d041805d970f9208cdb2,d10038e59a44fc8c384c02233c643516acf1a2c1e5a4be1eef626daada5e36aa,180,315
363,NIMUSPAL,2,16,1,ongoing,1200.000,win,883.500,0168aa58a2628934cc3e6b4d5c27a4fb594e887e2ca7b61bb11763165e683fb6,4c1a1ff1bb51ae82ae78256fd7878c9367a818b4bdd8e9ba0375368ce0b74b42,180,315
364,BILDIEPERT,2,16,0,win,759.500,ongoing,1200.000,9afc0866d10c08ba595619ece6a5cc3d24c9f32c820b2c1fb39f875d1022c723,98a2df630bc06a3562b4bd7ab3768878ba3d2094ea48e4516d661574611b7430,180,315
364,BILDIEPERT,2,16,1,win,782.750,win,721.000,2da7f3e4f6d66277ae1f75e083034d2250de3545b6f71657d5a71088b8624dbc,ca3624730d3847526c0ddef60e9ff664c1d4941b2147cc26452a7243bafa85be,180,315
365,RINGLOPOUT,3,16,0,loss,442.000,loss,411.875,dd6f97007af34a20bacbd6205bbc58db64385a254d51f58d7067f91fb0a10ddf,1e20c9e87b685d8be3576db028ad7645251e839c00ced3841129471d98c2f133,180,360
365,RINGLOPOUT,3,16,1,ongoing,1200.000,ongoing,1200.000,d5d63ca739bd428329d175499aafbda7be79dffe8b2933772b591a93db25a24f,eaa3badbd59bf82cf1591e37b5c048d1cc1a32ce371eb331543cbb8d273e672a,180,360
366,WEAVTAL,3,16,0,loss,288.875,loss,284.750,3fa12633d64484494bb70d80778430d12b37fba1e79ff3de1f594ef5694086cc,0427723c847d460bde0735ec21915af5b7fca1ceb6adc99dbdd27268e1a9a09f,180,360
366,WEAVTAL,3,16,1,win,336.625,loss,608.125,cb2215ae9486ce68a118e17abb791afb66eb522ff4715c6d2014b1693b49fce2,340ebb35a99cb47a265cac9636ec4dce2023479ab92252638d7ab38db3d43477,180,360
367,ALPPEPIL,3,16,0,loss,311.125,win,489.750,e9e1320e1db3f9de09a244441db82f97fb6d865d66aaeea4bc4db92dff252f1b,42c88f130cf16b2d24cb7f805628f9e19cf56c3975f626492420f75cd348750b,180,360
367,ALPPEPIL,3,16,1,win,541.000,win,443.625,f2d4e019b1bc269214ff3e55ac980e8a2c06cce2aea8a8355218b7ba696aaa2f,ead00cf5ebe50c5eaf588ccf79938e7cab454e7f07cf67d908fdcacf41f8dbcd,180,360
368,BADOZJOB,3,16,0,win,590.125,loss,346.875,f0f5ed8c961d3b18764246d0bb4811cd9d9482b323c7ec7b7ad597ad3da7f2a3,206f353f18e2061f82abe36a0f3902b6152dda8607cca6ad61b2a1a2861b3b65,180,360
368,BADOZJOB,3,16,1,win,777.750,win,675.250,d130b60f24a6dbf61d83bc5f6117a4f63c7bdbeb188f26c34a0e9366b9bfa47a,5649fbbabd5598a0b7ac1529005fbd37d5042ee4944bf49d9dd43b464815423c,180,360
369,IMMWILLIN,3,16,0,win,539.125,win,454.875,903c4dd2fae37d0ea5a1fadcf2090b2a924997b742b109cc94b2d9e7462c7aed,df46a75c96b1e934ab622d34e752320347e2b16a5dfabfa4b4d2c07ae2078839,180,360
369,IMMWILLIN,3,16,1,win,475.125,win,455.000,4c9e0b30504080928c07b4365e84f77fbd0cbc8fd9f73b7ea754848a638eb336,8e69ef9d300672bc449fb4b5bf6aca61c96f703c3b1591922dccaecd3c3277a7,180,360
370,HOBINGDON,2,16,0,ongoing,1200.000,ongoing,1200.000,1871c8f9d753d26c49d39bec4e29b5fade63e6ed912d00aa505e5bbd31e04f26,ef82e213aa4ecca706a938503c448296e3efecd858918a40ad68aca04e9d8afd,180,405
370,HOBINGDON,2,16,1,ongoing,1200.000,ongoing,1200.000,76216544a1b608013355911a8dd2ca74fedf7e0f7c1f4f1779891c614f0ffbe1,8d115bc5234aa8d6a2ebb6aded53279e128a50ad3d5ab1263fb41be3303c5f00,180,405
371,BUGIPERT,2,16,0,ongoing,1200.000,ongoing,1200.000,1fea3014325b0f259148868ac887fcb8501a1474a82ad94865e6f01947cabe18,a597025174b78a5351deec2315c2306bf45343d70057508f0c68105396dc1854,180,405
371,BUGIPERT,2,16,1,ongoing,1200.000,ongoing,1200.000,bc76af9ada5c88370a0026231be28c57268d19624030128eb331aefa641dc72f,352cbf564cd256c6184211c6abed4df578efbee2a53b4f244686ca55f84630d2,180,405
372,SHADMEOUT,2,16,0,ongoing,1200.000,ongoing,1200.000,2586c800684a35ac3e2ac94ed363106718f6526f6558b2f9c8ff2b93b416ad43,0e3b1d588ac260b88fa77f4b69a65c8d60aa602fcf6073dbc3a59497c8d100df,180,405
372,SHADMEOUT,2,16,1,ongoing,1200.000,win,813.875,192ed6948d48a2ca44966cac940442e3c6b9703bd781df8b2c685e0d4a36d8fd,441a501ee62dab0d55c6e6a100cdf05c3cc7d82387e309320299a7ac0f2da3ad,180,405
373,CORMPT,2,16,0,ongoing,1200.000,ongoing,1200.000,e2ecda8eacbe98af42d2d345db266783c01b53212a5118b0a8f066fc3f2a107c,8769be01396f9e3defdc1f2c50f38fabc8048a41557f608816e39dd510b66be2,180,405
373,CORMPT,2,16,1,ongoing,1200.000,loss,1019.250,59b00924593dd5408db0db9863242eaa4a585af5455ff3b7ccde16d526499bef,a4f8bdc13bae04c09bc6017c8c051e7be0657b5a35a6141443ef0650f675ec19,180,405
374,BINHIPBAR,2,16,0,ongoing,1200.000,ongoing,1200.000,e523b72740a4221a03b0d98879965e6c7d4ff83fd4807a4d6f4d3cbaefc70285,5544358a7b5e111169f016135b62cd809a054a096d635366f3144b26fe694548,180,405
374,BINHIPBAR,2,16,1,ongoing,1200.000,ongoing,1200.000,949fcc6c428eceb09445f0debc14a3431a116eb606da93c48c7a3eeaf92bb076,173190f01081c95bd2703f159ffdd68d53e2443d917ef5f28aaa9659876f16a0,180,405
375,SADOUTER,1,16,0,win,808.375,ongoing,1200.000,0520b7a1c145323c84060809a950ce62264aea69221defa3b3fb804682c6577f,635fa0192e1aeb7a6fdf964d01ad30b234cbc123f0099d8cbbd8638ae5bc7b47,135,450
375,SADOUTER,1,16,1,win,604.250,win,1178.500,fcec7e0f59610cd8352e93c31a33d9fad916ef46474e9ddfe1bef8ceefe25cb4,44dc61f0329ee9e4f9b67646ed466fee603d07ff99f627f91a270ece78bd27db,135,450
376,LOWALIN,1,16,0,win,934.125,win,1099.125,241f0e57189e030030e50285e1011e1466385e607b684794756066792332f354,2759a1c8435eec394489adf788f1231794cee81fe77be40d22103624d2d22c79,135,450
376,LOWALIN,1,16,1,win,701.375,win,877.000,1c918ecd4e9852c1cc6a14ff3c361847a2833bcb0231a1d75e4e256aa16fd093,869cfcd968faa44f1c270289ffe8a3a7aa7c84f726c63b70f4b8379047607b5c,135,450
377,QAZUSDON,1,16,0,ongoing,1200.000,win,829.500,f75c1fb50e95d2ef9f469e700ffc9615237832c2ba3cb159afa28504d48e1433,de65ff40311d9a08bb475658bea6b6c60fef61919d50e5c85fdb345f04c66d88,135,450
377,QAZUSDON,1,16,1,win,654.625,win,701.375,03a3ad75440794081997baa57acaff604c1eb44ffaf197482d87a4b41be41926,ff8ae95eebb948efe38969ad256961f2f6d83e89818a36e04792b15c6261368a,135,450
378,VERYINMAR,1,16,0,win,825.000,ongoing,1200.000,d09b83944eb6e21005e81a87886acdb4123377bda0a351ffdad5bbb2e5745efd,9ddbca0e74b7933fbfcc81184b353024f8e0ce6f6737c0a233ca085a88366125,135,450
378,VERYINMAR,1,16,1,ongoing,1200.000,win,652.000,45489df7456308b8f0368b012bc96bc9a23913a3a186f73a4a81b65c8de0e3ca,53bf8bd7bf89a4055cda65b33bc5f02cb866d570bda2de92b66e22efe4f6e9ae,135,450
379,MINLOPLUG,1,16,0,ongoing,1200.000,ongoing,1200.000,98f887dd144ffc6bd705325cdb816607341285197c9f818cb4932dac0f2c3726,65849dbe1f5fafc70d4496d651e5aecb7269efdec5308811e1a308e6193dd6e9,135,450
379,MINLOPLUG,1,16,1,ongoing,1200.000,win,1112.000,b3b3c6896fccaef501a757dbe0a79718bbebdee9bafcaf2d3ba1b39a04e6e81b,232702a3663c8d8d0bff2901349da33a816e6a5c924ad5cdaa7d34e738383437,135,450
380,HAMTT,3,16,0,ongoing,1200.000,ongoing,1200.000,ac7acf16d5bb430f1fa67727d1387714dc56aa4d06c50caf6274fdacba8d3007,8509feca415e258689380ea3327ed2d4ed4585bf37dcf3f377fa32ef342d521d,135,225
380,HAMTT,3,16,1,ongoing,1200.000,ongoing,1200.000,93ef694dca4c5050753cbbb54d56069d6446314021f3fa600ff8549bdc6750f1,feab5fb16d86d9caccf027925dd47ab2eb8eb9fd12159f8c797286f2a5f7e63e,135,225
381,FUTPEBAR,3,16,0,ongoing,1200.000,win,1061.750,a001354f04bc80a5278c6f09bc3956be264e980f073435a31f8af86c10f7f691,aa74c82a3323cc130852744c652937ec00a12ca694112b90e4a3bca7e7d044dc,135,225
381,FUTPEBAR,3,16,1,ongoing,1200.000,win,696.375,1499403bcf6cf79126c42d18df78db4cd449cbc3c1fa347afc2211f9b67a50d9,dfa8abcc6792ce87e50c676f2201e8dc6ce5b245ccc7515b72d3c9eacdcde369,135,225
382,SUZOZER,3,16,0,win,1082.750,win,806.625,ceea82adbde80870e5d029420df1dac3f44a08aadeb20838ccd4cc128ee82d4a,4803d9e4773759ff729c6e3cb3b8f8b386d52392550110bea7bd9e9f704b2c64,135,225
382,SUZOZER,3,16,1,win,998.375,win,854.250,72ce9526fa555de24e96bae59edaec9ec075aae13cfc09a6cbd2950b9f5969fe,df3ec089d60f3ca68abe1df3d67fed1297000fe8c98e0059dd59f81ac1c93439,135,225
383,DOUWILING,3,16,0,ongoing,1200.000,win,1048.125,664cfebc73833298492f09bf1e987f9cf73c832ffa17713196ac9015af22e79b,55118509fd83e7a6d98a6dc8b695e9775d1833083b8751030590354705d95911,135,225
383,DOUWILING,3,16,1,ongoing,1200.000,win,1195.625,8dcf73550608290afe3011a1c29ecab249c4b5accffc6d797f14599edee59910,46ab2888f548e729abf527245da77a6968e8c97b8e67740d384c866fb6e47e88,135,225
384,SHIINGORD,3,16,0,ongoing,1200.000,win,936.625,5b04911fa132b01f547cbef6957c1b571ed99dfcc828df8c8932c4a41d5beddf,fb4b89f3ee98a5e413a3e72ad3ebe102d0f76dc951031a5b84eaa1187c803bd7,135,225
384,SHIINGORD,3,16,1,win,553.375,win,418.250,74e1d9ac8d31886f311279978d9a4f310598246d70a5985b8ad43c8eb5aa1c77,18ec24e5eee37e3c9cc02089e38a053ddb5ff4d1bee1fdfaae15db3e401613fe,135,225
385,HURTOMAR,1,16,0,win,1131.250,ongoing,1200.000,140039aaa8f910f9bd11362ad674186afdfc0a45265a67ef12d614e0b828d512,3f8b6377b3b416a48d8ddf8c933929d8afb5b73018dcac4c7968277edaad3761,135,180
385,HURTOMAR,1,16,1,ongoing,1200.000,ongoing,1200.000,5c19addbc147fcadd040afd3592e396e71917788c41c3fb27af926274334b17a,e92beab3acd31d0e6df2cdb0720b5884234b81beb6f9d17b736d3098a49a4788,135,180
386,JOSMELUG,1,16,0,ongoing,1200.000,ongoing,1200.000,58572694a24ee88d42044c49feaa7da3b3211ae9ec48a5aaecb9425c96d9be61,7046df7e7fc4c1a77fc9764de01adf63f722acdda9069f586f1ea5f1e33a0d37,135,180
386,JOSMELUG,1,16,1,win,879.500,win,627.875,65c02e26ba59533417ee35f20fed177708745f0bbc0c0029daa3702c5c1e5567,6dd69c845864057ecfbf4e0115869a91715c70d080efa0eee13be321175a9f93,135,180
387,TIMMPHILL,1,16,0,ongoing,1200.000,ongoing,1200.000,4147be7736c3b65d693dfd41c2f0d65d4c8d128d74a5d41a5556da51fc20a161,7583bfbceb60a1e987d1302905ce94882383f9c8e80773be7570ac81d0113555,135,180
387,TIMMPHILL,1,16,1,ongoing,1200.000,ongoing,1200.000,d17ab14e8ba5982b0be2181d0af6dc6d2db5c67a4b1244585c15ffa823b2f402,2f3ae98413ab3f17f8279a8d4486220a7499628857b97cf1e142054baedbc4d6,135,180
388,CALHIPMET,1,16,0,ongoing,1200.000,ongoing,1200.000,4d5824d1106f14e7a738cc49adcb7068cb0858bd2e84c2125df477b453f61ce1,75194e95330937e35bb96b519b0dd5f2268a4ba1ab29d737e841100055c71bd7,135,180
388,CALHIPMET,1,16,1,win,806.375,win,656.000,90a2cb1627c1b2852b89eab058c8f313cc6493e0999a4997d4022ed2e7e0646b,7aba55629de3b3d3710aac353968aaa53f9f6521d199cf2be7538b34a39cb7a0,135,180
389,SCOOUTED,1,16,0,ongoing,1200.000,ongoing,1200.000,63e520b7ac9100d924d71a53057632f2210415855569ca8ffe1917eb23dfe519,7e8f6d763ef2200786a1358e17962da752203bed07697e4337781f2f3b5d0b4d,135,180
389,SCOOUTED,1,16,1,win,1003.625,ongoing,1200.000,3d74b4ac1b696c2b8f40145686b8eaf0271f675e707e43eff8f5e035df549cc7,9631a7b881a0f4434b6ade097ba91f699553cdba39293e10531d4ea7ede9cbdd,135,180
390,SWAAING,1,16,0,ongoing,1200.000,ongoing,1200.000,8582e7bdbe07fb6e3d571135d845085e4af7f20fd44a51b03f2d7ab68e7830ad,45aa919597ece61bf4aec0a3eca22630e40e3d67106276c389201bb2755248a6,135,135
390,SWAAING,1,16,1,ongoing,1200.000,ongoing,1200.000,ed9447fb5d7db13862a7bcf97bcf7b1e78a49b112bd59bf520256dc345ef800d,1e0911577cac1ad94b9ab26a43ab0acda7dc171e46859f39dfd619dce35dad0b,135,135
391,KILLGBORD,1,16,0,ongoing,1200.000,ongoing,1200.000,63f68a68192bf6fd7215ff80a595fc0ab0f6681f5757aa6e40fe0514f4e3d73a,6140a8e393333198f74c49657a8fe013aaf8b226e977b3707164858301e89b9d,135,135
391,KILLGBORD,1,16,1,ongoing,1200.000,ongoing,1200.000,09abd378ef297e8e5e14af102583e0fec3c88c60e8afacbb9627cac80a655a02,1a59d39af7289878648a43cc9ac6a33df8c393e0a372062455beb72e8b213fce,135,135
392,EOAINCON,1,16,0,ongoing,1200.000,win,1063.125,2a259c816866800d3a952b64dd410b33a11d7b3fd2fbb6d404583fbb8668fc3c,42b652a2069c8a893522d50770fe826c7d2ab93d10675e9006181edd8a644cda,135,135
392,EOAINCON,1,16,1,ongoing,1200.000,win,527.375,3b33e91a3e7cf463edaa3af5e27126818fb95fd3a2f3a99575aeceee58cb67df,408c3589d6756afbf5ff2e165213432aaa745c19cac79835515475305c0cfded,135,135
393,BURLOPILL,1,16,0,loss,770.750,ongoing,1200.000,67fe0a32923bbc8fbb763359290e5bebe89a216cd771d5ae27af4a919fd560d6,2109ee73de0c55992ebd29c8d0acace55e6c6a28475ecb94011f2d234a68e21f,135,135
393,BURLOPILL,1,16,1,ongoing,1200.000,ongoing,1200.000,69fd9fe15056d334644648910dc9e303e1c81fdbec91432fa1c37136ffd1af74,67878123836a0bf7f30cebee7ffd7f9ee0e4ab3ff785df839cc326ecd9f10927,135,135
394,MORTHILL,1,16,0,ongoing,1200.000,ongoing,1200.000,eada4742c3193b2c87f4bfdd4a8a8871de39fa8b2abdc4cf2df62314e662324b,e43dc9f1271e3f7d0bd2eb112313a2a40cbc9f202c531f08da3b8c927daa131f,135,135
394,MORTHILL,1,16,1,ongoing,1200.000,win,1018.500,9a9caa7b99ff921eb2493dfbae941dc02a2c3cc9361c8979c91e0134131bacbd,a9b13b70951cc7a35bf4824336739a0e79cb95b71403dabc6a0a17c198c4242d,135,135
395,NIMPEMET,0,16,0,ongoing,1200.000,win,1144.125,61cbab3113a469cd3b163d7b4e9dd0feae470e46110911cac73018591d8247c4,dd73e49f5f4b0a1b687600f3683f4db3e962169aad286fdeffa94bd93c200639,90,135
395,NIMPEMET,0,16,1,win,691.375,loss,939.875,786371fb261cd2be01e228230541bb04eefc8d95338a03c988e920bff7102d56,5361c9cc723eb9e45de5fa343519653bd997dd53750032e60a62e4bbf386f79a,90,135
396,BILOZED,0,16,0,win,561.625,win,718.750,e54a1fc3025f03ec7e551312107de38ea6703bdcd416da88a50ea77260cdb674,9cb19d5bc407afaaf2572924792f90bd438b4d57f50607359f5a66ce6f73d279,90,135
396,BILOZED,0,16,1,ongoing,1200.000,win,867.875,170b76f1339ce3c00d818a84dcaf3731c7ce10b9a8eeab26a221c088602cdfac,2856fbdeac42b07c4b9ebec4121addf1d3a0914815f70c489320d0f44bff482d,90,135
397,RINGIKEHAM,0,16,0,win,1178.500,ongoing,1200.000,7c85d8ee2f3cf37d3bbf426ba5b8016c0b145574d160bd487594808f523b5cb2,5d72ab15e3578c1fe0565d763f34b0bb374798a887213cf74fb921799e7c4483,90,135
397,RINGIKEHAM,0,16,1,win,540.000,win,707.375,bb79302ca2e8df8ceb410588fb79c9ffa777a59ade5223556f692626f6736831,da967575d5774d72058f20412f2bd750acc21a94d72a67ef7b71ca467cf73967,90,135
398,WEAVOGOOND,0,16,0,ongoing,1200.000,win,988.500,66c637be5430c2539dbd4cc14451bc19bfb568a70434fb42c3acc6fdff0bd5e6,cc0ee02ad9b4d0dc98033752a64c9d34a8c78498f113db1d8839cbd3e077cc4b,90,135
398,WEAVOGOOND,0,16,1,win,891.125,win,1062.250,400294c67ed07826c226b3406bc74c18a5d4a82a0d91c68174234393219480cb,acaecaf9b58dbe83869fbbc98e52fa30a9ebaa04bc66d265ae37af19d9de3e79,90,135
399,ALPOCON,0,16,0,loss,835.000,ongoing,1200.000,f4e67843494af1edcd95db8d343b7ea738a099580176feb8658013ddb2974523,cbf5f12b3313af344fdeb8483ec086afa31fe84fa7a9463765cc01aa9880e609,90,135
399,ALPOCON,0,16,1,loss,662.750,win,550.375,c87eba35b28316328eb183b07cd80d8e801e7647077020e5904c10730afed099,2247d4fdd9f22d78966389ff95337db54a2046739e3b80cf42ad8ac3ba326546,90,135
400,BADMEILL,0,16,0,ongoing,1200.000,ongoing,1200.000,c78e83189bb0bb968201063c532def7e9b89b91c434443eecad8a574dbb5d663,eda633937f58cad3e4a99258381fab5ca135f7165c168e0dfd283804861107d6,90,135
400,BADMEILL,0,16,1,ongoing,1200.000,win,1039.125,8e2420dccd5b0d54bc11eea2d1f973a57e821bd1a90f3678a69a5431668f6501,7b83556d9b1e7848b20960480f05ca45ddb08b42529e7b0662dbfae07e82da89,90,135
401,IMMMPTORY,0,16,0,ongoing,1200.000,ongoing,1200.000,50e4a8b46a1ae26c11e30633dee8ba302c2ca9acbcf33300e43f9cf6fb0fbda5,215ff19acfc531e39ea7dca4da26613748ffbaab9cc34785601ac54e6be46c76,90,135
401,IMMMPTORY,0,16,1,win,534.125,win,730.500,b4c92b76284f0f3de33e86e5a1770e95ff061c39c408c1cc498991b541209b04,0060d6a1eafb550921441c4789dbc4afdd933439373df791605f193784104427,90,135
402,HOBHIPEND,0,16,0,ongoing,1200.000,ongoing,1200.000,51c77bde636096b33f2cf9aa9c4ebddb67e95bb4bfd778def8b5920f4e855006,ecfd10eb173cf3cc985a8ad1bd26e698fe54dc6ddc9279d19ec6cca22b205656,90,135
402,HOBHIPEND,0,16,1,ongoing,1200.000,win,1140.250,9df00193ab5fd53bc8913e350af192e1b6534d6950a363ad0f8ee58664a3d27a,bc53492be9110ecb6b506d31f593e424ccae59d1759d6ddea560e9865b4bf012,90,135
403,BUGOUTME,0,16,0,ongoing,1200.000,ongoing,1200.000,751eccc3cee117b28f6275f100983d7a4da55a78280adc32f84b94930784ae7b,01dbf3c64281fdd9bb76f4faa4aad52439445702cc08f39627bda7ac575c357d,90,135
403,BUGOUTME,0,16,1,ongoing,1200.000,ongoing,1200.000,12e790ce29aafc680eb349b9cacde6fe86cc23b7ab552c5c37f29535814fd07a,623bb43c16c50a9ce96a6a323bacdd4c0a1ee13a7b20d1354876d4f549f33b37,90,135
404,SHADEHAM,0,16,0,ongoing,1200.000,ongoing,1200.000,57c4c35adc9643beee5d2995130dad7b3e8fbb4b5d11cfac92af4db6d3cf9e0a,1ad4a593e0383c3e6fce7bdc3ec57eced785e22a5f588a663c6f82d759ac32a3,90,135
404,SHADEHAM,0,16,1,win,1072.625,win,1182.625,b25e73e23e08d24182e9451424d5101241897cee90c3e882c356cf900ed9a913,f9e6096b8aae19c0185d19476e73cfeae782314eac057ec2b4daf6a8f6fb377b,90,135
405,CORGBOND,1,16,0,win,1047.125,ongoing,1200.000,9f4496d5b2ef0b7dd956be3308b0d5e2c86868054c19d62fb2b58732c3971813,6770eb9fc04bd22ea28d9d6e1f238ce9593eaa599e3cfc2f6f4e9cb1c49d7a0c,90,180
405,CORGBOND,1,16,1,win,1083.375,win,1171.875,0aa2a2807d9caf68e0bcf5eade661e77ce2056c25637fca5fcae60e04ce9e380,0cab5c5b8de7f761e20a1bd7fe6f7942d99e9408c007e7fcd7dc682e22325683,90,180
406,BININLOW,1,16,0,ongoing,1200.000,win,969.750,ca2d47de62465d17a360c069ed31fc07b482d99831863a5876bbd523f052796c,906666296f8c84782ccdcd79f53974d0b4374cec99771dec1b0ef43b5a124b86,90,180
406,BININLOW,1,16,1,ongoing,1200.000,win,1035.125,7fe2f02f191ee2a558d2c40d40e5a1e773a9f454d65bb043fc085523de9ad257,c74461b9e9cb91bdb13612f37004702ed1dd7a1fe5293015142cb7acd74589b8,90,180
407,SADLOPICK,1,16,0,ongoing,1200.000,ongoing,1200.000,fe8cf71d70e0ab9221b5244f6dcec4e5da220c3f62b2adfd64962ef729c800e1,08ae1bddcb846e4153859492714999c4ed61a8abea8181789971f64f1b6f1467,90,180
407,SADLOPICK,1,16,1,win,552.875,win,840.500,c5c2e8c38ffc9ebc197ebae91b6fa3be7310e3109725dc04465aa966512e16e9,d7f78e7fd7c2592c6339346cb6fac9b6035263a50157cc51430aabc64b084104,90,180
408,LOWTTORY,1,16,0,ongoing,1200.000,win,538.500,45266b8b4b46bd49a6c20955baa03926caf52a0b88a5cfbff541b15686d09743,0ddcc94d8624519dcae48cec79a5c6b20eef189b04a89863eb8f6574fd8c25be,90,180
408,LOWTTORY,1,16,1,ongoing,1200.000,win,792.875,66e77e8c1595f0ee68752fcf169cb65fd8378963be8a769542f1113138f947d0,bb13b05319463d64f6345626ee7390408151b0abb0f9c98d000206539586dee1,90,180
409,QAZPEEND,1,16,0,win,1009.375,ongoing,1200.000,62153407d02d2fffaedbef8f303b6909cd95bd3aae8f1c4d142714f04204b9bb,4f8e2967ff411c09bed80992ccb3e8cb07b265290c2f13c5f7dd8b8569359929,90,180
409,QAZPEEND,1,16,1,ongoing,1200.000,win,834.875,a75a13db2ff7662482b6a2602ba0a13f410f09ec5006b6db67a51952ce1290ce,528fc2a24131a5e8ec19e77050e444746b001810d52e65ce5c994c6381a55e62,90,180
410,VERYEAME,1,16,0,ongoing,1200.000,win,857.500,cd99a3ad303b816396305d9415669cb2b7715e143dfdf3dd79abc7e8b909986c,3b67fbd6a202b9f2efcb100d85f2af73e7126fb9a0a66692726796828205bd11,45,135
410,VERYEAME,1,16,1,win,808.250,win,1082.500,e77e5200d6255346e5534deecc20e7fe8edb2674d5e41d142ba56698d1d1a287,b4bee0bc67fe0e01a33a7ff2ab2cef4fd1884128aaf1863342a3decd5e827eb2,45,135
411,MINIKEOLD,1,16,0,ongoing,1200.000,win,1197.375,b242e2c47711ed06ad08e64ecde4264bc90df3d9dc6df21b7f7cffc2b613aa28,a19cb7d8bbebaaedb323c4e69969b096b8221c3d65be72b2db407e422f1f179f,45,135
411,MINIKEOLD,1,16,1,win,1089.250,win,1097.750,c6c37a77b027bd926319596be94eb6e04612259494d0d043816a1b608875ea5c,0a544ead9dc52ef7609e7c2b5875f5cdad06c627fbb0aaf7e12902e6ac224c25,45,135
412,HAMOGOBOY,1,16,0,win,911.000,win,1115.625,f113a2226ffbc327dee960020b7565872250ceb1571d7db4ce808efd112ece99,7cb90ee78fa74492e259ebc96974c83b0659ff5e522d92fcb6d412d5b19fdd38,45,135
412,HAMOGOBOY,1,16,1,win,539.375,win,965.625,2e8f51142a23caab5ac0feff8e10dc87a8080fb2d956451ff47f0ab1a2b911c2,e5f1576fa4d70c3ebaf298e6c7568903bd0b47e9b1a37fd020dd62b14d870075,45,135
413,FUTOLOW,1,16,0,win,770.125,win,1116.625,aa3c9ba56d0f8374d5dabd62f8f59c83c6092262c6330bc9bbc82f204ca1cd25,e0505b13fe03a158bd35c147c11d4d1666d88accce6ac368b636edfe55cdfad5,45,135
413,FUTOLOW,1,16,1,win,198.750,win,991.875,d52b9b1d3dd28af019f18a10870772c4ac040a09ef7a70249a884f41bd6d3b06,8dfae8fd04cfa842e4c722d3b27b8d082f7c258ce81f87ccb76c0f810f7199f4,45,135
414,SUZMEICK,1,16,0,win,646.750,ongoing,1200.000,f3386f71215bd0963b4b7bddda84d04f20455df0e06ccea658437e6c3591e567,4b038037807ff81953966cfb6ba60d55e79cc0c386a66c32449c4318eb2c5129,45,135
414,SUZMEICK,1,16,1,win,745.375,ongoing,1200.000,697ae7113c0e0841e24e4893b0f9717f07bbcd44d602778a04823e04b778aa16,46d5e259a0f833f182037998b618cd3c2c6803a78b67d495f690482170cd6ed0,45,135
415,DOUMPHOLE,2,16,0,ongoing,1200.000,ongoing,1200.000,a06b5cea661f4cadd4b9bf10b1690def83ae18425e2e22025c2686038a2bd99c,2841b9212f997b1e223806a88950d8a6a9fbeee8e08224345ebe0ff915df239c,45,135
415,DOUMPHOLE,2,16,1,ongoing,1200.000,ongoing,1200.000,ccf12fcef620648292ca29fd702839248e2f193763c36fde9c43f6d112a1c405,36bcf9ab754ea052bc67b34187fd5b4bb8c2f8e217e4da67cafb2f2e185797e3,45,135
416,SHIHIPLAS,2,16,0,loss,1130.625,ongoing,1200.000,9ec2239e815715e1e15b646654422de00313cde67336d415861af294cee3eafe,ebe119d895a6599c3a53a27c157bdd34eec98a56efdeac16a8f4eeb486c15e07,45,135
416,SHIHIPLAS,2,16,1,ongoing,1200.000,ongoing,1200.000,ab9a75087a13269e3919f34236f24d1d1f6eb39d5bebec08c0441859249a133a,0e3358551806fc0e9721761c5eeee18f0698327e953fdc8ad9fbd79971ca5b41,45,135
417,HURTQAZAL,2,16,0,ongoing,1200.000,ongoing,1200.000,deee6a293cb04cc3cf14c3d956495be21d9d108d60cf8b03e8a6e1a7d6b3811d,be1b2cd5011cc83235419ea1c34660b9a0297ea7d37b812d5d2d7fdefdb23037,45,135
417,HURTQAZAL,2,16,1,ongoing,1200.000,ongoing,1200.000,091e54c67a445bfc89301a932d869bdf1967dfb6815508f6b4dac46bb6e44267,b6ec0a4eb14c1aa729862ba24d2ec310908742300c3f4cf3d9ec43d3a5a233d4,45,135
418,JOSEOLD,2,16,0,ongoing,1200.000,ongoing,1200.000,8152befb22812dc1e39d5fbefdfe711d1e9ba74ca373b835066f6603a4e08691,19b700977b0a9a81c2134985952bba14e5cd694b118786de7a2db066389258a4,45,135
418,JOSEOLD,2,16,1,ongoing,1200.000,win,1187.375,23b5909406e0433592ba8b3f9a42bf0ee1c0bfb5c9e89da5089910be82f428b6,c7dbe5db3ea1f56e92322e75e3987c4ec77151fd0cd35ca2637e252c10431189,45,135
419,TIMGBBOY,2,16,0,ongoing,1200.000,ongoing,1200.000,639a1e073b2e055061b375fbd286d6e2b8336782dbffb50a74f19241f8475486,8a823bdfd7e27b8c24ba2c04dbebe6f1fe972725bcbb2cc43d21b22278cdf9c9,45,135
419,TIMGBBOY,2,16,1,ongoing,1200.000,ongoing,1200.000,05fe0854585132b80c6013ddaa7e3e4f824ff971edbcfd231848d8965eba3a3b,784dc6cdb5f663c2986e63cdd3eeeaeac4390a7e8687f21f17412dd0a628fef9,45,135
420,CALINDOR,2,16,0,ongoing,1200.000,win,1110.125,3a980d6be06351a3073e80f8e9aed530907ec9866c8a902c6af7b4398c293db6,04cc9f67f61dbaa65642f5f956f979fdc8423204655a1ce287d691144a288c96,45,135
420,CALINDOR,2,16,1,ongoing,1200.000,ongoing,1200.000,9d6c97856408ff4f5b1d7d6262cb185f1f33050725d9d4a46be3bdb37d2f2df5,e7e78906ff9cba26b15b86c2bca64fe22821f0cc344cd2fedcb86574f92bfec2,45,135
421,SCOLOPPAL,2,16,0,loss,748.750,ongoing,1200.000,06cd9dcad6c4f834e52c5bb65f3da5c4998846228230f68cce9f6b386788878d,5eca65e6ddb95c1881205a91080d371a9ba51e9653c642f20b5bbaf85f11c1a5,45,135
421,SCOLOPPAL,2,16,1,ongoing,1200.000,ongoing,1200.000,75924c93faaf1b9d3247a09f673f6df4c1e25b1977dff5d92b9ac7d3a147b694,f57616028494083a3b71e43d4bc268cdf7d0dbd855c0cbc9970af84f5a67713e,45,135
422,SWATHOLE,2,16,0,win,1087.125,win,1176.625,b566e2575e7b962d9dba4218eb4b562943f528c74f1af3cdda1e8f8d4ff7d87a,a6385717f2bea1752affdd00d6c825716a99fa0c6067058a59a0439211392e65,45,135
422,SWATHOLE,2,16,1,ongoing,1200.000,ongoing,1200.000,eaecb259b75c7ee54fcad0d92df4e78c51ce8ceeef4396e9ce8e67df02a71730,7ef38c1ec793decf10e95d4c2ebebdb9da1faccb0b99804ae9d10792896b1706,45,135
423,KILLOXLAS,2,16,0,ongoing,1200.000,loss,1051.125,bb6ecb335d8bbddaaba8303ede3e6d174ea8e0aad8e9179d72b38324885cfba4,b549b08083a016beb3459daeade10de0f39307548167b5b18d20f448f1065c83,45,135
423,KILLOXLAS,2,16,1,ongoing,1200.000,ongoing,1200.000,a9bce8f35558eaf443f2ef5a5d4e24f848a0f007944cecd94474e65d2a8578b7,c5ebce323a01273b363ce4ab5bbb536c1fa1e79293a5d63d793152ef71631d4a,45,135
424,EOAEAAL,2,16,0,ongoing,1200.000,ongoing,1200.000,318e11cb5a182a7abd04904e6b3b63cf96e6434a1ccc1611daeb71e62c9dbb2c,5e176ab0340c3868433dc0874d8dca907591ac37bfb58e3f7bd4e28a74131ecc,45,135
424,EOAEAAL,2,16,1,ongoing,1200.000,win,950.875,b88d14e694f1a0fb9ff5d3808e767e9f2d1347bdd749b1008eaba5834bd97cd5,5f1dd94263d7923b43e48bb7ce3abf081774a589ad6731ba5e79249f72c04c96,45,135
425,BURIKEPIL,3,16,0,ongoing,1200.000,ongoing,1200.000,eeac14fba01eff021bc9c914053a6d0bb37346a3d2881003b2d9ea54edb3154f,f55f0392aaee3678347e0f2f6644d46a2f2223377aec55dea54ea447327cc265,45,135
425,BURIKEPIL,3,16,1,win,1099.500,win,684.375,e4f48482bf55a4d26240208da1fe57024dfefffafc19de3c5f3fd14dbad2cfd5,ff110e96da943a0146cb0448b4013a09d41c79b475d34a884a3f0b7f6e077445,45,135
426,MOROGOJOB,3,16,0,ongoing,1200.000,ongoing,1200.000,b57e0e357079fa22f70be32b12ca16743c8d591f6b5bfda66fcdf8f6b55372ca,097e3ae2ce8b61c51c36dda375e4af49736c67daa595db7d848fdad45a3f96c3,45,135
426,MOROGOJOB,3,16,1,win,364.500,win,252.000,2f8c88ee2f6e1b889ed473354ef7f1ac676031ab5ec8ca391afda67dddbcd49e,10b7757757703b2213f630dd82c26ff9eb7f055fed734522fee1457c26c04386,45,135
427,NIMODOR,3,16,0,ongoing,1200.000,ongoing,1200.000,e16257c2f4471a08116385d2d6efb36801a529c2d03337871b3cfe251c1f1feb,5cc924e2b0f502fd2016be93950aad60dd6c5f947978714d8c7d51a6de424e97,45,135
427,NIMODOR,3,16,1,win,468.375,win,299.500,bf149ae533c941c7a754f6c386da3060968e71e84141a22567c7a8b2650bf4be,d1dbb7a87c5c5abbc8f16a38b41319b4d3eadbdcd3ef2763d831f132f3a81136,45,135
428,BILMEPAL,3,16,0,ongoing,1200.000,ongoing,1200.000,670bc7891e75587aaaea3fe755776306ce4fc6a6b5e17c88dc646c2e951bac3a,375588149634c307bf85eab8dc3366441f4cc82e354c3e0bebadc3766197b932,45,135
428,BILMEPAL,3,16,1,win,370.625,win,353.375,75afdc6f02cd0c7584e80f111af2450b5b3a98b9bb136ba5818cd739dfedbf99,f5657980e1a98c2326eb827292ead16e7221d728df6cf3b99f9570274b312224,45,135
429,RINGDIPERT,3,16,0,ongoing,1200.000,ongoing,1200.000,745e32d3cb856ee1c0dbddfe09b7edb510ad215754d59ca1ffe56535fcc63cc4,bf40d56347038e9f6ceaef4564fd13417c2188f98d0602078eb3abbe059c00c4,45,135
429,RINGDIPERT,3,16,1,win,303.875,win,342.625,a12ddaf4fbed22dabb7a9db7b4823bd221b8a5a45a9137facee509e669769db1,1bbb08d427eea94cea007cbeb9c1b697f6e73c7d341815eff6f5e6478aa1a823,45,135
430,WEAVKOPOUT,2,16,0,ongoing,1200.000,ongoing,1200.000,830d297e18ce6032b9d9bb58ecdc37dde43908fe305894cf8c79ba817be25fef,163214d94e4acc5b19e3fc0ff74f334c9b58155263cb2a5266d345b8ef56b956,45,135
430,WEAVKOPOUT,2,16,1,ongoing,1200.000,ongoing,1200.000,f633c32483e40d4f28595b841310c37d21be09c0271adb5ad8335500dec72d7e,ebb4ef385790492ad6c68e570a96215f0762549983317ad410973d585b0bb35d,45,135
431,ALPQAZT,2,16,0,ongoing,1200.000,ongoing,1200.000,00c87fef46254ff3e5e3ab06b2bed6f854f23e1cba404c46c204e31b8780f131,85fd36a6eed27d302acad6a0ab96f0a4ceea06234cf2479cf987a368650e7d4a,45,135
431,ALPQAZT,2,16,1,ongoing,1200.000,ongoing,1200.000,3d8079fee45c34cb14d2313f602b030858587be4d1f4c32ee4cf6cc981f7018f,c5a4e85276b4363f3570c295852c62271b2c0cba904ce84ac39b2d4e38b4c042,45,135
432,BADEPIL,2,16,0,ongoing,1200.000,ongoing,1200.000,e5e179b51c1f0935dae6fee631205b8203afc1a51afbf0cec6cf8f06d6271acf,79b690b5deb721a529c66788107061688122a1672fb72d8cef6951b42f1946af,45,135
432,BADEPIL,2,16,1,ongoing,1200.000,ongoing,1200.000,8adfe397017d20ec86f4ab6621398f437ad0e974f4face53eb3f862568ab574b,923edc7bb3bc3de547e7d5d1f7a8d56d42322844779792ffab68a3ab3a87c028,45,135
433,IMMGBJOB,2,16,0,loss,791.000,loss,858.750,20356f369df80a43abb71ae8ee09049a50958a11636a4b2e5d0764753583eff7,666167a3adcc7dfb17155c89cdf88a2e4616b0f14b685d8255c1ab152ca4e9d6,45,135
433,IMMGBJOB,2,16,1,win,950.750,win,965.250,0db7fd781dfa88abd550fd224137adbec368dac37d65fe5d22194e8540583149,7750576ab256685a140cafcacd63a3b2b8c4370a98e71c0c314ddcfc7a31de80,45,135
434,HOBINLIN,2,16,0,ongoing,1200.000,ongoing,1200.000,7bab6a611fb99a130fa0e31b2918253724a827cbc8264066908967e953cfba08,5acb32a2bfc406a651315f5fea0458399d5737bfdfa6b4f8e414478fda2cbe07,45,135
434,HOBINLIN,2,16,1,ongoing,1200.000,ongoing,1200.000,26acd501470dbe154bcca0902444230c019d2057f417ae72f5343675e40aa6ce,484ad62e3fd670a18b2b8205ff589561a0c5e31ebe60295b0acc734187774dea,45,135
435,BUGLOPDON,0,16,0,ongoing,1200.000,win,1083.375,399f464a0d1a11685c91e1edf8c9af63535adbb5a4581aa4aa61894582e0846a,440422e40c9e1a9e58c3e74687049e0a0df6019a2d3a239382e835a72d7da864,45,135
435,BUGLOPDON,0,16,1,win,709.625,win,926.125,4ebf97a07a0360947922498f1f2e4fefa431e8c8d56ce98589b1d3f1d4b54bda,707017f0f7d782ed5dbd65a0143c53434cc6da308cfbebc7d0510b5c988a2cc1,45,135
436,SHADYPERT,0,16,0,ongoing,1200.000,ongoing,1200.000,644cb59446ef9ac9ff871b24656844b42c5cdca4d8ce19adbe369a6be8461e76,fb2d5be6260f62e996cc44614230eb64f89817839221aeef8f26755e88d4bc66,45,135
436,SHADYPERT,0,16,1,win,837.750,win,772.000,63844d8a7dd434164ef18df85671200b7755fbe3a08b13286b0c34468a5a9b47,6b8010dc3264e786dc525de46490fdb8770bbb48a4a18edbd36f29eb29027e4d,45,135
437,COROXOUT,0,16,0,ongoing,1200.000,win,1014.750,98658ec4dccbd45387ca5a5f5fc277260223f17351eb579ef52764783dc32217,bb615f1de071d0b4c0e39388244d03ab7df5458b81552395020d3c3a89b0df80,45,135
437,COROXOUT,0,16,1,win,691.625,ongoing,1200.000,76e1122abfc013c367ee25aaafb1d609d8d39db52590a57fa8ea825a6fdcc144,e0dddafc13af4a770e75cc6c7c80024a752d94524675e23bf80b470b5807e02e,45,135
438,BINEAT,0,16,0,win,868.125,win,890.750,a662db8f2a893a8a5bdacd26d822062d6733a28d2187b88522184395ea8b9a63,1024f7fd3a912dee7dd7ab5dd713edf0176ea3db9f1009bd714c201ae00ef57d,45,135
438,BINEAT,0,16,1,win,550.375,win,707.000,f22f21fc8e3b5dd7dbd9fd8d787f49c21c9a35761f0ad023ae9ab1137da3ab1f,ad2d1cc5d85fd38ea3b14a70d7bb9efc4633a40b049bf4a7bc806fb6134ffda0,45,135
439,SADIKEBAR,0,16,0,win,990.250,win,1018.500,1a70a855eb1a53f4bd7dd8ce3f8f2de0ff88471c7c5f05460c6348a766839beb,5e203b156a281078109addd31cca36bb2194ed33f299c07026cd513b03a85d2a,45,135
439,SADIKEBAR,0,16,1,ongoing,1200.000,win,636.375,b27b326fe041a95a79a2329078bcb6ea931ad87ad08f23683114f712c77addd1,66f36baf1d25edd253c3fcd4bc93739d54b3b914cc1d8ebb011c3854f4fb05cb,45,135
440,LOWOGOER,0,16,0,win,576.125,win,683.000,4774f49029e619b3155079d077227d7616eeb99eac5285455109fc9922a4f4d3,60b152a1d6ea8742f0ef42c9302669494ce42cc586f3bced7c53e947c8b84da5,45,135
440,LOWOGOER,0,16,1,win,574.750,win,704.000,535bc71789dcdbb456bab707a6681bbb260958a032276a033a076218e95741bc,e0158f608fa76c927bbb33d96780f5f7b51998e2cc2276584b09ad8f6658ee20,45,135
441,QAZOLIN,0,16,0,ongoing,1200.000,ongoing,1200.000,4eb5dbedde4de11e2df903d8c0a91282d95ae7a41919e013624336fd44a7af22,48c30e241681d3756a11d4f58d4a25a490f44ae1fb965c59f2cd6c8fc6df31be,45,135
441,QAZOLIN,0,16,1,ongoing,1200.000,win,837.500,4d70d5ff1241486d7ea920d8f8af41f6110d5802a25d81b20880e3cf38565388,288a55642b0e5dc32f9b80494f1e1305a3e0078dc0a088556f432c038e61aa42,45,135
442,VERYDEDON,0,16,0,win,774.750,win,1146.375,fc6fe1677f886e4750d1b389f245a1fd4acc356b43683f7afe571d28c2bf67fc,4752b7a394a06f9956c529af7e0e390b775235cbf5a9cedbc95b40d53b0e88a0,45,135
442,VERYDEDON,0,16,1,win,488.375,win,916.625,f452f02e37b702ad7264dfcedda7bc3c716da7a2d1a374cab785ceb58d9b3e0a,2403a17498146b88560c70cb0d1ac581022eab747ac2261f2cc42890217edaaf,45,135
443,MINDIMAR,0,16,0,ongoing,1200.000,ongoing,1200.000,900d355d8980edfdb97373d920d9f1a931c27aab438684a31b7780c400f31176,6d7c1273b39b1b89be94d5432b6c347a288bf8eae919eee65aa33e766b509647,45,135
443,MINDIMAR,0,16,1,ongoing,1200.000,win,1143.875,044341cc10408c45707fc89c77ee7118a2056082060eebf85731e48ed6c543eb,9b187524ba616a6a3e17329965cb44fa68ac1cedd36ebe69937f7b5dd919df88,45,135
444,HAMKOPLUG,0,16,0,ongoing,1200.000,ongoing,1200.000,c82695ced0d33d0cf1ca8531ca5a5cb2ef8c34048f25d5f26cb1b1577014fe16,a2dffe2440b6b9a975deffab893ad6f44518dfd7b14f2bbbfbcb4601d90f46d7,45,135
444,HAMKOPLUG,0,16,1,loss,764.625,ongoing,1200.000,a0a0f33a1abac62d4aa6f65a1273bf5b71d5a722df7582c659c8eac75dd267f6,c0b10aff394f4626e6505e4fced765ad0d9d0092b9830589071cecb2a0f32214,45,135
445,FUTQAZHILL,3,16,0,loss,1031.625,ongoing,1200.000,8f533bc07130bc605c8998e3f9eecaf4ad3ea51be2a8f966e0f60193ff3238d6,b24e2692806bd6a832f8a0256f5a5e06299f9d56015ce5318e6b5bd83bd97529,45,585
445,FUTQAZHILL,3,16,1,win,519.500,win,694.875,6305ae1e5bcc3e5ac0fb2a77aae3675d29fc5f70e1f1b535961052bd3d13f790,3d8f0bb34dbba88f2eb54f15a7458cd79b8fbfeac8cb653fd74747538fcbc905,45,585
446,SUZEBAR,3,16,0,ongoing,1200.000,ongoing,1200.000,baaa1f00cd3b71b3f277327e6c0fcd6675b791fdbdc0d957ffd007986cb6e0cb,e9904f43ea5dfafd446d7dfa89af3c3304eb7ff589642da610e3a1c08119155d,45,585
446,SUZEBAR,3,16,1,ongoing,1200.000,win,852.250,d6995223ca718462dbc7dcc0e1a6b4dd5244af4bbb0db8cb03614c8537144583,7167ab8406b8ee31a66d1f83381cb93aefa1360f50f7105f42c9cf054440be3d,45,585
447,DOUGBER,3,16,0,win,792.500,win,865.250,0412e0d2d5e94a4c220dac77fd2c87f138f0d55dfebc3b3feb631fd771f87183,e3abdc48c210c1f267dc64abb8a95a81fcf19a9c9f1e2d9698ed88c8b2972f77,45,585
447,DOUGBER,3,16,1,ongoing,1200.000,ongoing,1200.000,76316114879347d5899a0d7c9c4dc7e17045347757017fa4657c1088affae423,4c8dcdc34dfdd3680477a705c34f7ce64c63511e2142883f0ad58b4940b6ec0b,45,585
448,SHIINING,3,16,0,win,1127.125,ongoing,1200.000,dee094d5a9878435fd05ac3c333489c2bacfbbfa3d5de08c517a489564014d12,34fb1cf675949cfb35abe8f08c3f2dcc7d2b80d38e77751571cf77b7ee37a146,45,585
448,SHIINING,3,16,1,ongoing,1200.000,ongoing,1200.000,47215b6352458b93a8f1baed81ab76dd8b6590dd46070144bc270648a93342ff,963afe8b4734c0dc5df3215652e62c2cb84cd1e8df8d8934b1cb83eb25fc29a5,45,585
449,HURTSODORD,3,16,0,ongoing,1200.000,win,868.625,9f4a1f1c6d7e50f0980dfaa752a5efe3e4b61fa7cfc09ee0545b782eb38a7c68,68aadd132955aedada7316a33c0559e120cfd8927203f6fb790479b89b41e172,45,585
449,HURTSODORD,3,16,1,win,882.375,win,536.250,95c97ece9b3fc32dfd7fd842bd146896203e8e06562211908fc8d3e31799c7d7,337884261c4dff794229b528cfa023cbfb85524569674b14251893f4383960c2,45,585
450,JOSYMAR,1,18,0,loss,1185.000,ongoing,1200.000,3f743bd15910b2880c33365afad25a1d3ecf11e9d89a091b99e23aa7198d7964,c2ec0e8cd6708cc4cb3fdfdffb4644b524f0d2eb8b434a61ce8fd1c98d8b8046,90,675
450,JOSYMAR,1,18,1,ongoing,1200.000,ongoing,1200.000,6419b5c302a2a4439926415f91998d6f3be3d59454d2fa7f068bd98429fa0c7f,1adec7dcce8a51b8954eb377cba06b02848ee320bd4d9d0685b857fb68f70957,90,675
451,TIMOXLUG,1,18,0,ongoing,1200.000,loss,369.375,12982465bd461b1bcd384d29615bbe24f8628a858b8505f2e964a6daa375937f,3eeb13002f46e1488a056e34b321eeaa9be49f2e7df911827f9bca64e139c5af,90,675
451,TIMOXLUG,1,18,1,win,378.000,win,291.375,a250651f6aa70d05d3a07c721b31ad552f0638d44a903367ee535bc7b882584f,fcd43160bc3e12ec7b78e947cf4c9861570f03911313deb59345c6b80ede6016,90,675
452,CALEAHILL,1,18,0,loss,1187.750,ongoing,1200.000,2b1acebd3e1e6a51afb15dadb946b0046398b4caaae88b19bd02045af68abeda,f72e38c10bd585c31119c71d8d183c749031b12283ecee8c9cbf60b0001f779e,90,675
452,CALEAHILL,1,18,1,win,1098.000,ongoing,1200.000,891d8e87f72b3b2c39743f3935903f11b68172bf6c7bfaaf3ed7c1be0292a62f,2d4b5bb349d34b0dfded866308687ff9cb220c111ed19cb08b4439cf23e5aeac,90,675
453,SCOIKEMET,1,18,0,ongoing,1200.000,loss,1173.625,46f488877558edcabbb30b1b978153dfc8cbc09d3c2f0ba04788ba0d7e6b84ae,e29f2b4400efeadad3f41fbdb71498225b3b3e21dab2773158fbee03990d91e8,90,675
453,SCOIKEMET,1,18,1,ongoing,1200.000,ongoing,1200.000,c79d8f3b1978c11b6b2d1f13d993e4e0e553321c38d77c68eacfeb74544e2f2a,157f7bd637028679d99182f4bc4e19ca1f15550f57737d9aecf1de073fc4dc78,90,675
454,SWAOGOED,1,18,0,loss,1025.250,loss,271.750,65bb0a0b96b96f5f57bfc2ce720a809e366b18985fb70f2ae18545af3376abd1,46290913aa17fff3d91a8f0953453a20b2349d7035313350b827ce795dfcacd0,90,675
454,SWAOGOED,1,18,1,win,907.375,win,380.375,343728906c0dd76b329781a4131f17d9364bff4c82ddb712efd5e27f528eabae,c6d869e314ede64f877e8885b29b084370ff457173b4dbc5ca0f807b769afcc0,90,675
455,KILLUING,0,16,0,loss,364.000,loss,342.125,053bdea07cf3c270736015e02105b0e275ecc8f812b2d58b63b6d8b2e3f07438,d333d22229f6f347c7035b6446c5f6b77471bfdbd1b8885cc60a7efe66edb7b1,135,630
455,KILLUING,0,16,1,win,737.000,win,911.625,ae734ed9b549ae88c82aa3a821491600831fd1009a3e3a3f95a6d5c3f950461f,fddefc1951b2284b0c99fd3ebfefbdaadc11453e9cedd98e1f4025d53f950a58,135,630
456,EOADEORD,0,16,0,loss,314.500,loss,342.750,e34c90ef6a20482a74590012e0814d73b75b6af7751629baf85f280a0d002a78,cb4d1e41e0cd0767cd90cfa6e099eb95b54b73aa57494d4271f6e339dac8026c,135,630
456,EOADEORD,0,16,1,win,221.625,win,354.625,985042e1509b020e321464f994df6d3c538a80e9b9a8e465346a883a3fafa53a,eec45da463d433e8d16c8599315c967eeb93b89764facb05a40ebbb233ff4ad6,135,630
457,BURDICON,0,16,0,loss,358.500,loss,351.750,a3b8dd459b7ff35c02a88a4de3b2981f654c061cd84422b82dc331a856875df9,84a521d6feb6758b2432aaec9f183f0656298fc556bf8a7595d86912b28af0d1,135,630
457,BURDICON,0,16,1,win,542.250,win,566.000,94c6c72995de1c4b6da05b885fde4b415f8440c4cbaec8038ccef650ecc23656,6a04e33124f75f8b2dd8025028c84520b0b56cec0e8f5974e31b934bc8c00afc,135,630
458,MORKOPILL,0,16,0,loss,316.000,loss,344.875,fe2477f9a60877d5ff07ac9e2a463835d6782d7c655fa3ef6e95ec23ac85cada,f617f7165210255937b5dcbc8c6f6884985e1de16a831ac9f9a8b87db99466da,135,630
458,MORKOPILL,0,16,1,loss,659.000,win,706.500,1977dd5a17aa06a125ef9d665dea35acf94d265ba3c80bcc0c1a78f3fb428bc5,67ff1da9fdada3972a119c335b55282607203826ecebea8e15ea876f2b5a2086,135,630
459,NIMQAZTORY,0,16,0,loss,406.750,loss,394.625,26795a7ac9c061af4814d10a8481b616cfd6364abded15206738e311a674c9e8,9324c9d69d0ba7351840c3858a3f03b29268625d07fda555ff781f3af71d815e,135,630
459,NIMQAZTORY,0,16,1,win,908.250,win,709.875,05035b5b82880739108deaebbf3b71f8600d4f2c6eda6ccf42fa156df87a045e,686d2e7443ea1e859bfbeb09d503615a3ef009cd034e8e6d46db13eb3dd584bb,135,630
460,BILEMET,3,18,0,win,245.625,win,211.625,ba29ad111731521d94a57adda6e268327632f3b100892fb0748f2e9060c482e4,e50cc1ab1fe7da0c306402ab06cbfcf4eeef66401674dcc8756af9b15e22bd52,45,495
460,BILEMET,3,18,1,ongoing,1200.000,ongoing,1200.000,0f819cacf95e98e70dbeb092f48c1172497bce99d5dcc1e97dbbf32a20c2bf9b,6652bec8de129b7680b5ffcca66b62a079ad06a074188029166a79c203782577,45,495
461,RINGCEED,3,18,0,win,224.625,win,237.875,540565de4b46c6548db745a82efdd34dd4ca456eb1548230136b2eaf41be51be,f6520a568a04fd656018f4ec81c9867686f099d20f0569606e66827c13fb9e0c,45,495
461,RINGCEED,3,18,1,ongoing,1200.000,ongoing,1200.000,7bc2a924dbbef5c09560d95c914f1cac7559cd09af62a230fde54972cd2944cf,ab7862c728cc4546332730f1658a1e4c8db78c0acf38c220b872ac8d133cfc97,45,495
462,WEAVASHAM,3,18,0,win,487.250,win,211.000,ffd690e7dcdb5662bdc139161fdfb86775431a02138ab54a00940893f9d5d64b,8c22b80e13f77aa4887421198a42c41f436ffd8195ca485d9f1e167dd8adf4eb,45,495
462,WEAVASHAM,3,18,1,win,702.875,win,530.250,5f495ab9940c33cc9865f7bd90d2b2f009be0eb87a7d9f57311b4c2b8bd26db7,3f55dbb4cfda3495a93a51eaaf902262647c0e4ab9148cdef557c54a44090e0f,45,495
463,ALPSODOND,3,18,0,win,224.125,win,245.625,a128b5e798ea2e400565b54437cc22299faadadc49f7a16a3bf3acd91a8d4467,f2f859dd7f4e1c5b32d186a9363b202e241233cee141d1ee2b048b2c29220e0b,45,495
463,ALPSODOND,3,18,1,win,241.500,win,1028.125,c2ba08df487064e3842bcbf569c746daaeef2500ba25e3417d79510ea6f56b1e,93f243ffdbd666b9d02d3445a246565cf4060fbef9dd39df2c4e86990b668ab4,45,495
464,BADYCON,3,18,0,win,244.875,win,192.125,d77aa8f23c26448c57b2cfa5f83a09a8c49ffdc637a1f0353e5c4d678ee52fb3,36ff024aaf2ea38bd70122bdb25ebe168acbf48a9f64fc5b6df0cf03b69514a0,45,495
464,BADYCON,3,18,1,ongoing,1200.000,ongoing,1200.000,4340c9d1abc792de647cb284b4a78bf5a817b8e7945c2de39fb01d09c809ccda,3c55580794285ece62dccb86ce54ecd3a824a9b9403d5f68bd75d999ebcf4db7,45,495
465,IMMOXILL,1,10,0,ongoing,1200.000,ongoing,1200.000,769377497ca2525f5ca4a8945aaa37a68d33dd600c5fbd30c6f53cc5f69b5c2a,ab20ae3fc3093e90e3964658ec959633eb926fb13b02a707b735542dd9702a96,45,450
465,IMMOXILL,1,10,1,ongoing,1200.000,win,770.750,ef2e595a9e857f856e156c149388b303db92b7e22f2a856a0aa88258e3a9c7da,abfb548d1986327888c559f4fd4aca0aac8c9b2a7c4e6223f150047d92d028db,45,450
466,HOBEATORY,1,10,0,ongoing,1200.000,ongoing,1200.000,2d22c06d516a3c6d9a95aaba2a1c54932e63cf0f99ca1e006e9a524b087590ed,3475afdf4962e021db53762ec633f5371b07af08e6d35abf218561c4c59432f1,45,450
466,HOBEATORY,1,10,1,win,644.000,win,888.500,4f29176e4301d3320c292e581b9273dc6e013297cd2c177eddc705f6072edb93,9d085f56b7f5dffdbbfd9729f5e3482edceb7cb15e9a513a72a4c52f236c9112,45,450
467,BUGIKEEND,1,10,0,ongoing,1200.000,ongoing,1200.000,b82aec56e08c7b2969066c4fa30430328db44b7c31a3db2a0b8af28cc7080b8c,a2f2fc8f9c35ecd05e8f50eb32a4b3e9c85c5778c593aebc6bd7b4cdd4c49a44,45,450
467,BUGIKEEND,1,10,1,win,1128.625,win,597.875,6e70f72210ef3c542444a60996b10dc4492de3ae9386303c11f650533baa9696,3514e9ed88428c1eaa3a7a3bda6d152d281dce66422b6ea465a8abf4ff8992be,45,450
468,SHADQUEME,1,10,0,ongoing,1200.000,ongoing,1200.000,885254c45b88ac4d7b5034432a119223f8e014ad173f3e25a3d6c6dad3c7f686,04ed3c7ca0f8ef2181510f75a2db4c722ea26839bad640472e410c8e803a3810,45,450
468,SHADQUEME,1,10,1,win,890.625,win,730.625,66cf25eae1fdd25c7a6d7848acb17746671ec9ff7cd00ad9fecf2465422805cb,0bc6193d8bb01d65608ff7f5e27327e48dd67ab410d737f7c6e8515e2e8c3847,45,450
469,CORUHAM,1,10,0,ongoing,1200.000,ongoing,1200.000,1c3a10eb6d774a362b441b3336ebf59fa46721c63cd17e3689cad9a904a15b87,01d3d84a616e0a5ce37aeb41b7daa44c307950b82bd4baa609f3978946e3eb95,45,450
469,CORUHAM,1,10,1,win,898.000,ongoing,1200.000,4d39b4a176e8e16513cb868d96d174b27d5361a1c802c69e2fc0b97791280822,8ec7f469984cff5237fcdce2ce3e4fe937a60dee427e4f90151edb2decf7adfb,45,450
470,BINDEOND,1,1,0,win,578.000,win,585.625,07c61b960975dcc7ea69a5797ffb50e8ea90238b7fe097d216634e898f8c191d,00901af03bbc5e65434e7d283d6cce41258e9266bee3c9d0d4e0b561f6b7cdb4,1350,1350
470,BINDEOND,1,1,1,ongoing,1200.000,win,808.000,c61328ee9ae06b279f832f8c35ba7c4d3c062914ab323d9ea664da3c6455773d,51b644c54f5391bb05cf90973c7e989a99219ac2ff6ebc6183d4e6dea9eede2c,1350,1350
471,SADDILOW,1,1,0,win,623.000,win,290.750,a7d2b5ef1a452b137ba6dfc4a1bb65a88235b79d488222b133cb68cd4e317150,083634f5e549e360bb2f4e27377738e5c1a62155488a270d2db1da6d2916ae4c,1350,1350
471,SADDILOW,1,1,1,ongoing,1200.000,win,346.500,017c682c48e31607263f997d0ab7b58ca0aad1cb7dc245c95bc8877ce0cc2f0f,63cb5d49362f2e326f3f188636cb90d8a5627345d8c4b1b0add9176f821d7555,1350,1350
472,LOWKOPICK,1,1,0,ongoing,1200.000,win,890.750,e5262ceadbde26b2395ac377d6d5d6a9ac303426d3c1cd40297de07c91f0d20d,50693f4159d6d601f1261e2904a32c6f6b764a568279750d481bf634712488e5,1350,1350
472,LOWKOPICK,1,1,1,win,1180.375,win,523.750,c5a81c2d773a4592c79cb4582c7020c52144d6cda5aa3cc32b5c5b9108f4a550,71a77bcac0e29b9a82c836201d7608ca794f50926679528be30f5c5f4b283848,1350,1350
473,QAZQAZHOLE,1,1,0,ongoing,1200.000,win,990.625,bd5fe15272b6a0ea26f5637e0ec6cdba73a0468c64d17135974816be830b5473,f4868541a766636d7c7bf7ee52082ce8505a91bc6073ef14bc6c64dc9af01459,1350,1350
473,QAZQAZHOLE,1,1,1,win,473.250,win,545.000,4e78861cdaa5522b1446b5b0c3d73bf37bd5a99f32f6f58dec09e3c6b502e455,c2d70ca3e8fae5c13fbb02668aa400821499016402f35afc797f6cc234dd281c,1350,1350
474,VERYIEND,1,1,0,ongoing,1200.000,win,748.750,090e54d123a63d9ee65a472af126f0880b53f332cf5ae0e634279e17e28f9a06,1776ec6280f0287f5a9dbb47a9600dd808fc704cbf39e4933102eadc152839d2,1350,1350
474,VERYIEND,1,1,1,ongoing,1200.000,ongoing,1200.000,2e0bae796ad6d395db00a0ea23e33783a994f4235200a06b78788143419f68a8,8c2049d466ca9b6dc0354b086f9d630cdff8a1aef78a45375afa7d1fe376a82e,1350,1350
475,MINCEME,1,1,0,win,620.250,win,264.625,2467b9997e6952bcac34374785b4ad352044c1bf899c638f443c3222db8fe4aa,460055d62f9ac5c607933ccc487af41a51655966db47bdc2e3fba6bd4c124492,1350,1350
475,MINCEME,1,1,1,ongoing,1200.000,win,923.500,e27368b4147dc51cec387b8ba757335a9d8ccf6c76aa5c7f6ef35e564260e238,e5ca8d85143fbf3ef0081ec2c82b183cbd0ef0dfc458d9129fd64e1eb785cba1,1350,1350
476,HAMASOLD,1,1,0,ongoing,1200.000,win,550.250,241756546873b51dd48d0cba2ae53abde4cd6aafff4a047fedaba6b7e5cf02e7,75d90f6b72ffa7212efe79be2ab8b60c135ad66c594531b313e294d36dd737e6,1350,1350
476,HAMASOLD,1,1,1,ongoing,1200.000,win,671.500,a6967930bce1ab82ad53feba5f67728100a8c8106bdaa6a62307427e7ac1d1f5,aa311c9b9d1ec0361442b442c8ea421b35d6c5eff5dbb97e20582418d60fac8a,1350,1350
477,FUTSODBOY,1,1,0,ongoing,1200.000,ongoing,1200.000,4a66156064112bff1acda5bc60ad93abdef95ba5dff1915f4f2b1f4460466859,58fdabb971d20de0a385258b13cb4d16e737cdd307a2bee8444ae1cea83407b9,1350,1350
477,FUTSODBOY,1,1,1,win,1006.000,win,312.125,973f50ec8e94d0f0f7b3fb5fe3eaf0b32a098eaae8de3690e9b6ed80bd225e4f,54e1cff1bff4192acc13be3332b998c4d68e745ef451e7518bd38d5579d63372,1350,1350
478,SUZYLOW,1,1,0,ongoing,1200.000,win,769.000,a8e4d0765e4d332b2ea7be7b677aeb54e243b4b355da2d5725415d29abcfde7b,4bea0aa7fb315c23fa89b35964e2327d59f2fc55256e4a903a6da648755f87e5,1350,1350
478,SUZYLOW,1,1,1,ongoing,1200.000,ongoing,1200.000,dcc926a0d81cb9aa40d73212ce6f97a00f6e33789aaa06dab2ce833d58ded36a,3f5e9e269efff78e6757946b9346a778a77483ecbc5a1ffb30caa37aaf1fa487,1350,1350
479,DOUOXICK,1,1,0,ongoing,1200.000,win,349.375,bdfc98d592d5de4c367f14da57d2b08592f593e8c92f01d60de23eb872708396,3c3b6036b31f2dd05ecaa8627fcedef0f7e610366cb62f725df988c215b81bad,1350,1350
479,DOUOXICK,1,1,1,ongoing,1200.000,win,969.500,a9b21b3afe6ffa878f5013a51762520db63cfc8a1d72dee9b79cf3db17350200,a8f6c3d0e201a96f301b8714fa384092b1a0969a4295e295fa87a5e438dedf8d,1350,1350
480,SHIEAHOLE,1,8,0,ongoing,1200.000,ongoing,1200.000,2d51d18e81fe393bdf85ecde26d58b222914779e2fd70b822df867cfbaf11b07,5853c766ce30a100784898f3c89aaa908c86f265c75b75088d2fa07727e8bf29,225,225
480,SHIEAHOLE,1,8,1,ongoing,1200.000,ongoing,1200.000,ed1beef56f3bb33d105d6355ab5facce1ededb200294b7a8a8f3aad4bbd96276,a7a6580e83e9945464767054543e44dbe80abec35352b4591d7828db6622c20f,225,225
481,HURTDIELAS,1,8,0,ongoing,1200.000,ongoing,1200.000,7f499e754e66b7fe4fb6625a10ff3fe9b6f8c867599c511bfb9bf5257b1cb0cd,2675ce14b6729f2a9851ef6b6047c70f3eeee720c32b6795e5662b5f6980335a,225,225
481,HURTDIELAS,1,8,1,ongoing,1200.000,win,726.250,e1a4a65531058115b7793d789a468ce47ac90c98732383023706dcaacc37cb1c,15d93275326f40042e4870a9eb01db0f76e50b52fa178c85f8b285cc6b969026,225,225
482,JOSQUEAL,1,8,0,ongoing,1200.000,ongoing,1200.000,1a8b59a1a3e72f6f5087c2e0809a0d6d12f3775189eb5c55b789a718760355f9,fb1d34552f1715ddd19e6ecff8d7a76ac8d6dbcb768ac290dc25c39ef44e9551,225,225
482,JOSQUEAL,1,8,1,win,809.750,win,1000.250,7c6b6ba57e77c5b984948e7e2dd9364837261c509a6e0b896c410ad54885aae6,e5d22a2d679913a5643a0ad5d49c1f50261eecd2694b0dc1328df3b49ac658a9,225,225
483,TIMUOLD,1,8,0,ongoing,1200.000,ongoing,1200.000,7b5900ecd120b71b3a3c9e742cf49a683ec7e6520e9f6d6042851520d0f193cb,022f15d3253a80f539ec94b5c507a21700f538da1fb002bb709be687790d132e,225,225
483,TIMUOLD,1,8,1,win,450.375,win,505.250,93e96b1c1a7956e6875a54a0acf8c3dbb5be039d23cb57ae63f6c2fd5cecac46,d66e047a02bf0e8cf54b41de1034c04f3c163dcb367f0a088b2bcc4d053d612b,225,225
484,CALDEBOY,1,8,0,ongoing,1200.000,win,1052.875,6c7a78715c9531593a8497343dce3ed5435f3910e480750e945d22e704a4085b,7abd55e814de5ec321d69cacc2ad8d2709530735958f1f1d3249f1e16b199128,225,225
484,CALDEBOY,1,8,1,ongoing,1200.000,win,681.875,4d541bbe48f2fb1216e7acc834f869497abf76951fb01273d766cccb0ea90307,16b84e56c12db2d4bc2c5214b6270d4708c2adf4d5b3dda4d06aa264bf925e1c,225,225
485,SCODIDOR,3,10,0,ongoing,1200.000,win,856.875,3d143829d04b4961af9a18cea04fd7cc3570acfdd49c9f3c9bb1acdd77472f52,0ab8cd832334ad93c6dbb08ed6d48d0e37deff315f3ca2fdc6805d82a7f61b55,225,135
485,SCODIDOR,3,10,1,ongoing,1200.000,ongoing,1200.000,9e41fe28030801c48afd69dfb3f8b9e07dedcb85d6e503445d523106436d07dd,14896911938b04f832c06da67e1e2b4b1798cbe0f2067ebd460b80cb28874496,225,135
486,SWAKOPPAL,3,10,0,ongoing,1200.000,win,539.000,87a02d5c9c738420b5c8b0090b9696d251db9af116e644796cf218fa1f585b2c,fb5be5c42ff3e25ecd46ed9a92a113a23953f7d437705fc3a26bc2929e06c390,225,135
486,SWAKOPPAL,3,10,1,win,500.250,win,942.375,054bbd5ea5656f83a9ea58ab3b1ade5ad57fdd7236781f359ab4105996b43e2e,1ca8d69df3ae63bf411d530e33e18a9dee5db70c14994bf8f47dd3b91315150a,225,135
487,KILLINGPERT,3,10,0,ongoing,1200.000,ongoing,1200.000,239de8067f387361d8ac2c94e2d830e967a2fbb5656ffcc369df0927e9340899,446d0fea920a8692e1fce17b24dec7518904a2fb99bd0d07f62966a1f598c60e,225,135
487,KILLINGPERT,3,10,1,ongoing,1200.000,win,896.375,06a2a7e6f20c1ffbeb2f2b712e83bc52a0649fddef745b96c50d262eb27da52b,939a13dd8bf8393ea679c73a32268b058813b7c51e15e401326aaa708750f7ac,225,135
488,EOAILAS,3,10,0,ongoing,1200.000,ongoing,1200.000,64f598d86bd8fc09ed57b2fac3a4a15ace947f75508947023266727a1a6c680c,84b47a162cc8988afec8d382d97879bc3f1ca607c8ad79fc1e7152520c7bef83,225,135
488,EOAILAS,3,10,1,ongoing,1200.000,ongoing,1200.000,6f43c0271a7afc27653aeb01f2ece07ac56073864cf2751478aab15125ff8e28,440aec787c21deb426ad73c3d5f66c118c9bc8eef4d414f7fb977701ff8992b9,225,135
489,BURCEAL,3,10,0,ongoing,1200.000,ongoing,1200.000,2d4f5488addfcc136f2f6b989f1e206d97c87d7ec5b4142e1ddf8621c603c18e,7eeba9374ab34ed9f23a1b6fd4a9fba2b51cb9be006d3240b2255b7892243280,225,135
489,BURCEAL,3,10,1,win,1068.625,ongoing,1200.000,d6b877b26d2cf7d9e0733551dca71cea27eacf66bbbdb3a94838c78d597a3a78,91e822715c23bfe33df29dd37b65805b5c62a4a62278bab6103f097bcb4e93ec,225,135
490,MORASPIL,1,16,0,loss,1131.500,ongoing,1200.000,b61ae486f1dbd59606b7488d72810d7d0bfa3cd515d39cd32d0fd53331c4a78b,18373fa833e49f0f23fc6b388760edb05a6a348220daca9859f32b0c01abe74d,45,585
490,MORASPIL,1,16,1,ongoing,1200.000,ongoing,1200.000,a3f256217807a6ddad6b6f92f1a3e526b14315c61a2924b3d36a071e39b00afc,42d1ecef8039e3248a9bb9432bdfa49cf9aa95045f0a1a467de00077bb272e47,45,585
491,NIMSODJOB,1,16,0,loss,844.750,win,983.000,f60085a80a15895494b9197809787a78b67beae5c450a6d5df21298b2355062a,51d830af4bcae13d0960d9394c4e755c6d08ff215a646a8661f4e75808068f2b,45,585
491,NIMSODJOB,1,16,1,win,602.375,win,298.750,d1c1bfbd2a750d87dc909a582eabb690a672b4bf52eb183a406edfb6010b7a8a,9d1dd42c5dc4ee57c7a4ba3a94362351374114eff3834b890bae8efffbaa0a87,45,585
492,BILYDOR,1,16,0,ongoing,1200.000,ongoing,1200.000,d68966f78a3e2cf511821b2b20c0b9ae76b5687a0e5c0839fa28b259c11199fc,d017231b91b44c8e1eb718d493558d4af0bf2b091807c10757bd136fe04495a7,45,585
492,BILYDOR,1,16,1,ongoing,1200.000,win,420.375,0eff90f7e06b10cbcf44ee2fbd930abc48c111a7062728c687024a43847ecdc4,1eb8ff1a4d77d20e8ccb98aff0b5795107b0f6dbcd6704c10547a096ac1b60fd,45,585
493,RINGAPAL,1,16,0,ongoing,1200.000,win,1064.625,f7eea43eb520412bb7e22bee82d3e682ce3f94baa86dc17de0fa1328143e51c7,fdde4f52c8237083cac57c9531afe5985236e0b6217b1eaa2f5295902a11b044,45,585
493,RINGAPAL,1,16,1,win,556.750,win,460.500,af94141f235e06b24e49b411ce368553ec982c494d83fcbf477a43506c5eb6b3,3e410c24130e8de6e5270f8d108a1341769ed8ced5f735af784274479c98a93d,45,585
494,WEAVUSPERT,1,16,0,ongoing,1200.000,win,996.000,38f24aa34b736cbd6414e735fedbb1c40aad2158226078cc5d619576079762fb,18492071f0711e3985a0873216c5254fe22ffdead9dca7b6483d937d2aeed8d3,45,585
494,WEAVUSPERT,1,16,1,win,895.875,ongoing,1200.000,253826968d1e0e5ab0287a1e25a6087a00503c4d363629ae46991db3d556477a,c6fc39dc4f64130b39d9ecff362205445191a649aedaeca31deecbccb62805c9,45,585
